step,policy,seed,failure_scenario,coverage,active_drones,mean_energy,hives,connected_hive_fraction,exploration_depth
0,carrier_only,7,0,0.007291666666666667,24,32.0,1,1.0,10.523415570254752
1,carrier_only,7,0,0.009375,24,32.0,1,1.0,11.03811125843981
2,carrier_only,7,0,0.011226851851851852,24,32.0,1,1.0,11.744940399351227
3,carrier_only,7,0,0.012962962962962963,24,32.0,1,1.0,12.56225772201615
4,carrier_only,7,0,0.015393518518518518,24,32.0,1,1.0,13.216748133429373
5,carrier_only,7,0,0.017361111111111112,24,32.0,1,1.0,13.935300605601844
6,carrier_only,7,0,0.019212962962962963,24,32.0,1,1.0,14.59213979231648
7,carrier_only,7,0,0.02141203703703704,24,32.0,1,1.0,15.329010437758837
8,carrier_only,7,0,0.02326388888888889,24,32.0,1,1.0,16.492619252676096
9,carrier_only,7,0,0.025347222222222222,24,32.0,1,1.0,16.97735321501842
10,carrier_only,7,0,0.026851851851851852,24,32.0,1,1.0,17.5445651002802
11,carrier_only,7,0,0.028587962962962964,24,32.0,1,1.0,18.429691372581278
12,carrier_only,7,0,0.031018518518518518,24,32.0,1,1.0,19.629102636323275
13,carrier_only,7,0,0.03356481481481482,24,32.0,1,1.0,20.197718342843338
14,carrier_only,7,0,0.03599537037037037,24,32.0,1,1.0,21.44971808098547
15,carrier_only,7,0,0.03831018518518518,24,32.0,1,1.0,22.294080655826384
16,carrier_only,7,0,0.03981481481481482,24,32.0,1,1.0,22.983055208268944
17,carrier_only,7,0,0.04212962962962963,24,32.0,1,1.0,23.69021605450056
18,carrier_only,7,0,0.043287037037037034,24,32.0,1,1.0,24.11127115165771
19,carrier_only,7,0,0.04594907407407407,24,32.0,1,1.0,24.944658357586466
20,carrier_only,7,0,0.047453703703703706,24,32.0,1,1.0,25.381683262762692
21,carrier_only,7,0,0.049652777777777775,24,32.0,1,1.0,26.329050614795083
22,carrier_only,7,0,0.05219907407407407,24,32.0,1,1.0,27.42821943157296
23,carrier_only,7,0,0.053703703703703705,24,32.0,1,1.0,27.72007144558275
24,carrier_only,7,0,0.05555555555555555,24,32.0,1,1.0,28.467770222375133
25,carrier_only,7,0,0.057060185185185186,24,32.0,1,1.0,28.96007714621999
26,carrier_only,7,0,0.05949074074074074,24,31.99979361535455,1,1.0,29.29401793969977
27,carrier_only,7,0,0.06157407407407407,24,32.0,1,1.0,30.170666051322147
28,carrier_only,7,0,0.06435185185185185,24,31.99790673439996,1,1.0,30.947602744364886
29,carrier_only,7,0,0.06701388888888889,24,31.993420095161422,1,1.0,31.477446794092042
30,carrier_only,7,0,0.07013888888888889,24,31.975769937139876,1,1.0,32.6148471663465
31,carrier_only,7,0,0.07256944444444445,24,31.963314114215052,1,1.0,32.934657379136134
32,carrier_only,7,0,0.07615740740740741,24,31.94892271940779,1,1.0,33.30041588318566
33,carrier_only,7,0,0.07847222222222222,24,31.9316896404727,1,1.0,34.01750430731918
34,carrier_only,7,0,0.08252314814814815,24,31.895858093524065,1,1.0,35.17316751877583
35,carrier_only,7,0,0.08599537037037037,24,31.862947829561637,1,1.0,35.95546165909636
36,carrier_only,7,0,0.08923611111111111,24,31.81704947423255,1,1.0,36.48375013323566
37,carrier_only,7,0,0.09270833333333334,24,31.762298806972392,1,1.0,37.26882315168717
38,carrier_only,7,0,0.09513888888888888,24,31.723207609835466,1,1.0,37.985737501768945
39,carrier_only,7,0,0.09780092592592593,24,31.66296860431523,1,1.0,38.32043125096964
40,carrier_only,7,0,0.10104166666666667,24,31.601608790480157,1,1.0,39.52432453465373
41,carrier_only,7,0,0.10300925925925926,24,31.52787883009694,1,1.0,40.150930056960796
42,carrier_only,7,0,0.1068287037037037,24,31.447819791062027,1,1.0,41.20279672355951
43,carrier_only,7,0,0.11018518518518519,24,31.373158762200593,1,1.0,41.768734519449914
44,carrier_only,7,0,0.11331018518518518,24,31.282745983169963,1,1.0,42.665280111362875
45,carrier_only,7,0,0.11724537037037037,24,31.15761081563471,1,1.0,43.35363098658913
46,carrier_only,7,0,0.12164351851851851,24,31.04756430543942,1,1.0,43.7690344923435
47,carrier_only,7,0,0.1258101851851852,24,30.913554630898687,1,1.0,44.55570509035923
48,carrier_only,7,0,0.1292824074074074,24,30.76011294352747,1,1.0,45.1332874950659
49,carrier_only,7,0,0.13391203703703702,24,30.612594505779402,1,1.0,45.55648578748018
50,carrier_only,7,0,0.13703703703703704,24,30.455732838368146,1,1.0,45.90084384740779
51,carrier_only,7,0,0.14108796296296297,24,30.284341470358854,1,1.0,46.86126469989392
52,carrier_only,7,0,0.14444444444444443,24,30.058197060409498,1,1.0,47.35877706036255
53,carrier_only,7,0,0.14884259259259258,24,29.88056531388276,1,1.0,48.54610754936862
54,carrier_only,7,0,0.15219907407407407,24,29.66832918874191,1,1.0,48.999699239678066
55,carrier_only,7,0,0.1553240740740741,24,29.442962331148937,1,1.0,49.84531286767624
56,carrier_only,7,0,0.15833333333333333,24,29.22304010766713,1,1.0,50.70974577924881
57,carrier_only,7,0,0.16111111111111112,24,28.969715093257236,1,1.0,51.22862528953827
58,carrier_only,7,0,0.16516203703703702,24,28.693454141382205,1,1.0,52.355360766254186
59,carrier_only,7,0,0.16805555555555557,24,28.449197469411832,1,1.0,53.03954963495062
60,carrier_only,7,0,0.17210648148148147,24,28.177609344859547,1,1.0,53.710203442475326
61,carrier_only,7,0,0.17592592592592593,24,27.904197269045458,1,1.0,54.28142856654462
62,carrier_only,7,0,0.17997685185185186,24,27.599247047366536,1,1.0,55.00193928437177
63,carrier_only,7,0,0.18344907407407407,24,27.32482562743859,1,1.0,55.26863765991854
64,carrier_only,7,0,0.18715277777777778,24,27.025970219247835,1,1.0,55.971329412337745
65,carrier_only,7,0,0.19166666666666668,24,26.70846372779863,1,1.0,56.4090959700304
66,carrier_only,7,0,0.19502314814814814,24,26.389039930752034,1,1.0,57.222687955875244
67,carrier_only,7,0,0.19814814814814816,24,26.07996530219908,1,1.0,57.832229381432
68,carrier_only,7,0,0.20173611111111112,24,25.75899319447348,1,1.0,58.41035699899273
69,carrier_only,7,0,0.20555555555555555,24,25.421147480426153,1,1.0,59.36636307782991
70,carrier_only,7,0,0.2101851851851852,24,25.05979676245617,1,1.0,60.26379425276526
71,carrier_only,7,0,0.21307870370370371,24,24.693290565913966,1,1.0,61.413562398494115
72,carrier_only,7,0,0.2167824074074074,24,24.35010846132506,1,1.0,61.99434416883704
73,carrier_only,7,0,0.2207175925925926,24,23.994158513451925,1,1.0,62.79765263105171
74,carrier_only,7,0,0.22430555555555556,24,23.63317105567584,1,1.0,63.654051685740384
75,carrier_only,7,0,0.2283564814814815,24,23.289588423785602,1,1.0,64.48045343526219
76,carrier_only,7,0,0.23159722222222223,24,22.91254522175249,1,1.0,65.2739895815521
77,carrier_only,7,0,0.23472222222222222,24,22.550268583062195,1,1.0,65.85227633252535
78,carrier_only,7,0,0.2380787037037037,24,22.155995295986457,1,1.0,66.5822351127795
79,carrier_only,7,0,0.24166666666666667,24,21.75681377925476,1,1.0,67.3418655264569
80,carrier_only,7,0,0.24444444444444444,24,21.382801298360267,1,1.0,68.06662319304556
81,carrier_only,7,0,0.24722222222222223,24,21.002758464966234,1,1.0,68.34223472507314
82,carrier_only,7,0,0.2501157407407407,24,20.617063375867616,1,1.0,69.11946684247592
83,carrier_only,7,0,0.25381944444444443,24,20.224002740400206,1,1.0,69.95944946362106
84,carrier_only,7,0,0.2574074074074074,24,19.829691148288067,1,1.0,70.99055360862621
85,carrier_only,7,0,0.26087962962962963,24,19.42039951230665,1,1.0,71.67235546349926
86,carrier_only,7,0,0.2633101851851852,24,19.019360075970056,1,1.0,72.66825997181934
87,carrier_only,7,0,0.26643518518518516,24,18.612629229030876,1,1.0,73.4344923410364
88,carrier_only,7,0,0.27037037037037037,24,18.212811995545415,1,1.0,74.09946676529844
89,carrier_only,7,0,0.2730324074074074,24,17.804897239909838,1,1.0,75.1975754189111
90,carrier_only,7,0,0.2763888888888889,24,17.3930475399595,1,1.0,75.99948772157845
91,carrier_only,7,0,0.2796296296296296,24,17.00736408309808,1,1.0,76.86797636139357
92,carrier_only,7,0,0.28217592592592594,24,16.61726615470353,1,1.0,77.73308774530653
93,carrier_only,7,0,0.2863425925925926,24,16.1954126240294,1,1.0,78.7826495225632
94,carrier_only,7,0,0.2896990740740741,24,15.784471713864933,1,1.0,79.40908771473369
95,carrier_only,7,0,0.29247685185185185,24,15.380726497489212,1,1.0,79.63353644056119
96,carrier_only,7,0,0.2962962962962963,24,14.966983809236732,1,1.0,80.70248414851437
97,carrier_only,7,0,0.29965277777777777,24,14.572411644104262,1,1.0,81.73636886824266
98,carrier_only,7,0,0.3019675925925926,24,14.151253964263729,1,1.0,82.48730222624849
99,carrier_only,7,0,0.3055555555555556,24,13.752014059740384,1,1.0,83.41825726478886
100,carrier_only,7,0,0.30925925925925923,24,13.334962660927332,1,1.0,84.35244378349877
101,carrier_only,7,0,0.3128472222222222,24,12.93145688788686,1,1.0,85.48490276405829
102,carrier_only,7,0,0.31689814814814815,24,12.527660959726065,1,1.0,86.45627104816896
103,carrier_only,7,0,0.32083333333333336,24,12.136260716528255,1,1.0,87.49124219613435
104,carrier_only,7,0,0.3241898148148148,24,11.732278377860617,1,1.0,88.01295062452674
105,carrier_only,7,0,0.32881944444444444,24,11.295031050702741,1,1.0,88.52855544609768
106,carrier_only,7,0,0.331712962962963,24,10.907650537473431,1,1.0,89.65418539861128
107,carrier_only,7,0,0.3355324074074074,24,10.500711721899451,1,1.0,90.3831043517807
108,carrier_only,7,0,0.33969907407407407,24,10.080978272866309,1,1.0,91.47608375688924
109,carrier_only,7,0,0.3423611111111111,24,9.675172596948839,1,1.0,92.30503809167526
110,carrier_only,7,0,0.34594907407407405,24,9.269954469983777,1,1.0,93.54433504633806
111,carrier_only,7,0,0.3494212962962963,24,8.88638642537307,1,1.0,94.29704148749947
112,carrier_only,7,0,0.3523148148148148,24,8.461943095159043,1,1.0,95.27483235505494
113,carrier_only,7,0,0.35636574074074073,24,8.055016105239948,1,1.0,96.08502631955514
114,carrier_only,7,0,0.359375,23,7.9776608780829505,1,1.0,97.3145747388553
115,carrier_only,7,0,0.36261574074074077,23,7.55328695675771,1,1.0,98.43333363910776
116,carrier_only,7,0,0.366087962962963,22,7.463817644911131,1,1.0,99.16524727409734
117,carrier_only,7,0,0.3704861111111111,22,7.045917824303595,1,1.0,100.18901400379032
118,carrier_only,7,0,0.3734953703703704,21,6.963620682296003,1,1.0,101.16185838424641
119,carrier_only,7,0,0.3770833333333333,21,6.548428148524088,1,1.0,101.16185838424641
120,carrier_only,7,0,0.37939814814814815,21,6.145496245848948,1,1.0,101.16185838424641
121,carrier_only,7,0,0.38252314814814814,21,5.728913165065424,1,1.0,101.16185838424641
122,carrier_only,7,0,0.38472222222222224,19,5.888178012898603,1,1.0,101.16185838424641
123,carrier_only,7,0,0.38796296296296295,18,5.781539841091729,1,1.0,101.16185838424641
124,carrier_only,7,0,0.3903935185185185,18,5.333856350317954,1,1.0,101.16185838424641
125,carrier_only,7,0,0.39386574074074077,18,4.886230113754376,1,1.0,101.16185838424641
126,carrier_only,7,0,0.3957175925925926,18,4.49804370921892,1,1.0,101.16185838424641
127,carrier_only,7,0,0.39814814814814814,18,4.076043315809874,1,1.0,101.3058435172764
128,carrier_only,7,0,0.4008101851851852,16,4.140629523498703,1,1.0,102.30235484310883
129,carrier_only,7,0,0.4023148148148148,16,3.7444692437021074,1,1.0,102.30235484310883
130,carrier_only,7,0,0.4047453703703704,16,3.3488579173283943,1,1.0,102.30235484310883
131,carrier_only,7,0,0.4063657407407407,15,3.1497756295929755,1,1.0,102.30235484310883
132,carrier_only,7,0,0.4082175925925926,14,2.9514109021059776,1,1.0,102.30235484310883
133,carrier_only,7,0,0.41041666666666665,14,2.5223296821574457,1,1.0,102.30235484310883
134,carrier_only,7,0,0.41238425925925926,11,2.7045388421240903,1,1.0,102.30235484310883
135,carrier_only,7,0,0.4131944444444444,11,2.2735443806764852,1,1.0,102.30235484310883
136,carrier_only,7,0,0.41388888888888886,11,1.8830387330395757,1,1.0,102.30235484310883
137,carrier_only,7,0,0.4149305555555556,10,1.639216488954553,1,1.0,102.30235484310883
138,carrier_only,7,0,0.41550925925925924,8,1.5411590212653097,1,1.0,102.30235484310883
139,carrier_only,7,0,0.4167824074074074,7,1.377110454274303,1,1.0,102.30235484310883
140,carrier_only,7,0,0.41747685185185185,5,1.4328976304245833,1,1.0,102.30235484310883
141,carrier_only,7,0,0.41782407407407407,4,1.3759122111766815,1,1.0,102.30235484310883
142,carrier_only,7,0,0.4179398148148148,4,0.9595859360069511,1,1.0,102.30235484310883
143,carrier_only,7,0,0.418287037037037,4,0.563089277767724,1,1.0,102.30235484310883
144,carrier_only,7,0,0.41875,2,0.36503654209963404,1,1.0,102.30235484310883
145,carrier_only,7,0,0.41909722222222223,1,0.03456954259794609,1,1.0,102.30235484310883
146,carrier_only,7,0,0.41909722222222223,0,0.0,1,1.0,102.30235484310883
147,carrier_only,7,0,0.41909722222222223,0,0.0,1,1.0,102.30235484310883
148,carrier_only,7,0,0.41909722222222223,0,0.0,1,1.0,102.30235484310883
149,carrier_only,7,0,0.41909722222222223,0,0.0,1,1.0,102.30235484310883
150,carrier_only,7,0,0.41909722222222223,0,0.0,1,1.0,102.30235484310883
151,carrier_only,7,0,0.41909722222222223,0,0.0,1,1.0,102.30235484310883
152,carrier_only,7,0,0.41909722222222223,0,0.0,1,1.0,102.30235484310883
153,carrier_only,7,0,0.41909722222222223,0,0.0,1,1.0,102.30235484310883
154,carrier_only,7,0,0.41909722222222223,0,0.0,1,1.0,102.30235484310883
155,carrier_only,7,0,0.41909722222222223,0,0.0,1,1.0,102.30235484310883
156,carrier_only,7,0,0.41909722222222223,0,0.0,1,1.0,102.30235484310883
157,carrier_only,7,0,0.41909722222222223,0,0.0,1,1.0,102.30235484310883
158,carrier_only,7,0,0.41909722222222223,0,0.0,1,1.0,102.30235484310883
159,carrier_only,7,0,0.41909722222222223,0,0.0,1,1.0,102.30235484310883
160,carrier_only,7,0,0.41909722222222223,0,0.0,1,1.0,102.30235484310883
161,carrier_only,7,0,0.41909722222222223,0,0.0,1,1.0,102.30235484310883
162,carrier_only,7,0,0.41909722222222223,0,0.0,1,1.0,102.30235484310883
163,carrier_only,7,0,0.41909722222222223,0,0.0,1,1.0,102.30235484310883
164,carrier_only,7,0,0.41909722222222223,0,0.0,1,1.0,102.30235484310883
165,carrier_only,7,0,0.41909722222222223,0,0.0,1,1.0,102.30235484310883
166,carrier_only,7,0,0.41909722222222223,0,0.0,1,1.0,102.30235484310883
167,carrier_only,7,0,0.41909722222222223,0,0.0,1,1.0,102.30235484310883
168,carrier_only,7,0,0.41909722222222223,0,0.0,1,1.0,102.30235484310883
169,carrier_only,7,0,0.41909722222222223,0,0.0,1,1.0,102.30235484310883
170,carrier_only,7,0,0.41909722222222223,0,0.0,1,1.0,102.30235484310883
171,carrier_only,7,0,0.41909722222222223,0,0.0,1,1.0,102.30235484310883
172,carrier_only,7,0,0.41909722222222223,0,0.0,1,1.0,102.30235484310883
173,carrier_only,7,0,0.41909722222222223,0,0.0,1,1.0,102.30235484310883
174,carrier_only,7,0,0.41909722222222223,0,0.0,1,1.0,102.30235484310883
175,carrier_only,7,0,0.41909722222222223,0,0.0,1,1.0,102.30235484310883
176,carrier_only,7,0,0.41909722222222223,0,0.0,1,1.0,102.30235484310883
177,carrier_only,7,0,0.41909722222222223,0,0.0,1,1.0,102.30235484310883
178,carrier_only,7,0,0.41909722222222223,0,0.0,1,1.0,102.30235484310883
179,carrier_only,7,0,0.41909722222222223,0,0.0,1,1.0,102.30235484310883
180,carrier_only,7,0,0.41909722222222223,0,0.0,1,1.0,102.30235484310883
181,carrier_only,7,0,0.41909722222222223,0,0.0,1,1.0,102.30235484310883
182,carrier_only,7,0,0.41909722222222223,0,0.0,1,1.0,102.30235484310883
183,carrier_only,7,0,0.41909722222222223,0,0.0,1,1.0,102.30235484310883
184,carrier_only,7,0,0.41909722222222223,0,0.0,1,1.0,102.30235484310883
185,carrier_only,7,0,0.41909722222222223,0,0.0,1,1.0,102.30235484310883
186,carrier_only,7,0,0.41909722222222223,0,0.0,1,1.0,102.30235484310883
187,carrier_only,7,0,0.41909722222222223,0,0.0,1,1.0,102.30235484310883
188,carrier_only,7,0,0.41909722222222223,0,0.0,1,1.0,102.30235484310883
189,carrier_only,7,0,0.41909722222222223,0,0.0,1,1.0,102.30235484310883
190,carrier_only,7,0,0.41909722222222223,0,0.0,1,1.0,102.30235484310883
191,carrier_only,7,0,0.41909722222222223,0,0.0,1,1.0,102.30235484310883
192,carrier_only,7,0,0.41909722222222223,0,0.0,1,1.0,102.30235484310883
193,carrier_only,7,0,0.41909722222222223,0,0.0,1,1.0,102.30235484310883
194,carrier_only,7,0,0.41909722222222223,0,0.0,1,1.0,102.30235484310883
195,carrier_only,7,0,0.41909722222222223,0,0.0,1,1.0,102.30235484310883
196,carrier_only,7,0,0.41909722222222223,0,0.0,1,1.0,102.30235484310883
197,carrier_only,7,0,0.41909722222222223,0,0.0,1,1.0,102.30235484310883
198,carrier_only,7,0,0.41909722222222223,0,0.0,1,1.0,102.30235484310883
199,carrier_only,7,0,0.41909722222222223,0,0.0,1,1.0,102.30235484310883
200,carrier_only,7,0,0.41909722222222223,0,0.0,1,1.0,102.30235484310883
201,carrier_only,7,0,0.41909722222222223,0,0.0,1,1.0,102.30235484310883
202,carrier_only,7,0,0.41909722222222223,0,0.0,1,1.0,102.30235484310883
203,carrier_only,7,0,0.41909722222222223,0,0.0,1,1.0,102.30235484310883
204,carrier_only,7,0,0.41909722222222223,0,0.0,1,1.0,102.30235484310883
205,carrier_only,7,0,0.41909722222222223,0,0.0,1,1.0,102.30235484310883
206,carrier_only,7,0,0.41909722222222223,0,0.0,1,1.0,102.30235484310883
207,carrier_only,7,0,0.41909722222222223,0,0.0,1,1.0,102.30235484310883
208,carrier_only,7,0,0.41909722222222223,0,0.0,1,1.0,102.30235484310883
209,carrier_only,7,0,0.41909722222222223,0,0.0,1,1.0,102.30235484310883
210,carrier_only,7,0,0.41909722222222223,0,0.0,1,1.0,102.30235484310883
211,carrier_only,7,0,0.41909722222222223,0,0.0,1,1.0,102.30235484310883
212,carrier_only,7,0,0.41909722222222223,0,0.0,1,1.0,102.30235484310883
213,carrier_only,7,0,0.41909722222222223,0,0.0,1,1.0,102.30235484310883
214,carrier_only,7,0,0.41909722222222223,0,0.0,1,1.0,102.30235484310883
215,carrier_only,7,0,0.41909722222222223,0,0.0,1,1.0,102.30235484310883
216,carrier_only,7,0,0.41909722222222223,0,0.0,1,1.0,102.30235484310883
217,carrier_only,7,0,0.41909722222222223,0,0.0,1,1.0,102.30235484310883
218,carrier_only,7,0,0.41909722222222223,0,0.0,1,1.0,102.30235484310883
219,carrier_only,7,0,0.41909722222222223,0,0.0,1,1.0,102.30235484310883
220,carrier_only,7,0,0.41909722222222223,0,0.0,1,1.0,102.30235484310883
221,carrier_only,7,0,0.41909722222222223,0,0.0,1,1.0,102.30235484310883
222,carrier_only,7,0,0.41909722222222223,0,0.0,1,1.0,102.30235484310883
223,carrier_only,7,0,0.41909722222222223,0,0.0,1,1.0,102.30235484310883
224,carrier_only,7,0,0.41909722222222223,0,0.0,1,1.0,102.30235484310883
225,carrier_only,7,0,0.41909722222222223,0,0.0,1,1.0,102.30235484310883
226,carrier_only,7,0,0.41909722222222223,0,0.0,1,1.0,102.30235484310883
227,carrier_only,7,0,0.41909722222222223,0,0.0,1,1.0,102.30235484310883
228,carrier_only,7,0,0.41909722222222223,0,0.0,1,1.0,102.30235484310883
229,carrier_only,7,0,0.41909722222222223,0,0.0,1,1.0,102.30235484310883
230,carrier_only,7,0,0.41909722222222223,0,0.0,1,1.0,102.30235484310883
231,carrier_only,7,0,0.41909722222222223,0,0.0,1,1.0,102.30235484310883
232,carrier_only,7,0,0.41909722222222223,0,0.0,1,1.0,102.30235484310883
233,carrier_only,7,0,0.41909722222222223,0,0.0,1,1.0,102.30235484310883
234,carrier_only,7,0,0.41909722222222223,0,0.0,1,1.0,102.30235484310883
235,carrier_only,7,0,0.41909722222222223,0,0.0,1,1.0,102.30235484310883
236,carrier_only,7,0,0.41909722222222223,0,0.0,1,1.0,102.30235484310883
237,carrier_only,7,0,0.41909722222222223,0,0.0,1,1.0,102.30235484310883
238,carrier_only,7,0,0.41909722222222223,0,0.0,1,1.0,102.30235484310883
239,carrier_only,7,0,0.41909722222222223,0,0.0,1,1.0,102.30235484310883
0,carrier_only,21,0,0.008796296296296297,24,32.0,1,1.0,11.743577619240815
1,carrier_only,21,0,0.010416666666666666,24,32.0,1,1.0,12.34010504964782
2,carrier_only,21,0,0.012268518518518519,24,32.0,1,1.0,12.823360139920094
3,carrier_only,21,0,0.013888888888888888,24,32.0,1,1.0,13.406740917064061
4,carrier_only,21,0,0.01574074074074074,24,32.0,1,1.0,14.373231593028443
5,carrier_only,21,0,0.018171296296296297,24,32.0,1,1.0,15.064335461313512
6,carrier_only,21,0,0.02048611111111111,24,32.0,1,1.0,15.71873835461078
7,carrier_only,21,0,0.022337962962962962,24,32.0,1,1.0,16.548172197688313
8,carrier_only,21,0,0.024652777777777777,24,32.0,1,1.0,17.474455837945875
9,carrier_only,21,0,0.027199074074074073,24,32.0,1,1.0,18.268351832363656
10,carrier_only,21,0,0.02974537037037037,24,32.0,1,1.0,19.057305244877185
11,carrier_only,21,0,0.03194444444444444,24,32.0,1,1.0,19.809290384996572
12,carrier_only,21,0,0.03460648148148148,24,32.0,1,1.0,20.59388454118244
13,carrier_only,21,0,0.03715277777777778,24,32.0,1,1.0,21.36310508249279
14,carrier_only,21,0,0.040393518518518516,24,32.0,1,1.0,22.34883308909575
15,carrier_only,21,0,0.043055555555555555,24,32.0,1,1.0,23.459385110511374
16,carrier_only,21,0,0.046064814814814815,24,32.0,1,1.0,24.196331811409358
17,carrier_only,21,0,0.04918981481481482,24,32.0,1,1.0,25.225055042163255
18,carrier_only,21,0,0.05196759259259259,24,32.0,1,1.0,26.169579782509995
19,carrier_only,21,0,0.05439814814814815,24,32.0,1,1.0,26.779925060914227
20,carrier_only,21,0,0.05717592592592593,24,32.0,1,1.0,27.415834393588877
21,carrier_only,21,0,0.05925925925925926,24,32.0,1,1.0,27.733197922958652
22,carrier_only,21,0,0.061342592592592594,24,32.0,1,1.0,28.10991474959899
23,carrier_only,21,0,0.06458333333333334,24,32.0,1,1.0,29.023011986689497
24,carrier_only,21,0,0.06747685185185186,24,32.0,1,1.0,30.157892620241405
25,carrier_only,21,0,0.07094907407407407,24,31.997445911401257,1,1.0,31.242667807533664
26,carrier_only,21,0,0.07418981481481482,24,31.989669375369953,1,1.0,32.02481414209547
27,carrier_only,21,0,0.07685185185185185,24,31.991752560331715,1,1.0,32.259803660911224
28,carrier_only,21,0,0.07951388888888888,24,31.98386599545509,1,1.0,32.772988571834105
29,carrier_only,21,0,0.08217592592592593,24,31.97095698327861,1,1.0,33.429655955537754
30,carrier_only,21,0,0.0849537037037037,24,31.953245540383545,1,1.0,34.277673292242746
31,carrier_only,21,0,0.08784722222222222,24,31.925471399361086,1,1.0,34.73431496405433
32,carrier_only,21,0,0.09166666666666666,24,31.89395138249638,1,1.0,35.40464695855643
33,carrier_only,21,0,0.09502314814814815,24,31.86458388555973,1,1.0,35.7960503128315
34,carrier_only,21,0,0.09768518518518518,24,31.8298940602117,1,1.0,36.54667987396356
35,carrier_only,21,0,0.10150462962962963,24,31.77863432460491,1,1.0,37.24810217801765
36,carrier_only,21,0,0.10451388888888889,24,31.74079508104013,1,1.0,38.21947399890159
37,carrier_only,21,0,0.10844907407407407,24,31.690885020769752,1,1.0,38.4034719872046
38,carrier_only,21,0,0.11157407407407408,24,31.622587414472324,1,1.0,39.1769192227656
39,carrier_only,21,0,0.11446759259259259,24,31.56043867299465,1,1.0,40.137385085994794
40,carrier_only,21,0,0.1175925925925926,24,31.484651226564804,1,1.0,40.487705815684045
41,carrier_only,21,0,0.12037037037037036,24,31.43324949121673,1,1.0,41.17768330553998
42,carrier_only,21,0,0.1244212962962963,24,31.348703789160155,1,1.0,42.466186823900415
43,carrier_only,21,0,0.12743055555555555,24,31.241624064676767,1,1.0,42.98700731120744
44,carrier_only,21,0,0.13090277777777778,24,31.1359319452849,1,1.0,43.56254542781523
45,carrier_only,21,0,0.1335648148148148,24,31.04759438915599,1,1.0,44.023227995369254
46,carrier_only,21,0,0.1371527777777778,24,30.93670002902579,1,1.0,44.74271446746252
47,carrier_only,21,0,0.14074074074074075,24,30.799288241443985,1,1.0,45.508937878971764
48,carrier_only,21,0,0.14444444444444443,24,30.61227971323301,1,1.0,46.41211528839114
49,carrier_only,21,0,0.1476851851851852,24,30.466061345122554,1,1.0,47.52803916674165
50,carrier_only,21,0,0.15231481481481482,24,30.266610342959478,1,1.0,48.33932955420617
51,carrier_only,21,0,0.15520833333333334,24,30.087122341862322,1,1.0,48.553456381359155
52,carrier_only,21,0,0.15949074074074074,24,29.869793366019195,1,1.0,49.69404820739825
53,carrier_only,21,0,0.1633101851851852,24,29.674629218673754,1,1.0,50.38584773304313
54,carrier_only,21,0,0.16666666666666666,24,29.454705519004808,1,1.0,50.81891585818398
55,carrier_only,21,0,0.17083333333333334,24,29.19993909090482,1,1.0,51.18858477829535
56,carrier_only,21,0,0.17453703703703705,24,28.960000158931553,1,1.0,51.69153886765407
57,carrier_only,21,0,0.1769675925925926,24,28.7220483444045,1,1.0,52.35195519130763
58,carrier_only,21,0,0.18020833333333333,24,28.469999698762745,1,1.0,52.99384618979638
59,carrier_only,21,0,0.1832175925925926,24,28.21332483652233,1,1.0,53.35510826052042
60,carrier_only,21,0,0.1865740740740741,24,27.91319965754127,1,1.0,53.647133413266445
61,carrier_only,21,0,0.1892361111111111,24,27.62044635064936,1,1.0,54.303479347114
62,carrier_only,21,0,0.19236111111111112,24,27.342452276441758,1,1.0,54.69980507825893
63,carrier_only,21,0,0.19560185185185186,24,27.02495188624864,1,1.0,55.843273211216655
64,carrier_only,21,0,0.19895833333333332,24,26.72077776636046,1,1.0,56.39301640588207
65,carrier_only,21,0,0.20150462962962962,24,26.412597113368246,1,1.0,57.020220487333695
66,carrier_only,21,0,0.20439814814814813,24,26.085917469357266,1,1.0,57.973836120809125
67,carrier_only,21,0,0.20787037037037037,24,25.751613925393997,1,1.0,58.58747404186105
68,carrier_only,21,0,0.21041666666666667,24,25.411273276507938,1,1.0,59.14432806593151
69,carrier_only,21,0,0.21400462962962963,24,25.049291432561905,1,1.0,60.147411923464176
70,carrier_only,21,0,0.21655092592592592,24,24.703731611115888,1,1.0,61.141806436462325
71,carrier_only,21,0,0.21944444444444444,24,24.356649402946857,1,1.0,61.89605325829368
72,carrier_only,21,0,0.22291666666666668,24,23.97914388676882,1,1.0,62.73375947907835
73,carrier_only,21,0,0.22650462962962964,24,23.603025292510683,1,1.0,62.98509985491674
74,carrier_only,21,0,0.2292824074074074,24,23.246253742640647,1,1.0,63.231323024396
75,carrier_only,21,0,0.23217592592592592,24,22.871843354302943,1,1.0,64.42167360480005
76,carrier_only,21,0,0.23506944444444444,24,22.500892991478846,1,1.0,65.5022791941129
77,carrier_only,21,0,0.23796296296296296,24,22.14470729307675,1,1.0,66.3460879974727
78,carrier_only,21,0,0.24259259259259258,24,21.774707132254083,1,1.0,67.4270665100098
79,carrier_only,21,0,0.2465277777777778,24,21.37291440148343,1,1.0,68.49592082559346
80,carrier_only,21,0,0.25046296296296294,24,20.98282450206621,1,1.0,69.24656301698145
81,carrier_only,21,0,0.25405092592592593,24,20.587559686283146,1,1.0,70.27671469831014
82,carrier_only,21,0,0.2582175925925926,24,20.185340283951003,1,1.0,71.09682690324172
83,carrier_only,21,0,0.26273148148148145,24,19.76919177210319,1,1.0,72.35238099273427
84,carrier_only,21,0,0.26631944444444444,24,19.370296238534166,1,1.0,73.40788623640645
85,carrier_only,21,0,0.27037037037037037,24,18.985303942288066,1,1.0,74.13118337721573
86,carrier_only,21,0,0.2744212962962963,24,18.596328976138924,1,1.0,75.04102068219079
87,carrier_only,21,0,0.27905092592592595,24,18.1820475578045,1,1.0,75.91460474711174
88,carrier_only,21,0,0.2835648148148148,24,17.78978129157448,1,1.0,76.57196539973208
89,carrier_only,21,0,0.2878472222222222,24,17.400578115769438,1,1.0,77.49853454437242
90,carrier_only,21,0,0.29189814814814813,24,16.969484975942375,1,1.0,78.32939279266807
91,carrier_only,21,0,0.29606481481481484,24,16.554988688235213,1,1.0,79.36353433337501
92,carrier_only,21,0,0.3003472222222222,24,16.14553574500301,1,1.0,79.93566871664251
93,carrier_only,21,0,0.3042824074074074,24,15.75481783990332,1,1.0,81.04485737821281
94,carrier_only,21,0,0.30775462962962963,24,15.371064561623157,1,1.0,81.91996959480869
95,carrier_only,21,0,0.3125,24,14.965766251584162,1,1.0,82.59210210788609
96,carrier_only,21,0,0.31689814814814815,24,14.566812425932762,1,1.0,83.6280338365183
97,carrier_only,21,0,0.321412037037037,24,14.173780003738178,1,1.0,83.91302629360669
98,carrier_only,21,0,0.32569444444444445,24,13.763615191846199,1,1.0,84.62033270073348
99,carrier_only,21,0,0.33078703703703705,24,13.34843871785588,1,1.0,84.89878001634384
100,carrier_only,21,0,0.3349537037037037,24,12.945014550118529,1,1.0,85.6478163288723
101,carrier_only,21,0,0.3386574074074074,24,12.530962738278426,1,1.0,86.08479403300302
102,carrier_only,21,0,0.3420138888888889,24,12.139547221816875,1,1.0,86.76376706370633
103,carrier_only,21,0,0.3454861111111111,24,11.71941149926968,1,1.0,87.11018923859731
104,carrier_only,21,0,0.34803240740740743,24,11.319574015912146,1,1.0,88.05365321576937
105,carrier_only,21,0,0.3524305555555556,24,10.899351948310445,1,1.0,89.26538514003595
106,carrier_only,21,0,0.3560185185185185,24,10.522450751877647,1,1.0,89.92522788238594
107,carrier_only,21,0,0.3605324074074074,24,10.105285007562221,1,1.0,90.83661008906303
108,carrier_only,21,0,0.36354166666666665,24,9.69093150553306,1,1.0,91.38632073385247
109,carrier_only,21,0,0.3678240740740741,24,9.263875482273013,1,1.0,91.92623270942727
110,carrier_only,21,0,0.371875,24,8.853689313144084,1,1.0,92.38449966401112
111,carrier_only,21,0,0.37569444444444444,24,8.439596459811211,1,1.0,92.51912156649725
112,carrier_only,21,0,0.37939814814814815,24,8.021892477290097,1,1.0,92.92143729466252
113,carrier_only,21,0,0.38287037037037036,23,7.924906705313026,1,1.0,93.67461021895089
114,carrier_only,21,0,0.38634259259259257,23,7.513009743492594,1,1.0,93.67461021895089
115,carrier_only,21,0,0.3891203703703704,22,7.432606732717377,1,1.0,93.78039123253726
116,carrier_only,21,0,0.3924768518518518,21,7.349939592053038,1,1.0,94.80328165143956
117,carrier_only,21,0,0.3959490740740741,20,7.312608288744518,1,1.0,95.14576507671019
118,carrier_only,21,0,0.3996527777777778,20,6.94614427510772,1,1.0,95.79981881935689
119,carrier_only,21,0,0.403125,20,6.551404748280016,1,1.0,96.13409378093729
120,carrier_only,21,0,0.4068287037037037,20,6.153806772953877,1,1.0,97.35617300830565
121,carrier_only,21,0,0.41087962962962965,19,6.069437775087612,1,1.0,97.97714860439932
122,carrier_only,21,0,0.4148148148148148,19,5.652742083180657,1,1.0,98.131248338312
123,carrier_only,21,0,0.41875,19,5.256069182311657,1,1.0,98.95539659964781
124,carrier_only,21,0,0.4234953703703704,19,4.840187356685859,1,1.0,99.66820822247433
125,carrier_only,21,0,0.42766203703703703,19,4.415177174345172,1,1.0,100.90117379165252
126,carrier_only,21,0,0.430787037037037,18,4.235480426646216,1,1.0,101.43088076061767
127,carrier_only,21,0,0.43321759259259257,17,4.036484250193846,1,1.0,101.43088076061767
128,carrier_only,21,0,0.4361111111111111,17,3.6200100887085647,1,1.0,101.43088076061767
129,carrier_only,21,0,0.43854166666666666,17,3.218952494305069,1,1.0,101.43088076061767
130,carrier_only,21,0,0.4409722222222222,17,2.831122768847269,1,1.0,101.43088076061767
131,carrier_only,21,0,0.4440972222222222,16,2.5777724175007806,1,1.0,101.43088076061767
132,carrier_only,21,0,0.44560185185185186,16,2.1979255700352516,1,1.0,101.43088076061767
133,carrier_only,21,0,0.44733796296296297,14,2.0917206602538507,1,1.0,101.43088076061767
134,carrier_only,21,0,0.44907407407407407,14,1.67771866196604,1,1.0,101.43088076061767
135,carrier_only,21,0,0.4513888888888889,13,1.360355228861974,1,1.0,101.43088076061767
136,carrier_only,21,0,0.4530092592592593,12,1.0429893793509062,1,1.0,101.43088076061767
137,carrier_only,21,0,0.4548611111111111,10,0.7797333145099105,1,1.0,101.43088076061767
138,carrier_only,21,0,0.45532407407407405,8,0.5108320175302905,1,1.0,101.43088076061767
139,carrier_only,21,0,0.45613425925925927,4,0.40765489654833986,1,1.0,101.43088076061767
140,carrier_only,21,0,0.45613425925925927,2,0.24331233745609043,1,1.0,101.43088076061767
141,carrier_only,21,0,0.45613425925925927,0,0.0,1,1.0,101.43088076061767
142,carrier_only,21,0,0.45613425925925927,0,0.0,1,1.0,101.43088076061767
143,carrier_only,21,0,0.45613425925925927,0,0.0,1,1.0,101.43088076061767
144,carrier_only,21,0,0.45613425925925927,0,0.0,1,1.0,101.43088076061767
145,carrier_only,21,0,0.45613425925925927,0,0.0,1,1.0,101.43088076061767
146,carrier_only,21,0,0.45613425925925927,0,0.0,1,1.0,101.43088076061767
147,carrier_only,21,0,0.45613425925925927,0,0.0,1,1.0,101.43088076061767
148,carrier_only,21,0,0.45613425925925927,0,0.0,1,1.0,101.43088076061767
149,carrier_only,21,0,0.45613425925925927,0,0.0,1,1.0,101.43088076061767
150,carrier_only,21,0,0.45613425925925927,0,0.0,1,1.0,101.43088076061767
151,carrier_only,21,0,0.45613425925925927,0,0.0,1,1.0,101.43088076061767
152,carrier_only,21,0,0.45613425925925927,0,0.0,1,1.0,101.43088076061767
153,carrier_only,21,0,0.45613425925925927,0,0.0,1,1.0,101.43088076061767
154,carrier_only,21,0,0.45613425925925927,0,0.0,1,1.0,101.43088076061767
155,carrier_only,21,0,0.45613425925925927,0,0.0,1,1.0,101.43088076061767
156,carrier_only,21,0,0.45613425925925927,0,0.0,1,1.0,101.43088076061767
157,carrier_only,21,0,0.45613425925925927,0,0.0,1,1.0,101.43088076061767
158,carrier_only,21,0,0.45613425925925927,0,0.0,1,1.0,101.43088076061767
159,carrier_only,21,0,0.45613425925925927,0,0.0,1,1.0,101.43088076061767
160,carrier_only,21,0,0.45613425925925927,0,0.0,1,1.0,101.43088076061767
161,carrier_only,21,0,0.45613425925925927,0,0.0,1,1.0,101.43088076061767
162,carrier_only,21,0,0.45613425925925927,0,0.0,1,1.0,101.43088076061767
163,carrier_only,21,0,0.45613425925925927,0,0.0,1,1.0,101.43088076061767
164,carrier_only,21,0,0.45613425925925927,0,0.0,1,1.0,101.43088076061767
165,carrier_only,21,0,0.45613425925925927,0,0.0,1,1.0,101.43088076061767
166,carrier_only,21,0,0.45613425925925927,0,0.0,1,1.0,101.43088076061767
167,carrier_only,21,0,0.45613425925925927,0,0.0,1,1.0,101.43088076061767
168,carrier_only,21,0,0.45613425925925927,0,0.0,1,1.0,101.43088076061767
169,carrier_only,21,0,0.45613425925925927,0,0.0,1,1.0,101.43088076061767
170,carrier_only,21,0,0.45613425925925927,0,0.0,1,1.0,101.43088076061767
171,carrier_only,21,0,0.45613425925925927,0,0.0,1,1.0,101.43088076061767
172,carrier_only,21,0,0.45613425925925927,0,0.0,1,1.0,101.43088076061767
173,carrier_only,21,0,0.45613425925925927,0,0.0,1,1.0,101.43088076061767
174,carrier_only,21,0,0.45613425925925927,0,0.0,1,1.0,101.43088076061767
175,carrier_only,21,0,0.45613425925925927,0,0.0,1,1.0,101.43088076061767
176,carrier_only,21,0,0.45613425925925927,0,0.0,1,1.0,101.43088076061767
177,carrier_only,21,0,0.45613425925925927,0,0.0,1,1.0,101.43088076061767
178,carrier_only,21,0,0.45613425925925927,0,0.0,1,1.0,101.43088076061767
179,carrier_only,21,0,0.45613425925925927,0,0.0,1,1.0,101.43088076061767
180,carrier_only,21,0,0.45613425925925927,0,0.0,1,1.0,101.43088076061767
181,carrier_only,21,0,0.45613425925925927,0,0.0,1,1.0,101.43088076061767
182,carrier_only,21,0,0.45613425925925927,0,0.0,1,1.0,101.43088076061767
183,carrier_only,21,0,0.45613425925925927,0,0.0,1,1.0,101.43088076061767
184,carrier_only,21,0,0.45613425925925927,0,0.0,1,1.0,101.43088076061767
185,carrier_only,21,0,0.45613425925925927,0,0.0,1,1.0,101.43088076061767
186,carrier_only,21,0,0.45613425925925927,0,0.0,1,1.0,101.43088076061767
187,carrier_only,21,0,0.45613425925925927,0,0.0,1,1.0,101.43088076061767
188,carrier_only,21,0,0.45613425925925927,0,0.0,1,1.0,101.43088076061767
189,carrier_only,21,0,0.45613425925925927,0,0.0,1,1.0,101.43088076061767
190,carrier_only,21,0,0.45613425925925927,0,0.0,1,1.0,101.43088076061767
191,carrier_only,21,0,0.45613425925925927,0,0.0,1,1.0,101.43088076061767
192,carrier_only,21,0,0.45613425925925927,0,0.0,1,1.0,101.43088076061767
193,carrier_only,21,0,0.45613425925925927,0,0.0,1,1.0,101.43088076061767
194,carrier_only,21,0,0.45613425925925927,0,0.0,1,1.0,101.43088076061767
195,carrier_only,21,0,0.45613425925925927,0,0.0,1,1.0,101.43088076061767
196,carrier_only,21,0,0.45613425925925927,0,0.0,1,1.0,101.43088076061767
197,carrier_only,21,0,0.45613425925925927,0,0.0,1,1.0,101.43088076061767
198,carrier_only,21,0,0.45613425925925927,0,0.0,1,1.0,101.43088076061767
199,carrier_only,21,0,0.45613425925925927,0,0.0,1,1.0,101.43088076061767
200,carrier_only,21,0,0.45613425925925927,0,0.0,1,1.0,101.43088076061767
201,carrier_only,21,0,0.45613425925925927,0,0.0,1,1.0,101.43088076061767
202,carrier_only,21,0,0.45613425925925927,0,0.0,1,1.0,101.43088076061767
203,carrier_only,21,0,0.45613425925925927,0,0.0,1,1.0,101.43088076061767
204,carrier_only,21,0,0.45613425925925927,0,0.0,1,1.0,101.43088076061767
205,carrier_only,21,0,0.45613425925925927,0,0.0,1,1.0,101.43088076061767
206,carrier_only,21,0,0.45613425925925927,0,0.0,1,1.0,101.43088076061767
207,carrier_only,21,0,0.45613425925925927,0,0.0,1,1.0,101.43088076061767
208,carrier_only,21,0,0.45613425925925927,0,0.0,1,1.0,101.43088076061767
209,carrier_only,21,0,0.45613425925925927,0,0.0,1,1.0,101.43088076061767
210,carrier_only,21,0,0.45613425925925927,0,0.0,1,1.0,101.43088076061767
211,carrier_only,21,0,0.45613425925925927,0,0.0,1,1.0,101.43088076061767
212,carrier_only,21,0,0.45613425925925927,0,0.0,1,1.0,101.43088076061767
213,carrier_only,21,0,0.45613425925925927,0,0.0,1,1.0,101.43088076061767
214,carrier_only,21,0,0.45613425925925927,0,0.0,1,1.0,101.43088076061767
215,carrier_only,21,0,0.45613425925925927,0,0.0,1,1.0,101.43088076061767
216,carrier_only,21,0,0.45613425925925927,0,0.0,1,1.0,101.43088076061767
217,carrier_only,21,0,0.45613425925925927,0,0.0,1,1.0,101.43088076061767
218,carrier_only,21,0,0.45613425925925927,0,0.0,1,1.0,101.43088076061767
219,carrier_only,21,0,0.45613425925925927,0,0.0,1,1.0,101.43088076061767
220,carrier_only,21,0,0.45613425925925927,0,0.0,1,1.0,101.43088076061767
221,carrier_only,21,0,0.45613425925925927,0,0.0,1,1.0,101.43088076061767
222,carrier_only,21,0,0.45613425925925927,0,0.0,1,1.0,101.43088076061767
223,carrier_only,21,0,0.45613425925925927,0,0.0,1,1.0,101.43088076061767
224,carrier_only,21,0,0.45613425925925927,0,0.0,1,1.0,101.43088076061767
225,carrier_only,21,0,0.45613425925925927,0,0.0,1,1.0,101.43088076061767
226,carrier_only,21,0,0.45613425925925927,0,0.0,1,1.0,101.43088076061767
227,carrier_only,21,0,0.45613425925925927,0,0.0,1,1.0,101.43088076061767
228,carrier_only,21,0,0.45613425925925927,0,0.0,1,1.0,101.43088076061767
229,carrier_only,21,0,0.45613425925925927,0,0.0,1,1.0,101.43088076061767
230,carrier_only,21,0,0.45613425925925927,0,0.0,1,1.0,101.43088076061767
231,carrier_only,21,0,0.45613425925925927,0,0.0,1,1.0,101.43088076061767
232,carrier_only,21,0,0.45613425925925927,0,0.0,1,1.0,101.43088076061767
233,carrier_only,21,0,0.45613425925925927,0,0.0,1,1.0,101.43088076061767
234,carrier_only,21,0,0.45613425925925927,0,0.0,1,1.0,101.43088076061767
235,carrier_only,21,0,0.45613425925925927,0,0.0,1,1.0,101.43088076061767
236,carrier_only,21,0,0.45613425925925927,0,0.0,1,1.0,101.43088076061767
237,carrier_only,21,0,0.45613425925925927,0,0.0,1,1.0,101.43088076061767
238,carrier_only,21,0,0.45613425925925927,0,0.0,1,1.0,101.43088076061767
239,carrier_only,21,0,0.45613425925925927,0,0.0,1,1.0,101.43088076061767
0,carrier_only,42,0,0.009027777777777777,24,32.0,1,1.0,11.357305470253031
1,carrier_only,42,0,0.01087962962962963,24,32.0,1,1.0,12.165962375072668
2,carrier_only,42,0,0.012268518518518519,24,32.0,1,1.0,12.478388257181633
3,carrier_only,42,0,0.014004629629629629,24,32.0,1,1.0,13.576947761679378
4,carrier_only,42,0,0.01597222222222222,24,32.0,1,1.0,14.536723880387745
5,carrier_only,42,0,0.018055555555555554,24,32.0,1,1.0,15.190843508526086
6,carrier_only,42,0,0.020717592592592593,24,32.0,1,1.0,16.04161542633854
7,carrier_only,42,0,0.02337962962962963,24,32.0,1,1.0,17.053758802335512
8,carrier_only,42,0,0.025925925925925925,24,32.0,1,1.0,17.841877154184782
9,carrier_only,42,0,0.02847222222222222,24,32.0,1,1.0,18.816085215862646
10,carrier_only,42,0,0.030208333333333334,24,32.0,1,1.0,19.375883311952506
11,carrier_only,42,0,0.03287037037037037,24,32.0,1,1.0,19.805377762174395
12,carrier_only,42,0,0.0349537037037037,24,32.0,1,1.0,20.359055416009564
13,carrier_only,42,0,0.03715277777777778,24,32.0,1,1.0,21.590564428681304
14,carrier_only,42,0,0.039467592592592596,24,32.0,1,1.0,22.34060910613984
15,carrier_only,42,0,0.04224537037037037,24,32.0,1,1.0,23.081694655954916
16,carrier_only,42,0,0.04513888888888889,24,32.0,1,1.0,24.27033049107567
17,carrier_only,42,0,0.04791666666666667,24,32.0,1,1.0,25.316350637912905
18,carrier_only,42,0,0.050347222222222224,24,32.0,1,1.0,25.896477517329544
19,carrier_only,42,0,0.053009259259259256,24,32.0,1,1.0,26.800198312588755
20,carrier_only,42,0,0.055671296296296295,24,32.0,1,1.0,27.49684643986375
21,carrier_only,42,0,0.05856481481481481,24,32.0,1,1.0,28.138305204122766
22,carrier_only,42,0,0.06180555555555556,24,32.0,1,1.0,28.71041332816581
23,carrier_only,42,0,0.06435185185185185,24,32.0,1,1.0,29.094655816404256
24,carrier_only,42,0,0.06782407407407408,24,32.0,1,1.0,29.349450886795157
25,carrier_only,42,0,0.07002314814814815,24,31.99482184092355,1,1.0,30.047048806871288
26,carrier_only,42,0,0.07337962962962963,24,31.993286536854697,1,1.0,31.02533225162936
27,carrier_only,42,0,0.07685185185185185,24,31.9856547449846,1,1.0,31.353372967293904
28,carrier_only,42,0,0.07997685185185185,24,31.97491482214586,1,1.0,32.48401646690751
29,carrier_only,42,0,0.0824074074074074,24,31.960267568211805,1,1.0,33.48313713585107
30,carrier_only,42,0,0.0855324074074074,24,31.941332790149662,1,1.0,34.44484692597108
31,carrier_only,42,0,0.0880787037037037,24,31.912615709508685,1,1.0,34.65573673864364
32,carrier_only,42,0,0.09108796296296297,24,31.88356898296964,1,1.0,34.81592411766937
33,carrier_only,42,0,0.0943287037037037,24,31.834727659932906,1,1.0,35.31759859532216
34,carrier_only,42,0,0.09641203703703703,24,31.80205799886374,1,1.0,36.04029285711022
35,carrier_only,42,0,0.10023148148148148,24,31.757947819287647,1,1.0,36.73251014148896
36,carrier_only,42,0,0.10405092592592592,24,31.70088958316884,1,1.0,37.184430474631654
37,carrier_only,42,0,0.10810185185185185,24,31.643576882877785,1,1.0,38.33611570697053
38,carrier_only,42,0,0.11145833333333334,24,31.586281512954674,1,1.0,39.32812091367262
39,carrier_only,42,0,0.11446759259259259,24,31.520342806091367,1,1.0,40.21886921129134
40,carrier_only,42,0,0.11782407407407407,24,31.45454654246505,1,1.0,40.856040161395214
41,carrier_only,42,0,0.12048611111111111,24,31.380724078507626,1,1.0,41.18544873236649
42,carrier_only,42,0,0.12418981481481481,24,31.28080160276936,1,1.0,42.28267172191953
43,carrier_only,42,0,0.12650462962962963,24,31.17513737853638,1,1.0,43.078452677125675
44,carrier_only,42,0,0.12997685185185184,24,31.0604083742588,1,1.0,44.03362516679359
45,carrier_only,42,0,0.13368055555555555,24,30.905066053694608,1,1.0,44.43381812955815
46,carrier_only,42,0,0.1372685185185185,24,30.801363930474224,1,1.0,45.262898060679916
47,carrier_only,42,0,0.14027777777777778,24,30.65741649960385,1,1.0,45.95031268755967
48,carrier_only,42,0,0.14328703703703705,24,30.48848480730153,1,1.0,46.82768112792324
49,carrier_only,42,0,0.14641203703703703,24,30.3400304301513,1,1.0,47.519278444382785
50,carrier_only,42,0,0.14988425925925927,24,30.164775518366834,1,1.0,48.384613986700714
51,carrier_only,42,0,0.15381944444444445,24,29.963877672842482,1,1.0,49.49541818070078
52,carrier_only,42,0,0.1571759259259259,24,29.78133576968143,1,1.0,50.37707350811588
53,carrier_only,42,0,0.1605324074074074,24,29.563455167423133,1,1.0,51.457210216475744
54,carrier_only,42,0,0.16458333333333333,24,29.320756835888034,1,1.0,51.8243118409443
55,carrier_only,42,0,0.16793981481481482,24,29.088281485469484,1,1.0,52.88624029101571
56,carrier_only,42,0,0.1707175925925926,24,28.880560602473068,1,1.0,53.4659893395394
57,carrier_only,42,0,0.17453703703703705,24,28.641465009007323,1,1.0,54.51677991740933
58,carrier_only,42,0,0.17743055555555556,24,28.387017600438494,1,1.0,55.00841235825655
59,carrier_only,42,0,0.18101851851851852,24,28.14837450587972,1,1.0,55.88880101476658
60,carrier_only,42,0,0.18356481481481482,24,27.882367408872792,1,1.0,56.58616140795031
61,carrier_only,42,0,0.18645833333333334,24,27.59098107592622,1,1.0,57.23542883663785
62,carrier_only,42,0,0.19027777777777777,24,27.290461662894234,1,1.0,57.92178896962597
63,carrier_only,42,0,0.19444444444444445,24,26.984583523298245,1,1.0,58.58790633120836
64,carrier_only,42,0,0.1986111111111111,24,26.657034857978072,1,1.0,59.6313209065675
65,carrier_only,42,0,0.20208333333333334,24,26.340190349540688,1,1.0,59.98001566718368
66,carrier_only,42,0,0.20590277777777777,24,26.009649420227657,1,1.0,60.46170865241288
67,carrier_only,42,0,0.20844907407407406,24,25.673591162036345,1,1.0,60.74676355617108
68,carrier_only,42,0,0.21064814814814814,24,25.365639970936968,1,1.0,60.983323170822885
69,carrier_only,42,0,0.2142361111111111,24,25.03569661577858,1,1.0,61.53987207627973
70,carrier_only,42,0,0.2170138888888889,24,24.7015628578264,1,1.0,62.19368050029305
71,carrier_only,42,0,0.22141203703703705,24,24.315327143382376,1,1.0,63.10304179056789
72,carrier_only,42,0,0.22511574074074073,24,23.937554723547,1,1.0,64.18532525212325
73,carrier_only,42,0,0.22870370370370371,24,23.591706220005353,1,1.0,65.25629684876132
74,carrier_only,42,0,0.23159722222222223,24,23.234963135216343,1,1.0,65.98798504365018
75,carrier_only,42,0,0.23622685185185185,24,22.846377624559143,1,1.0,66.92429604291848
76,carrier_only,42,0,0.24016203703703703,24,22.453226870363192,1,1.0,67.11270353899594
77,carrier_only,42,0,0.24421296296296297,24,22.0566524799064,1,1.0,68.38187495455448
78,carrier_only,42,0,0.24872685185185187,24,21.659159213871447,1,1.0,69.27040024843242
79,carrier_only,42,0,0.25219907407407405,24,21.283440105296503,1,1.0,70.33773227589134
80,carrier_only,42,0,0.25636574074074076,24,20.881858496216054,1,1.0,71.00161597575892
81,carrier_only,42,0,0.26087962962962963,24,20.479641277836183,1,1.0,71.58456500277559
82,carrier_only,42,0,0.2637731481481482,24,20.107411949956823,1,1.0,72.4135237777278
83,carrier_only,42,0,0.2674768518518518,24,19.72814113617942,1,1.0,72.98744278367197
84,carrier_only,42,0,0.27037037037037037,24,19.317812764628414,1,1.0,73.36727162619474
85,carrier_only,42,0,0.275,24,18.911353226208572,1,1.0,74.21087567648851
86,carrier_only,42,0,0.2795138888888889,24,18.527428008258756,1,1.0,74.81190847181087
87,carrier_only,42,0,0.2833333333333333,24,18.115988799490193,1,1.0,75.57818475680706
88,carrier_only,42,0,0.28622685185185187,24,17.68501140719594,1,1.0,76.15736357136174
89,carrier_only,42,0,0.29085648148148147,24,17.271032340087444,1,1.0,77.32203995919726
90,carrier_only,42,0,0.2949074074074074,24,16.866582053746548,1,1.0,78.38567684586658
91,carrier_only,42,0,0.29953703703703705,24,16.48226606908757,1,1.0,79.34477239224574
92,carrier_only,42,0,0.3039351851851852,24,16.078258641930983,1,1.0,80.33881537295666
93,carrier_only,42,0,0.3087962962962963,24,15.658512422881612,1,1.0,81.2410244434253
94,carrier_only,42,0,0.3136574074074074,24,15.242516412308326,1,1.0,82.27905413679163
95,carrier_only,42,0,0.31689814814814815,24,14.836389773815597,1,1.0,83.15639748440798
96,carrier_only,42,0,0.3215277777777778,24,14.430748724145523,1,1.0,84.05239678179281
97,carrier_only,42,0,0.32546296296296295,24,14.011427799069272,1,1.0,84.84877508656899
98,carrier_only,42,0,0.3292824074074074,24,13.635910504280098,1,1.0,84.97603950016766
99,carrier_only,42,0,0.3334490740740741,24,13.215406880591752,1,1.0,85.88852124868093
100,carrier_only,42,0,0.33761574074074074,24,12.821347217432134,1,1.0,86.81059969872635
101,carrier_only,42,0,0.3417824074074074,24,12.402227456726719,1,1.0,87.09518739418189
102,carrier_only,42,0,0.3457175925925926,24,11.987233874924712,1,1.0,88.0654773977704
103,carrier_only,42,0,0.3489583333333333,24,11.569592184651379,1,1.0,89.25409262554999
104,carrier_only,42,0,0.3528935185185185,24,11.164837051269794,1,1.0,89.90773943654925
105,carrier_only,42,0,0.3572916666666667,24,10.770024884642405,1,1.0,90.37301617130835
106,carrier_only,42,0,0.3616898148148148,24,10.355243980902804,1,1.0,91.35827807030735
107,carrier_only,42,0,0.36666666666666664,24,9.944208851066064,1,1.0,92.5574596778976
108,carrier_only,42,0,0.37175925925925923,24,9.532472986078053,1,1.0,93.64038802952302
109,carrier_only,42,0,0.3769675925925926,24,9.112209431694223,1,1.0,94.59988465811254
110,carrier_only,42,0,0.3820601851851852,24,8.707839706538024,1,1.0,95.46525482238914
111,carrier_only,42,0,0.3854166666666667,24,8.325792246019693,1,1.0,96.33959375109725
112,carrier_only,42,0,0.3891203703703704,24,7.911198732969567,1,1.0,97.0325826803776
113,carrier_only,42,0,0.394212962962963,22,8.180926572993963,1,1.0,97.46404515659266
114,carrier_only,42,0,0.3988425925925926,21,8.154049690447673,1,1.0,98.08318772243562
115,carrier_only,42,0,0.40243055555555557,20,8.150329809421937,1,1.0,99.13217830369814
116,carrier_only,42,0,0.4068287037037037,20,7.759332674030766,1,1.0,99.13217830369814
117,carrier_only,42,0,0.41087962962962965,20,7.344551918289634,1,1.0,99.13217830369814
118,carrier_only,42,0,0.41423611111111114,20,6.941614921772834,1,1.0,99.13217830369814
119,carrier_only,42,0,0.4184027777777778,20,6.501467933351522,1,1.0,99.13217830369814
120,carrier_only,42,0,0.4215277777777778,20,6.111642352525145,1,1.0,99.13217830369814
121,carrier_only,42,0,0.4252314814814815,20,5.699665440758707,1,1.0,99.13217830369814
122,carrier_only,42,0,0.428587962962963,19,5.575874368687255,1,1.0,99.74608206773877
123,carrier_only,42,0,0.4324074074074074,19,5.151098050837468,1,1.0,99.74608206773877
124,carrier_only,42,0,0.43680555555555556,18,5.011601697620734,1,1.0,99.74608206773877
125,carrier_only,42,0,0.44016203703703705,18,4.605866637445135,1,1.0,99.74608206773877
126,carrier_only,42,0,0.4443287037037037,18,4.18058115204118,1,1.0,99.74608206773877
127,carrier_only,42,0,0.44837962962962963,18,3.7661793748204127,1,1.0,99.74608206773877
128,carrier_only,42,0,0.45208333333333334,18,3.3546807688051974,1,1.0,99.74608206773877
129,carrier_only,42,0,0.4548611111111111,17,3.1340713203393773,1,1.0,99.74608206773877
130,carrier_only,42,0,0.45740740740740743,15,3.079381357007413,1,1.0,99.74608206773877
131,carrier_only,42,0,0.459375,15,2.681269967381511,1,1.0,99.74608206773877
132,carrier_only,42,0,0.4603009259259259,12,2.9041343906329815,1,1.0,99.92121209906406
133,carrier_only,42,0,0.46111111111111114,11,2.693179035459783,1,1.0,99.92121209906406
134,carrier_only,42,0,0.4615740740740741,10,2.5300962429454183,1,1.0,99.92121209906406
135,carrier_only,42,0,0.46238425925925924,10,2.1331775793402263,1,1.0,99.92121209906406
136,carrier_only,42,0,0.46284722222222224,9,1.9743980924621682,1,1.0,99.92121209906406
137,carrier_only,42,0,0.46319444444444446,8,1.7884897987843384,1,1.0,99.92121209906406
138,carrier_only,42,0,0.4638888888888889,8,1.4080124125282483,1,1.0,99.92121209906406
139,carrier_only,42,0,0.4642361111111111,7,1.143112360759932,1,1.0,99.92121209906406
140,carrier_only,42,0,0.4642361111111111,6,0.8685718724225097,1,1.0,99.92121209906406
141,carrier_only,42,0,0.4642361111111111,4,0.8616214407358481,1,1.0,99.92121209906406
142,carrier_only,42,0,0.4642361111111111,4,0.4793514992000148,1,1.0,99.92121209906406
143,carrier_only,42,0,0.4642361111111111,2,0.44898884545764695,1,1.0,99.92121209906406
144,carrier_only,42,0,0.4642361111111111,1,0.21752390990275816,1,1.0,99.92121209906406
145,carrier_only,42,0,0.4642361111111111,0,0.0,1,1.0,99.92121209906406
146,carrier_only,42,0,0.4642361111111111,0,0.0,1,1.0,99.92121209906406
147,carrier_only,42,0,0.4642361111111111,0,0.0,1,1.0,99.92121209906406
148,carrier_only,42,0,0.4642361111111111,0,0.0,1,1.0,99.92121209906406
149,carrier_only,42,0,0.4642361111111111,0,0.0,1,1.0,99.92121209906406
150,carrier_only,42,0,0.4642361111111111,0,0.0,1,1.0,99.92121209906406
151,carrier_only,42,0,0.4642361111111111,0,0.0,1,1.0,99.92121209906406
152,carrier_only,42,0,0.4642361111111111,0,0.0,1,1.0,99.92121209906406
153,carrier_only,42,0,0.4642361111111111,0,0.0,1,1.0,99.92121209906406
154,carrier_only,42,0,0.4642361111111111,0,0.0,1,1.0,99.92121209906406
155,carrier_only,42,0,0.4642361111111111,0,0.0,1,1.0,99.92121209906406
156,carrier_only,42,0,0.4642361111111111,0,0.0,1,1.0,99.92121209906406
157,carrier_only,42,0,0.4642361111111111,0,0.0,1,1.0,99.92121209906406
158,carrier_only,42,0,0.4642361111111111,0,0.0,1,1.0,99.92121209906406
159,carrier_only,42,0,0.4642361111111111,0,0.0,1,1.0,99.92121209906406
160,carrier_only,42,0,0.4642361111111111,0,0.0,1,1.0,99.92121209906406
161,carrier_only,42,0,0.4642361111111111,0,0.0,1,1.0,99.92121209906406
162,carrier_only,42,0,0.4642361111111111,0,0.0,1,1.0,99.92121209906406
163,carrier_only,42,0,0.4642361111111111,0,0.0,1,1.0,99.92121209906406
164,carrier_only,42,0,0.4642361111111111,0,0.0,1,1.0,99.92121209906406
165,carrier_only,42,0,0.4642361111111111,0,0.0,1,1.0,99.92121209906406
166,carrier_only,42,0,0.4642361111111111,0,0.0,1,1.0,99.92121209906406
167,carrier_only,42,0,0.4642361111111111,0,0.0,1,1.0,99.92121209906406
168,carrier_only,42,0,0.4642361111111111,0,0.0,1,1.0,99.92121209906406
169,carrier_only,42,0,0.4642361111111111,0,0.0,1,1.0,99.92121209906406
170,carrier_only,42,0,0.4642361111111111,0,0.0,1,1.0,99.92121209906406
171,carrier_only,42,0,0.4642361111111111,0,0.0,1,1.0,99.92121209906406
172,carrier_only,42,0,0.4642361111111111,0,0.0,1,1.0,99.92121209906406
173,carrier_only,42,0,0.4642361111111111,0,0.0,1,1.0,99.92121209906406
174,carrier_only,42,0,0.4642361111111111,0,0.0,1,1.0,99.92121209906406
175,carrier_only,42,0,0.4642361111111111,0,0.0,1,1.0,99.92121209906406
176,carrier_only,42,0,0.4642361111111111,0,0.0,1,1.0,99.92121209906406
177,carrier_only,42,0,0.4642361111111111,0,0.0,1,1.0,99.92121209906406
178,carrier_only,42,0,0.4642361111111111,0,0.0,1,1.0,99.92121209906406
179,carrier_only,42,0,0.4642361111111111,0,0.0,1,1.0,99.92121209906406
180,carrier_only,42,0,0.4642361111111111,0,0.0,1,1.0,99.92121209906406
181,carrier_only,42,0,0.4642361111111111,0,0.0,1,1.0,99.92121209906406
182,carrier_only,42,0,0.4642361111111111,0,0.0,1,1.0,99.92121209906406
183,carrier_only,42,0,0.4642361111111111,0,0.0,1,1.0,99.92121209906406
184,carrier_only,42,0,0.4642361111111111,0,0.0,1,1.0,99.92121209906406
185,carrier_only,42,0,0.4642361111111111,0,0.0,1,1.0,99.92121209906406
186,carrier_only,42,0,0.4642361111111111,0,0.0,1,1.0,99.92121209906406
187,carrier_only,42,0,0.4642361111111111,0,0.0,1,1.0,99.92121209906406
188,carrier_only,42,0,0.4642361111111111,0,0.0,1,1.0,99.92121209906406
189,carrier_only,42,0,0.4642361111111111,0,0.0,1,1.0,99.92121209906406
190,carrier_only,42,0,0.4642361111111111,0,0.0,1,1.0,99.92121209906406
191,carrier_only,42,0,0.4642361111111111,0,0.0,1,1.0,99.92121209906406
192,carrier_only,42,0,0.4642361111111111,0,0.0,1,1.0,99.92121209906406
193,carrier_only,42,0,0.4642361111111111,0,0.0,1,1.0,99.92121209906406
194,carrier_only,42,0,0.4642361111111111,0,0.0,1,1.0,99.92121209906406
195,carrier_only,42,0,0.4642361111111111,0,0.0,1,1.0,99.92121209906406
196,carrier_only,42,0,0.4642361111111111,0,0.0,1,1.0,99.92121209906406
197,carrier_only,42,0,0.4642361111111111,0,0.0,1,1.0,99.92121209906406
198,carrier_only,42,0,0.4642361111111111,0,0.0,1,1.0,99.92121209906406
199,carrier_only,42,0,0.4642361111111111,0,0.0,1,1.0,99.92121209906406
200,carrier_only,42,0,0.4642361111111111,0,0.0,1,1.0,99.92121209906406
201,carrier_only,42,0,0.4642361111111111,0,0.0,1,1.0,99.92121209906406
202,carrier_only,42,0,0.4642361111111111,0,0.0,1,1.0,99.92121209906406
203,carrier_only,42,0,0.4642361111111111,0,0.0,1,1.0,99.92121209906406
204,carrier_only,42,0,0.4642361111111111,0,0.0,1,1.0,99.92121209906406
205,carrier_only,42,0,0.4642361111111111,0,0.0,1,1.0,99.92121209906406
206,carrier_only,42,0,0.4642361111111111,0,0.0,1,1.0,99.92121209906406
207,carrier_only,42,0,0.4642361111111111,0,0.0,1,1.0,99.92121209906406
208,carrier_only,42,0,0.4642361111111111,0,0.0,1,1.0,99.92121209906406
209,carrier_only,42,0,0.4642361111111111,0,0.0,1,1.0,99.92121209906406
210,carrier_only,42,0,0.4642361111111111,0,0.0,1,1.0,99.92121209906406
211,carrier_only,42,0,0.4642361111111111,0,0.0,1,1.0,99.92121209906406
212,carrier_only,42,0,0.4642361111111111,0,0.0,1,1.0,99.92121209906406
213,carrier_only,42,0,0.4642361111111111,0,0.0,1,1.0,99.92121209906406
214,carrier_only,42,0,0.4642361111111111,0,0.0,1,1.0,99.92121209906406
215,carrier_only,42,0,0.4642361111111111,0,0.0,1,1.0,99.92121209906406
216,carrier_only,42,0,0.4642361111111111,0,0.0,1,1.0,99.92121209906406
217,carrier_only,42,0,0.4642361111111111,0,0.0,1,1.0,99.92121209906406
218,carrier_only,42,0,0.4642361111111111,0,0.0,1,1.0,99.92121209906406
219,carrier_only,42,0,0.4642361111111111,0,0.0,1,1.0,99.92121209906406
220,carrier_only,42,0,0.4642361111111111,0,0.0,1,1.0,99.92121209906406
221,carrier_only,42,0,0.4642361111111111,0,0.0,1,1.0,99.92121209906406
222,carrier_only,42,0,0.4642361111111111,0,0.0,1,1.0,99.92121209906406
223,carrier_only,42,0,0.4642361111111111,0,0.0,1,1.0,99.92121209906406
224,carrier_only,42,0,0.4642361111111111,0,0.0,1,1.0,99.92121209906406
225,carrier_only,42,0,0.4642361111111111,0,0.0,1,1.0,99.92121209906406
226,carrier_only,42,0,0.4642361111111111,0,0.0,1,1.0,99.92121209906406
227,carrier_only,42,0,0.4642361111111111,0,0.0,1,1.0,99.92121209906406
228,carrier_only,42,0,0.4642361111111111,0,0.0,1,1.0,99.92121209906406
229,carrier_only,42,0,0.4642361111111111,0,0.0,1,1.0,99.92121209906406
230,carrier_only,42,0,0.4642361111111111,0,0.0,1,1.0,99.92121209906406
231,carrier_only,42,0,0.4642361111111111,0,0.0,1,1.0,99.92121209906406
232,carrier_only,42,0,0.4642361111111111,0,0.0,1,1.0,99.92121209906406
233,carrier_only,42,0,0.4642361111111111,0,0.0,1,1.0,99.92121209906406
234,carrier_only,42,0,0.4642361111111111,0,0.0,1,1.0,99.92121209906406
235,carrier_only,42,0,0.4642361111111111,0,0.0,1,1.0,99.92121209906406
236,carrier_only,42,0,0.4642361111111111,0,0.0,1,1.0,99.92121209906406
237,carrier_only,42,0,0.4642361111111111,0,0.0,1,1.0,99.92121209906406
238,carrier_only,42,0,0.4642361111111111,0,0.0,1,1.0,99.92121209906406
239,carrier_only,42,0,0.4642361111111111,0,0.0,1,1.0,99.92121209906406
0,carrier_only,84,0,0.009606481481481481,24,32.0,1,1.0,10.811964822663965
1,carrier_only,84,0,0.011689814814814814,24,32.0,1,1.0,11.829109174596441
2,carrier_only,84,0,0.013888888888888888,24,32.0,1,1.0,12.853049049426948
3,carrier_only,84,0,0.015856481481481482,24,32.0,1,1.0,13.633391585087654
4,carrier_only,84,0,0.01724537037037037,24,32.0,1,1.0,14.217108446223358
5,carrier_only,84,0,0.01863425925925926,24,32.0,1,1.0,15.034178577291598
6,carrier_only,84,0,0.020717592592592593,24,32.0,1,1.0,16.217388818688878
7,carrier_only,84,0,0.022569444444444444,24,32.0,1,1.0,17.132138390995607
8,carrier_only,84,0,0.024537037037037038,24,32.0,1,1.0,18.185076878263715
9,carrier_only,84,0,0.026504629629629628,24,32.0,1,1.0,19.014661384703967
10,carrier_only,84,0,0.028819444444444446,24,32.0,1,1.0,19.73744962026524
11,carrier_only,84,0,0.030555555555555555,24,32.0,1,1.0,20.173483216332716
12,carrier_only,84,0,0.03321759259259259,24,32.0,1,1.0,21.159014366834487
13,carrier_only,84,0,0.03564814814814815,24,32.0,1,1.0,22.33507058248438
14,carrier_only,84,0,0.0375,24,32.0,1,1.0,22.900382179710082
15,carrier_only,84,0,0.03958333333333333,24,32.0,1,1.0,23.47839802797512
16,carrier_only,84,0,0.041087962962962965,24,32.0,1,1.0,24.164425917018992
17,carrier_only,84,0,0.04351851851851852,24,32.0,1,1.0,24.638720952384972
18,carrier_only,84,0,0.04594907407407407,24,32.0,1,1.0,25.3846404200814
19,carrier_only,84,0,0.04826388888888889,24,32.0,1,1.0,26.392309567176024
20,carrier_only,84,0,0.050347222222222224,24,32.0,1,1.0,26.818839883168394
21,carrier_only,84,0,0.0525462962962963,24,32.0,1,1.0,27.428035096399817
22,carrier_only,84,0,0.05497685185185185,24,32.0,1,1.0,28.36577523120362
23,carrier_only,84,0,0.05763888888888889,24,32.0,1,1.0,29.355504635842035
24,carrier_only,84,0,0.06041666666666667,24,31.995457683041987,1,1.0,29.851158827693965
25,carrier_only,84,0,0.06342592592592593,24,31.996234288110358,1,1.0,30.84078895520566
26,carrier_only,84,0,0.06585648148148149,24,31.98963956349313,1,1.0,31.841003237768764
27,carrier_only,84,0,0.06782407407407408,24,31.983470293521602,1,1.0,32.21549935646983
28,carrier_only,84,0,0.0712962962962963,24,31.96005896758901,1,1.0,33.47524862703212
29,carrier_only,84,0,0.07418981481481482,24,31.938695267214232,1,1.0,34.26847305594466
30,carrier_only,84,0,0.07673611111111112,24,31.930763988529407,1,1.0,34.7968299436427
31,carrier_only,84,0,0.07974537037037037,24,31.900034261763494,1,1.0,35.84122439135443
32,carrier_only,84,0,0.08287037037037037,24,31.879556388363323,1,1.0,36.16274753255026
33,carrier_only,84,0,0.0855324074074074,24,31.852980932511525,1,1.0,36.69149496999004
34,carrier_only,84,0,0.08877314814814814,24,31.82624590050803,1,1.0,37.648555679097996
35,carrier_only,84,0,0.09166666666666666,24,31.78136704035296,1,1.0,38.07433465645812
36,carrier_only,84,0,0.09560185185185185,24,31.740958560679474,1,1.0,38.845790370107245
37,carrier_only,84,0,0.09826388888888889,24,31.684909028838092,1,1.0,39.33067476489296
38,carrier_only,84,0,0.10162037037037037,24,31.63044438735629,1,1.0,40.2431194306226
39,carrier_only,84,0,0.10335648148148148,24,31.57035165795659,1,1.0,41.154738056165634
40,carrier_only,84,0,0.10648148148148148,24,31.51954025608519,1,1.0,41.48524494061612
41,carrier_only,84,0,0.10914351851851851,24,31.460434356113623,1,1.0,41.93377891781548
42,carrier_only,84,0,0.11226851851851852,24,31.38908602887469,1,1.0,42.58754381588764
43,carrier_only,84,0,0.11527777777777778,24,31.296273439141498,1,1.0,43.230983229901796
44,carrier_only,84,0,0.11828703703703704,24,31.203592732291995,1,1.0,43.87637466791454
45,carrier_only,84,0,0.12175925925925926,24,31.11260625534477,1,1.0,44.37047941331556
46,carrier_only,84,0,0.12534722222222222,24,31.00348114400948,1,1.0,45.19258537389974
47,carrier_only,84,0,0.12962962962962962,24,30.8895089779451,1,1.0,45.89183788978025
48,carrier_only,84,0,0.13240740740740742,24,30.74374066779507,1,1.0,46.459653292417784
49,carrier_only,84,0,0.13576388888888888,24,30.5751140757387,1,1.0,46.70010082120778
50,carrier_only,84,0,0.13958333333333334,24,30.4010390928359,1,1.0,47.31384299630349
51,carrier_only,84,0,0.14293981481481483,24,30.22854439006078,1,1.0,47.5812456418943
52,carrier_only,84,0,0.14629629629629629,24,30.04203667872604,1,1.0,48.599622652959866
53,carrier_only,84,0,0.15,24,29.82167313458086,1,1.0,48.72144918735012
54,carrier_only,84,0,0.15300925925925926,24,29.629391839204573,1,1.0,49.126447976556705
55,carrier_only,84,0,0.15613425925925925,24,29.410523141635633,1,1.0,49.74980140086568
56,carrier_only,84,0,0.15925925925925927,24,29.181492969467897,1,1.0,50.53875085417373
57,carrier_only,84,0,0.16215277777777778,24,28.949165466972456,1,1.0,50.81485520021616
58,carrier_only,84,0,0.165625,24,28.68227984684255,1,1.0,51.60957295006632
59,carrier_only,84,0,0.16863425925925926,24,28.440685791688935,1,1.0,52.27090501292872
60,carrier_only,84,0,0.17152777777777778,24,28.1835875729095,1,1.0,52.76806600850436
61,carrier_only,84,0,0.17488425925925927,24,27.916768483289513,1,1.0,53.658253156849874
62,carrier_only,84,0,0.17835648148148148,24,27.61175092127029,1,1.0,54.717165685280364
63,carrier_only,84,0,0.18113425925925927,24,27.311783886124545,1,1.0,55.85615158697013
64,carrier_only,84,0,0.18425925925925926,24,27.016596295397733,1,1.0,56.76440605533455
65,carrier_only,84,0,0.1875,24,26.705716223802256,1,1.0,57.144424816484545
66,carrier_only,84,0,0.19050925925925927,24,26.38453134143013,1,1.0,58.259064996681296
67,carrier_only,84,0,0.19340277777777778,24,26.045976558764778,1,1.0,58.63834863314617
68,carrier_only,84,0,0.19675925925925927,24,25.734811530553902,1,1.0,59.25673911491319
69,carrier_only,84,0,0.20162037037037037,24,25.3826434926733,1,1.0,60.534242617398235
70,carrier_only,84,0,0.2039351851851852,24,25.027883538020706,1,1.0,61.39241771668772
71,carrier_only,84,0,0.20625,24,24.69507875243362,1,1.0,62.23395281234414
72,carrier_only,84,0,0.2099537037037037,24,24.332350908616863,1,1.0,63.38292923279808
73,carrier_only,84,0,0.21331018518518519,24,23.980904081070474,1,1.0,64.12786647764968
74,carrier_only,84,0,0.21655092592592592,24,23.611791689936812,1,1.0,65.19858393620322
75,carrier_only,84,0,0.22094907407407408,24,23.230529817092968,1,1.0,66.19185498801829
76,carrier_only,84,0,0.22407407407407406,24,22.87099412389343,1,1.0,67.21741099304506
77,carrier_only,84,0,0.22800925925925927,24,22.486556687678274,1,1.0,67.92754703194683
78,carrier_only,84,0,0.23136574074074073,24,22.121694435616362,1,1.0,68.88824506253728
79,carrier_only,84,0,0.2349537037037037,24,21.73499243446005,1,1.0,69.44725962285109
80,carrier_only,84,0,0.2380787037037037,24,21.35504892983322,1,1.0,70.10453353012069
81,carrier_only,84,0,0.24270833333333333,24,20.955022767767534,1,1.0,70.78187849644112
82,carrier_only,84,0,0.24618055555555557,24,20.568757973348685,1,1.0,71.85133787669635
83,carrier_only,84,0,0.25081018518518516,24,20.160020429433324,1,1.0,72.77512897856997
84,carrier_only,84,0,0.25405092592592593,24,19.773359882569782,1,1.0,73.45950861115914
85,carrier_only,84,0,0.2586805555555556,24,19.359140062040137,1,1.0,74.51376946269816
86,carrier_only,84,0,0.26238425925925923,24,18.954802776442005,1,1.0,75.56618619728161
87,carrier_only,84,0,0.26608796296296294,24,18.555250178251356,1,1.0,76.404914624924
88,carrier_only,84,0,0.26979166666666665,24,18.13330370565227,1,1.0,77.19333789407287
89,carrier_only,84,0,0.2743055555555556,24,17.744249580585144,1,1.0,78.37092425332227
90,carrier_only,84,0,0.27881944444444445,24,17.33914789590383,1,1.0,79.38647288182803
91,carrier_only,84,0,0.2815972222222222,24,16.945049433892546,1,1.0,80.06808604852664
92,carrier_only,84,0,0.28530092592592593,24,16.540851019925924,1,1.0,80.77953808514357
93,carrier_only,84,0,0.2883101851851852,24,16.154018352503567,1,1.0,81.47748382658531
94,carrier_only,84,0,0.29212962962962963,24,15.742067750391636,1,1.0,82.41120117778128
95,carrier_only,84,0,0.2966435185185185,24,15.318468152578461,1,1.0,83.56004026016414
96,carrier_only,84,0,0.3,24,14.915251658196402,1,1.0,84.4532871767738
97,carrier_only,84,0,0.3042824074074074,24,14.510558759283718,1,1.0,84.97355961325779
98,carrier_only,84,0,0.30821759259259257,24,14.11134954800997,1,1.0,85.62231900570067
99,carrier_only,84,0,0.3127314814814815,24,13.70741862320145,1,1.0,86.52825567163241
100,carrier_only,84,0,0.3162037037037037,24,13.287953451275525,1,1.0,87.30554229321159
101,carrier_only,84,0,0.32025462962962964,24,12.877381767414457,1,1.0,87.86761107677493
102,carrier_only,84,0,0.324537037037037,24,12.461194997686471,1,1.0,88.61716991001887
103,carrier_only,84,0,0.3287037037037037,24,12.065528739485904,1,1.0,89.46711968277079
104,carrier_only,84,0,0.33217592592592593,24,11.630282258732725,1,1.0,90.73235209823135
105,carrier_only,84,0,0.33587962962962964,24,11.216048817963541,1,1.0,91.36295563567354
106,carrier_only,84,0,0.33993055555555557,24,10.799240967709586,1,1.0,92.44640650388091
107,carrier_only,84,0,0.3436342592592593,24,10.394778255476755,1,1.0,93.31578644606742
108,carrier_only,84,0,0.347337962962963,24,9.985805068345044,1,1.0,93.96500264472358
109,carrier_only,84,0,0.3505787037037037,23,9.998478973081147,1,1.0,95.12391747198562
110,carrier_only,84,0,0.35358796296296297,23,9.59938553021214,1,1.0,95.12391747198562
111,carrier_only,84,0,0.3559027777777778,23,9.195023057082805,1,1.0,95.12391747198562
112,carrier_only,84,0,0.35833333333333334,23,8.783317503130549,1,1.0,95.12391747198562
113,carrier_only,84,0,0.36030092592592594,23,8.385075603212425,1,1.0,95.12391747198562
114,carrier_only,84,0,0.36342592592592593,22,8.359136515203756,1,1.0,95.12391747198562
115,carrier_only,84,0,0.3662037037037037,22,7.947429837118653,1,1.0,95.12391747198562
116,carrier_only,84,0,0.3696759259259259,22,7.531777958933161,1,1.0,95.40896345240255
117,carrier_only,84,0,0.3730324074074074,21,7.505273090216419,1,1.0,95.92477313442845
118,carrier_only,84,0,0.3773148148148148,20,7.438382924961731,1,1.0,96.7466555440675
119,carrier_only,84,0,0.38136574074074076,20,7.009371808792442,1,1.0,97.70530357364123
120,carrier_only,84,0,0.3854166666666667,20,6.593035307129696,1,1.0,98.46268595744088
121,carrier_only,84,0,0.3888888888888889,20,6.1823081529830395,1,1.0,98.99556121179349
122,carrier_only,84,0,0.3924768518518518,20,5.793169221082525,1,1.0,99.73678090350869
123,carrier_only,84,0,0.3972222222222222,20,5.365765964531059,1,1.0,100.7163987631042
124,carrier_only,84,0,0.40069444444444446,19,5.221067869558263,1,1.0,101.5738343982871
125,carrier_only,84,0,0.4042824074074074,19,4.787511413702792,1,1.0,102.30521171892457
126,carrier_only,84,0,0.4079861111111111,18,4.62136250868291,1,1.0,102.9752321978913
127,carrier_only,84,0,0.4115740740740741,18,4.213646238679116,1,1.0,102.9752321978913
128,carrier_only,84,0,0.4150462962962963,18,3.7983407619401808,1,1.0,102.9752321978913
129,carrier_only,84,0,0.41747685185185185,17,3.5713111209076382,1,1.0,102.9752321978913
130,carrier_only,84,0,0.4203703703703704,17,3.170482887488641,1,1.0,102.9752321978913
131,carrier_only,84,0,0.42291666666666666,16,2.9426658457300157,1,1.0,102.9752321978913
132,carrier_only,84,0,0.425,16,2.554948904079236,1,1.0,102.9752321978913
133,carrier_only,84,0,0.42766203703703703,16,2.1646564942371205,1,1.0,102.9752321978913
134,carrier_only,84,0,0.4300925925925926,15,1.8890883116391162,1,1.0,102.9752321978913
135,carrier_only,84,0,0.4324074074074074,15,1.5044688320143105,1,1.0,102.9752321978913
136,carrier_only,84,0,0.4340277777777778,14,1.1737831163778123,1,1.0,102.9752321978913
137,carrier_only,84,0,0.4354166666666667,9,1.257193893637231,1,1.0,102.9752321978913
138,carrier_only,84,0,0.43680555555555556,7,1.116738759264331,1,1.0,102.9752321978913
139,carrier_only,84,0,0.4378472222222222,6,0.8837410950994201,1,1.0,102.9752321978913
140,carrier_only,84,0,0.4380787037037037,4,0.887547215840191,1,1.0,102.9752321978913
141,carrier_only,84,0,0.4386574074074074,4,0.4740538568498591,1,1.0,102.9752321978913
142,carrier_only,84,0,0.4386574074074074,2,0.1989864810276295,1,1.0,102.9752321978913
143,carrier_only,84,0,0.4386574074074074,0,0.0,1,1.0,102.9752321978913
144,carrier_only,84,0,0.4386574074074074,0,0.0,1,1.0,102.9752321978913
145,carrier_only,84,0,0.4386574074074074,0,0.0,1,1.0,102.9752321978913
146,carrier_only,84,0,0.4386574074074074,0,0.0,1,1.0,102.9752321978913
147,carrier_only,84,0,0.4386574074074074,0,0.0,1,1.0,102.9752321978913
148,carrier_only,84,0,0.4386574074074074,0,0.0,1,1.0,102.9752321978913
149,carrier_only,84,0,0.4386574074074074,0,0.0,1,1.0,102.9752321978913
150,carrier_only,84,0,0.4386574074074074,0,0.0,1,1.0,102.9752321978913
151,carrier_only,84,0,0.4386574074074074,0,0.0,1,1.0,102.9752321978913
152,carrier_only,84,0,0.4386574074074074,0,0.0,1,1.0,102.9752321978913
153,carrier_only,84,0,0.4386574074074074,0,0.0,1,1.0,102.9752321978913
154,carrier_only,84,0,0.4386574074074074,0,0.0,1,1.0,102.9752321978913
155,carrier_only,84,0,0.4386574074074074,0,0.0,1,1.0,102.9752321978913
156,carrier_only,84,0,0.4386574074074074,0,0.0,1,1.0,102.9752321978913
157,carrier_only,84,0,0.4386574074074074,0,0.0,1,1.0,102.9752321978913
158,carrier_only,84,0,0.4386574074074074,0,0.0,1,1.0,102.9752321978913
159,carrier_only,84,0,0.4386574074074074,0,0.0,1,1.0,102.9752321978913
160,carrier_only,84,0,0.4386574074074074,0,0.0,1,1.0,102.9752321978913
161,carrier_only,84,0,0.4386574074074074,0,0.0,1,1.0,102.9752321978913
162,carrier_only,84,0,0.4386574074074074,0,0.0,1,1.0,102.9752321978913
163,carrier_only,84,0,0.4386574074074074,0,0.0,1,1.0,102.9752321978913
164,carrier_only,84,0,0.4386574074074074,0,0.0,1,1.0,102.9752321978913
165,carrier_only,84,0,0.4386574074074074,0,0.0,1,1.0,102.9752321978913
166,carrier_only,84,0,0.4386574074074074,0,0.0,1,1.0,102.9752321978913
167,carrier_only,84,0,0.4386574074074074,0,0.0,1,1.0,102.9752321978913
168,carrier_only,84,0,0.4386574074074074,0,0.0,1,1.0,102.9752321978913
169,carrier_only,84,0,0.4386574074074074,0,0.0,1,1.0,102.9752321978913
170,carrier_only,84,0,0.4386574074074074,0,0.0,1,1.0,102.9752321978913
171,carrier_only,84,0,0.4386574074074074,0,0.0,1,1.0,102.9752321978913
172,carrier_only,84,0,0.4386574074074074,0,0.0,1,1.0,102.9752321978913
173,carrier_only,84,0,0.4386574074074074,0,0.0,1,1.0,102.9752321978913
174,carrier_only,84,0,0.4386574074074074,0,0.0,1,1.0,102.9752321978913
175,carrier_only,84,0,0.4386574074074074,0,0.0,1,1.0,102.9752321978913
176,carrier_only,84,0,0.4386574074074074,0,0.0,1,1.0,102.9752321978913
177,carrier_only,84,0,0.4386574074074074,0,0.0,1,1.0,102.9752321978913
178,carrier_only,84,0,0.4386574074074074,0,0.0,1,1.0,102.9752321978913
179,carrier_only,84,0,0.4386574074074074,0,0.0,1,1.0,102.9752321978913
180,carrier_only,84,0,0.4386574074074074,0,0.0,1,1.0,102.9752321978913
181,carrier_only,84,0,0.4386574074074074,0,0.0,1,1.0,102.9752321978913
182,carrier_only,84,0,0.4386574074074074,0,0.0,1,1.0,102.9752321978913
183,carrier_only,84,0,0.4386574074074074,0,0.0,1,1.0,102.9752321978913
184,carrier_only,84,0,0.4386574074074074,0,0.0,1,1.0,102.9752321978913
185,carrier_only,84,0,0.4386574074074074,0,0.0,1,1.0,102.9752321978913
186,carrier_only,84,0,0.4386574074074074,0,0.0,1,1.0,102.9752321978913
187,carrier_only,84,0,0.4386574074074074,0,0.0,1,1.0,102.9752321978913
188,carrier_only,84,0,0.4386574074074074,0,0.0,1,1.0,102.9752321978913
189,carrier_only,84,0,0.4386574074074074,0,0.0,1,1.0,102.9752321978913
190,carrier_only,84,0,0.4386574074074074,0,0.0,1,1.0,102.9752321978913
191,carrier_only,84,0,0.4386574074074074,0,0.0,1,1.0,102.9752321978913
192,carrier_only,84,0,0.4386574074074074,0,0.0,1,1.0,102.9752321978913
193,carrier_only,84,0,0.4386574074074074,0,0.0,1,1.0,102.9752321978913
194,carrier_only,84,0,0.4386574074074074,0,0.0,1,1.0,102.9752321978913
195,carrier_only,84,0,0.4386574074074074,0,0.0,1,1.0,102.9752321978913
196,carrier_only,84,0,0.4386574074074074,0,0.0,1,1.0,102.9752321978913
197,carrier_only,84,0,0.4386574074074074,0,0.0,1,1.0,102.9752321978913
198,carrier_only,84,0,0.4386574074074074,0,0.0,1,1.0,102.9752321978913
199,carrier_only,84,0,0.4386574074074074,0,0.0,1,1.0,102.9752321978913
200,carrier_only,84,0,0.4386574074074074,0,0.0,1,1.0,102.9752321978913
201,carrier_only,84,0,0.4386574074074074,0,0.0,1,1.0,102.9752321978913
202,carrier_only,84,0,0.4386574074074074,0,0.0,1,1.0,102.9752321978913
203,carrier_only,84,0,0.4386574074074074,0,0.0,1,1.0,102.9752321978913
204,carrier_only,84,0,0.4386574074074074,0,0.0,1,1.0,102.9752321978913
205,carrier_only,84,0,0.4386574074074074,0,0.0,1,1.0,102.9752321978913
206,carrier_only,84,0,0.4386574074074074,0,0.0,1,1.0,102.9752321978913
207,carrier_only,84,0,0.4386574074074074,0,0.0,1,1.0,102.9752321978913
208,carrier_only,84,0,0.4386574074074074,0,0.0,1,1.0,102.9752321978913
209,carrier_only,84,0,0.4386574074074074,0,0.0,1,1.0,102.9752321978913
210,carrier_only,84,0,0.4386574074074074,0,0.0,1,1.0,102.9752321978913
211,carrier_only,84,0,0.4386574074074074,0,0.0,1,1.0,102.9752321978913
212,carrier_only,84,0,0.4386574074074074,0,0.0,1,1.0,102.9752321978913
213,carrier_only,84,0,0.4386574074074074,0,0.0,1,1.0,102.9752321978913
214,carrier_only,84,0,0.4386574074074074,0,0.0,1,1.0,102.9752321978913
215,carrier_only,84,0,0.4386574074074074,0,0.0,1,1.0,102.9752321978913
216,carrier_only,84,0,0.4386574074074074,0,0.0,1,1.0,102.9752321978913
217,carrier_only,84,0,0.4386574074074074,0,0.0,1,1.0,102.9752321978913
218,carrier_only,84,0,0.4386574074074074,0,0.0,1,1.0,102.9752321978913
219,carrier_only,84,0,0.4386574074074074,0,0.0,1,1.0,102.9752321978913
220,carrier_only,84,0,0.4386574074074074,0,0.0,1,1.0,102.9752321978913
221,carrier_only,84,0,0.4386574074074074,0,0.0,1,1.0,102.9752321978913
222,carrier_only,84,0,0.4386574074074074,0,0.0,1,1.0,102.9752321978913
223,carrier_only,84,0,0.4386574074074074,0,0.0,1,1.0,102.9752321978913
224,carrier_only,84,0,0.4386574074074074,0,0.0,1,1.0,102.9752321978913
225,carrier_only,84,0,0.4386574074074074,0,0.0,1,1.0,102.9752321978913
226,carrier_only,84,0,0.4386574074074074,0,0.0,1,1.0,102.9752321978913
227,carrier_only,84,0,0.4386574074074074,0,0.0,1,1.0,102.9752321978913
228,carrier_only,84,0,0.4386574074074074,0,0.0,1,1.0,102.9752321978913
229,carrier_only,84,0,0.4386574074074074,0,0.0,1,1.0,102.9752321978913
230,carrier_only,84,0,0.4386574074074074,0,0.0,1,1.0,102.9752321978913
231,carrier_only,84,0,0.4386574074074074,0,0.0,1,1.0,102.9752321978913
232,carrier_only,84,0,0.4386574074074074,0,0.0,1,1.0,102.9752321978913
233,carrier_only,84,0,0.4386574074074074,0,0.0,1,1.0,102.9752321978913
234,carrier_only,84,0,0.4386574074074074,0,0.0,1,1.0,102.9752321978913
235,carrier_only,84,0,0.4386574074074074,0,0.0,1,1.0,102.9752321978913
236,carrier_only,84,0,0.4386574074074074,0,0.0,1,1.0,102.9752321978913
237,carrier_only,84,0,0.4386574074074074,0,0.0,1,1.0,102.9752321978913
238,carrier_only,84,0,0.4386574074074074,0,0.0,1,1.0,102.9752321978913
239,carrier_only,84,0,0.4386574074074074,0,0.0,1,1.0,102.9752321978913
0,carrier_only,101,0,0.009953703703703704,24,32.0,1,1.0,10.5131776610953
1,carrier_only,101,0,0.011458333333333333,24,32.0,1,1.0,11.498793293854325
2,carrier_only,101,0,0.012615740740740742,24,32.0,1,1.0,12.403499246762419
3,carrier_only,101,0,0.014467592592592593,24,32.0,1,1.0,13.48396571654715
4,carrier_only,101,0,0.016203703703703703,24,32.0,1,1.0,14.505236924226905
5,carrier_only,101,0,0.017939814814814815,24,32.0,1,1.0,15.302712290694005
6,carrier_only,101,0,0.019444444444444445,24,32.0,1,1.0,16.30143952764694
7,carrier_only,101,0,0.021180555555555557,24,32.0,1,1.0,17.32417907542062
8,carrier_only,101,0,0.023148148148148147,24,32.0,1,1.0,18.192024615115194
9,carrier_only,101,0,0.025,24,32.0,1,1.0,19.305775231246788
10,carrier_only,101,0,0.026504629629629628,24,32.0,1,1.0,19.75362939097775
11,carrier_only,101,0,0.029050925925925924,24,32.0,1,1.0,20.619347541402885
12,carrier_only,101,0,0.03125,24,32.0,1,1.0,21.386306202759762
13,carrier_only,101,0,0.033449074074074076,24,32.0,1,1.0,21.612113578185014
14,carrier_only,101,0,0.03518518518518519,24,32.0,1,1.0,22.41103941974267
15,carrier_only,101,0,0.037384259259259256,24,32.0,1,1.0,23.1703564863331
16,carrier_only,101,0,0.04027777777777778,24,32.0,1,1.0,24.088743901693036
17,carrier_only,101,0,0.04282407407407408,24,32.0,1,1.0,24.931267658250043
18,carrier_only,101,0,0.04525462962962963,24,32.0,1,1.0,25.259845532138815
19,carrier_only,101,0,0.04849537037037037,24,32.0,1,1.0,26.320805518540684
20,carrier_only,101,0,0.050347222222222224,24,32.0,1,1.0,26.51762639459491
21,carrier_only,101,0,0.0525462962962963,24,32.0,1,1.0,27.153598786218097
22,carrier_only,101,0,0.05451388888888889,24,32.0,1,1.0,28.249458343581093
23,carrier_only,101,0,0.056712962962962965,24,32.0,1,1.0,28.424566866770782
24,carrier_only,101,0,0.05925925925925926,24,32.0,1,1.0,29.295430000672436
25,carrier_only,101,0,0.06296296296296296,24,31.999337739642325,1,1.0,29.784262048690216
26,carrier_only,101,0,0.06550925925925925,24,32.0,1,1.0,30.38676333001842
27,carrier_only,101,0,0.06782407407407408,24,31.999819835466635,1,1.0,30.704768727868974
28,carrier_only,101,0,0.07048611111111111,24,31.99670432187475,1,1.0,30.882306268666042
29,carrier_only,101,0,0.07361111111111111,24,31.989032013614036,1,1.0,31.2892285086834
30,carrier_only,101,0,0.07708333333333334,24,31.97598025604077,1,1.0,31.76983844010403
31,carrier_only,101,0,0.07893518518518519,24,31.966884261782536,1,1.0,32.468335493942554
32,carrier_only,101,0,0.08136574074074074,24,31.950389432428096,1,1.0,33.05085124928906
33,carrier_only,101,0,0.084375,24,31.928444370640467,1,1.0,33.518258600229366
34,carrier_only,101,0,0.08784722222222222,24,31.900299841398077,1,1.0,34.403476774170656
35,carrier_only,101,0,0.09027777777777778,24,31.863177876575946,1,1.0,35.11867687761359
36,carrier_only,101,0,0.0931712962962963,24,31.822442382871326,1,1.0,35.937340669513475
37,carrier_only,101,0,0.09606481481481481,24,31.780597431374815,1,1.0,36.56741320846534
38,carrier_only,101,0,0.09849537037037037,24,31.73512253417839,1,1.0,37.16375361157394
39,carrier_only,101,0,0.10162037037037037,24,31.669954439033813,1,1.0,38.24535625022018
40,carrier_only,101,0,0.1037037037037037,24,31.632742775631836,1,1.0,38.5504979895659
41,carrier_only,101,0,0.10659722222222222,24,31.571597641524686,1,1.0,39.34772958664427
42,carrier_only,101,0,0.10925925925925926,24,31.508688558238692,1,1.0,39.996394175097
43,carrier_only,101,0,0.11226851851851852,24,31.421882717453204,1,1.0,40.523486996493254
44,carrier_only,101,0,0.11539351851851852,24,31.32633545681425,1,1.0,41.43438158662933
45,carrier_only,101,0,0.11956018518518519,24,31.22551438010905,1,1.0,42.434856149527235
46,carrier_only,101,0,0.12256944444444444,24,31.11790489360853,1,1.0,42.72362877304624
47,carrier_only,101,0,0.12534722222222222,24,31.00008294952242,1,1.0,43.19293379746159
48,carrier_only,101,0,0.12824074074074074,24,30.884995237736263,1,1.0,44.03440172833261
49,carrier_only,101,0,0.1318287037037037,24,30.757488098932203,1,1.0,44.706656145735536
50,carrier_only,101,0,0.13495370370370371,24,30.590836074146655,1,1.0,45.220262460169565
51,carrier_only,101,0,0.13935185185185187,24,30.427791146162168,1,1.0,46.28396143113347
52,carrier_only,101,0,0.1423611111111111,24,30.253433774571832,1,1.0,46.94718004325011
53,carrier_only,101,0,0.1457175925925926,24,30.062739744840655,1,1.0,47.37067216849125
54,carrier_only,101,0,0.14907407407407408,24,29.865747748920736,1,1.0,47.9872564098737
55,carrier_only,101,0,0.15185185185185185,24,29.668525216259415,1,1.0,48.91481917690465
56,carrier_only,101,0,0.15648148148148147,24,29.44448806596161,1,1.0,49.16064011465953
57,carrier_only,101,0,0.16018518518518518,24,29.198269002114216,1,1.0,49.857291185786345
58,carrier_only,101,0,0.16342592592592592,24,28.9446861012237,1,1.0,50.564838734319835
59,carrier_only,101,0,0.1673611111111111,24,28.71154988873955,1,1.0,51.612148570492764
60,carrier_only,101,0,0.17118055555555556,24,28.452421556300987,1,1.0,52.299405831747656
61,carrier_only,101,0,0.17407407407407408,24,28.194658965060754,1,1.0,52.76810389313444
62,carrier_only,101,0,0.17719907407407406,24,27.89478001568924,1,1.0,53.77418595570468
63,carrier_only,101,0,0.18136574074074074,24,27.599386939804777,1,1.0,54.24020234198234
64,carrier_only,101,0,0.18449074074074073,24,27.306160672788796,1,1.0,55.31310200333526
65,carrier_only,101,0,0.18796296296296297,24,27.003043141703454,1,1.0,56.053811189025936
66,carrier_only,101,0,0.1912037037037037,24,26.681140086988915,1,1.0,57.09801983470848
67,carrier_only,101,0,0.19560185185185186,24,26.355263376225462,1,1.0,58.20224610201849
68,carrier_only,101,0,0.19872685185185185,24,26.026776123701257,1,1.0,59.25137954566589
69,carrier_only,101,0,0.20162037037037037,24,25.71196646596731,1,1.0,59.53212635031435
70,carrier_only,101,0,0.20578703703703705,24,25.3543202799406,1,1.0,60.651162334812405
71,carrier_only,101,0,0.20983796296296298,24,25.028631153024453,1,1.0,61.263811766328814
72,carrier_only,101,0,0.21342592592592594,24,24.67380061482794,1,1.0,62.114601447942135
73,carrier_only,101,0,0.21712962962962962,24,24.292447214581575,1,1.0,63.297786555391234
74,carrier_only,101,0,0.22037037037037038,24,23.926663231453045,1,1.0,63.92538020346692
75,carrier_only,101,0,0.22395833333333334,24,23.576677417354926,1,1.0,64.86018475160007
76,carrier_only,101,0,0.22824074074074074,24,23.216054843911895,1,1.0,65.56721494627874
77,carrier_only,101,0,0.23171296296296295,24,22.847907970084165,1,1.0,66.26763939247799
78,carrier_only,101,0,0.2355324074074074,24,22.481705832343465,1,1.0,67.07895363341663
79,carrier_only,101,0,0.23969907407407406,24,22.110289005983788,1,1.0,68.15206829465374
80,carrier_only,101,0,0.24363425925925927,24,21.73888380879411,1,1.0,69.39175366893019
81,carrier_only,101,0,0.246875,24,21.364964434311332,1,1.0,70.20910912092585
82,carrier_only,101,0,0.25092592592592594,24,20.98597029147221,1,1.0,70.70491220784791
83,carrier_only,101,0,0.2552083333333333,24,20.605497410692795,1,1.0,71.96275516656708
84,carrier_only,101,0,0.2585648148148148,24,20.221400054282338,1,1.0,73.08888066531492
85,carrier_only,101,0,0.262037037037037,24,19.80965346993443,1,1.0,73.81747694223837
86,carrier_only,101,0,0.26458333333333334,24,19.43920500271491,1,1.0,74.49009450815913
87,carrier_only,101,0,0.26840277777777777,24,19.03374280793378,1,1.0,75.70885485427516
88,carrier_only,101,0,0.2722222222222222,24,18.639956365199772,1,1.0,76.3328456747715
89,carrier_only,101,0,0.2747685185185185,24,18.230458564465163,1,1.0,76.6818163248174
90,carrier_only,101,0,0.27824074074074073,24,17.807645909306164,1,1.0,77.7942873953866
91,carrier_only,101,0,0.2818287037037037,24,17.401608821608168,1,1.0,78.54590204079594
92,carrier_only,101,0,0.2849537037037037,24,16.957510828426987,1,1.0,79.46401301478546
93,carrier_only,101,0,0.2886574074074074,24,16.550778639352433,1,1.0,80.38915075786414
94,carrier_only,101,0,0.2914351851851852,24,16.160078983389305,1,1.0,81.03992124693339
95,carrier_only,101,0,0.29560185185185184,24,15.730753584129227,1,1.0,81.52217410390979
96,carrier_only,101,0,0.2986111111111111,24,15.340494153748608,1,1.0,82.35821812772006
97,carrier_only,101,0,0.3023148148148148,24,14.944000639155197,1,1.0,83.3355490996664
98,carrier_only,101,0,0.3054398148148148,24,14.511845714541444,1,1.0,84.37289827079968
99,carrier_only,101,0,0.30868055555555557,24,14.083599503730433,1,1.0,85.47692547678734
100,carrier_only,101,0,0.3130787037037037,24,13.680535059653309,1,1.0,86.18586952132081
101,carrier_only,101,0,0.31655092592592593,24,13.280689640456686,1,1.0,87.18100442457107
102,carrier_only,101,0,0.3193287037037037,24,12.879127228898945,1,1.0,88.2457290304657
103,carrier_only,101,0,0.3230324074074074,24,12.476879042669308,1,1.0,89.19118099815512
104,carrier_only,101,0,0.32719907407407406,24,12.04392562621331,1,1.0,90.2479606771864
105,carrier_only,101,0,0.33217592592592593,24,11.631240072667042,1,1.0,91.31431393283727
106,carrier_only,101,0,0.3353009259259259,24,11.209101291669304,1,1.0,92.05991987508072
107,carrier_only,101,0,0.33958333333333335,24,10.827884118313543,1,1.0,93.14643711405681
108,carrier_only,101,0,0.34293981481481484,24,10.408463487871492,1,1.0,94.18672899430183
109,carrier_only,101,0,0.3472222222222222,24,10.019832122281398,1,1.0,94.85018665176985
110,carrier_only,101,0,0.350462962962963,24,9.608539641834968,1,1.0,95.59317869213498
111,carrier_only,101,0,0.35462962962962963,24,9.200775127681178,1,1.0,96.65672383857961
112,carrier_only,101,0,0.35844907407407406,24,8.777029555191296,1,1.0,97.74379421942122
113,carrier_only,101,0,0.36238425925925927,24,8.36048787424401,1,1.0,98.45138584708299
114,carrier_only,101,0,0.3664351851851852,22,8.67683947102781,1,1.0,99.38271514200073
115,carrier_only,101,0,0.3695601851851852,22,8.261592013878701,1,1.0,99.45439902039084
116,carrier_only,101,0,0.37222222222222223,21,8.230193245436109,1,1.0,100.1863384268945
117,carrier_only,101,0,0.3763888888888889,21,7.817167388330818,1,1.0,101.35636316176667
118,carrier_only,101,0,0.3783564814814815,20,7.771938922815683,1,1.0,101.97798875391427
119,carrier_only,101,0,0.38090277777777776,20,7.370702096881239,1,1.0,101.97798875391427
120,carrier_only,101,0,0.38298611111111114,20,6.956375254442212,1,1.0,101.97798875391427
121,carrier_only,101,0,0.3849537037037037,20,6.5582490389658945,1,1.0,101.97798875391427
122,carrier_only,101,0,0.3872685185185185,19,6.494923470191909,1,1.0,101.97798875391427
123,carrier_only,101,0,0.3891203703703704,19,6.083132506140528,1,1.0,101.97798875391427
124,carrier_only,101,0,0.39155092592592594,19,5.685402996692869,1,1.0,101.97798875391427
125,carrier_only,101,0,0.39328703703703705,19,5.254121597505478,1,1.0,101.97798875391427
126,carrier_only,101,0,0.39560185185185187,19,4.845669270365514,1,1.0,101.97798875391427
127,carrier_only,101,0,0.3980324074074074,18,4.661833691611494,1,1.0,101.97798875391427
128,carrier_only,101,0,0.40011574074074074,18,4.249298239569474,1,1.0,101.97798875391427
129,carrier_only,101,0,0.4023148148148148,17,4.049344387251342,1,1.0,101.97798875391427
130,carrier_only,101,0,0.40405092592592595,17,3.6276504812825174,1,1.0,101.97798875391427
131,carrier_only,101,0,0.40497685185185184,15,3.66670962136456,1,1.0,101.97798875391427
132,carrier_only,101,0,0.4063657407407407,15,3.23757043835087,1,1.0,101.97798875391427
133,carrier_only,101,0,0.4068287037037037,14,3.042025862742024,1,1.0,101.97798875391427
134,carrier_only,101,0,0.40752314814814816,13,2.8394754062541776,1,1.0,101.97798875391427
135,carrier_only,101,0,0.40868055555555555,12,2.648997604011187,1,1.0,101.97798875391427
136,carrier_only,101,0,0.4099537037037037,12,2.2420111821991298,1,1.0,101.97798875391427
137,carrier_only,101,0,0.41064814814814815,11,2.038697589549689,1,1.0,101.97798875391427
138,carrier_only,101,0,0.41180555555555554,10,1.7884206820155346,1,1.0,102.48123379133709
139,carrier_only,101,0,0.41215277777777776,8,1.800979573461888,1,1.0,102.71694530273918
140,carrier_only,101,0,0.41238425925925926,6,1.9194338177685186,1,1.0,102.71694530273918
141,carrier_only,101,0,0.41261574074074076,5,1.8456381730997147,1,1.0,102.71694530273918
142,carrier_only,101,0,0.4127314814814815,5,1.3791543555441081,1,1.0,102.71694530273918
143,carrier_only,101,0,0.4131944444444444,4,1.2360631158388418,1,1.0,102.71694530273918
144,carrier_only,101,0,0.41388888888888886,4,0.8003987884541962,1,1.0,102.71694530273918
145,carrier_only,101,0,0.41388888888888886,3,0.6449376342383563,1,1.0,102.71694530273918
146,carrier_only,101,0,0.41388888888888886,1,0.9548331855946566,1,1.0,102.71694530273918
147,carrier_only,101,0,0.41388888888888886,1,0.6298715933065085,1,1.0,102.71694530273918
148,carrier_only,101,0,0.41388888888888886,1,0.1779642277470107,1,1.0,102.71694530273918
149,carrier_only,101,0,0.41388888888888886,0,0.0,1,1.0,102.71694530273918
150,carrier_only,101,0,0.41388888888888886,0,0.0,1,1.0,102.71694530273918
151,carrier_only,101,0,0.41388888888888886,0,0.0,1,1.0,102.71694530273918
152,carrier_only,101,0,0.41388888888888886,0,0.0,1,1.0,102.71694530273918
153,carrier_only,101,0,0.41388888888888886,0,0.0,1,1.0,102.71694530273918
154,carrier_only,101,0,0.41388888888888886,0,0.0,1,1.0,102.71694530273918
155,carrier_only,101,0,0.41388888888888886,0,0.0,1,1.0,102.71694530273918
156,carrier_only,101,0,0.41388888888888886,0,0.0,1,1.0,102.71694530273918
157,carrier_only,101,0,0.41388888888888886,0,0.0,1,1.0,102.71694530273918
158,carrier_only,101,0,0.41388888888888886,0,0.0,1,1.0,102.71694530273918
159,carrier_only,101,0,0.41388888888888886,0,0.0,1,1.0,102.71694530273918
160,carrier_only,101,0,0.41388888888888886,0,0.0,1,1.0,102.71694530273918
161,carrier_only,101,0,0.41388888888888886,0,0.0,1,1.0,102.71694530273918
162,carrier_only,101,0,0.41388888888888886,0,0.0,1,1.0,102.71694530273918
163,carrier_only,101,0,0.41388888888888886,0,0.0,1,1.0,102.71694530273918
164,carrier_only,101,0,0.41388888888888886,0,0.0,1,1.0,102.71694530273918
165,carrier_only,101,0,0.41388888888888886,0,0.0,1,1.0,102.71694530273918
166,carrier_only,101,0,0.41388888888888886,0,0.0,1,1.0,102.71694530273918
167,carrier_only,101,0,0.41388888888888886,0,0.0,1,1.0,102.71694530273918
168,carrier_only,101,0,0.41388888888888886,0,0.0,1,1.0,102.71694530273918
169,carrier_only,101,0,0.41388888888888886,0,0.0,1,1.0,102.71694530273918
170,carrier_only,101,0,0.41388888888888886,0,0.0,1,1.0,102.71694530273918
171,carrier_only,101,0,0.41388888888888886,0,0.0,1,1.0,102.71694530273918
172,carrier_only,101,0,0.41388888888888886,0,0.0,1,1.0,102.71694530273918
173,carrier_only,101,0,0.41388888888888886,0,0.0,1,1.0,102.71694530273918
174,carrier_only,101,0,0.41388888888888886,0,0.0,1,1.0,102.71694530273918
175,carrier_only,101,0,0.41388888888888886,0,0.0,1,1.0,102.71694530273918
176,carrier_only,101,0,0.41388888888888886,0,0.0,1,1.0,102.71694530273918
177,carrier_only,101,0,0.41388888888888886,0,0.0,1,1.0,102.71694530273918
178,carrier_only,101,0,0.41388888888888886,0,0.0,1,1.0,102.71694530273918
179,carrier_only,101,0,0.41388888888888886,0,0.0,1,1.0,102.71694530273918
180,carrier_only,101,0,0.41388888888888886,0,0.0,1,1.0,102.71694530273918
181,carrier_only,101,0,0.41388888888888886,0,0.0,1,1.0,102.71694530273918
182,carrier_only,101,0,0.41388888888888886,0,0.0,1,1.0,102.71694530273918
183,carrier_only,101,0,0.41388888888888886,0,0.0,1,1.0,102.71694530273918
184,carrier_only,101,0,0.41388888888888886,0,0.0,1,1.0,102.71694530273918
185,carrier_only,101,0,0.41388888888888886,0,0.0,1,1.0,102.71694530273918
186,carrier_only,101,0,0.41388888888888886,0,0.0,1,1.0,102.71694530273918
187,carrier_only,101,0,0.41388888888888886,0,0.0,1,1.0,102.71694530273918
188,carrier_only,101,0,0.41388888888888886,0,0.0,1,1.0,102.71694530273918
189,carrier_only,101,0,0.41388888888888886,0,0.0,1,1.0,102.71694530273918
190,carrier_only,101,0,0.41388888888888886,0,0.0,1,1.0,102.71694530273918
191,carrier_only,101,0,0.41388888888888886,0,0.0,1,1.0,102.71694530273918
192,carrier_only,101,0,0.41388888888888886,0,0.0,1,1.0,102.71694530273918
193,carrier_only,101,0,0.41388888888888886,0,0.0,1,1.0,102.71694530273918
194,carrier_only,101,0,0.41388888888888886,0,0.0,1,1.0,102.71694530273918
195,carrier_only,101,0,0.41388888888888886,0,0.0,1,1.0,102.71694530273918
196,carrier_only,101,0,0.41388888888888886,0,0.0,1,1.0,102.71694530273918
197,carrier_only,101,0,0.41388888888888886,0,0.0,1,1.0,102.71694530273918
198,carrier_only,101,0,0.41388888888888886,0,0.0,1,1.0,102.71694530273918
199,carrier_only,101,0,0.41388888888888886,0,0.0,1,1.0,102.71694530273918
200,carrier_only,101,0,0.41388888888888886,0,0.0,1,1.0,102.71694530273918
201,carrier_only,101,0,0.41388888888888886,0,0.0,1,1.0,102.71694530273918
202,carrier_only,101,0,0.41388888888888886,0,0.0,1,1.0,102.71694530273918
203,carrier_only,101,0,0.41388888888888886,0,0.0,1,1.0,102.71694530273918
204,carrier_only,101,0,0.41388888888888886,0,0.0,1,1.0,102.71694530273918
205,carrier_only,101,0,0.41388888888888886,0,0.0,1,1.0,102.71694530273918
206,carrier_only,101,0,0.41388888888888886,0,0.0,1,1.0,102.71694530273918
207,carrier_only,101,0,0.41388888888888886,0,0.0,1,1.0,102.71694530273918
208,carrier_only,101,0,0.41388888888888886,0,0.0,1,1.0,102.71694530273918
209,carrier_only,101,0,0.41388888888888886,0,0.0,1,1.0,102.71694530273918
210,carrier_only,101,0,0.41388888888888886,0,0.0,1,1.0,102.71694530273918
211,carrier_only,101,0,0.41388888888888886,0,0.0,1,1.0,102.71694530273918
212,carrier_only,101,0,0.41388888888888886,0,0.0,1,1.0,102.71694530273918
213,carrier_only,101,0,0.41388888888888886,0,0.0,1,1.0,102.71694530273918
214,carrier_only,101,0,0.41388888888888886,0,0.0,1,1.0,102.71694530273918
215,carrier_only,101,0,0.41388888888888886,0,0.0,1,1.0,102.71694530273918
216,carrier_only,101,0,0.41388888888888886,0,0.0,1,1.0,102.71694530273918
217,carrier_only,101,0,0.41388888888888886,0,0.0,1,1.0,102.71694530273918
218,carrier_only,101,0,0.41388888888888886,0,0.0,1,1.0,102.71694530273918
219,carrier_only,101,0,0.41388888888888886,0,0.0,1,1.0,102.71694530273918
220,carrier_only,101,0,0.41388888888888886,0,0.0,1,1.0,102.71694530273918
221,carrier_only,101,0,0.41388888888888886,0,0.0,1,1.0,102.71694530273918
222,carrier_only,101,0,0.41388888888888886,0,0.0,1,1.0,102.71694530273918
223,carrier_only,101,0,0.41388888888888886,0,0.0,1,1.0,102.71694530273918
224,carrier_only,101,0,0.41388888888888886,0,0.0,1,1.0,102.71694530273918
225,carrier_only,101,0,0.41388888888888886,0,0.0,1,1.0,102.71694530273918
226,carrier_only,101,0,0.41388888888888886,0,0.0,1,1.0,102.71694530273918
227,carrier_only,101,0,0.41388888888888886,0,0.0,1,1.0,102.71694530273918
228,carrier_only,101,0,0.41388888888888886,0,0.0,1,1.0,102.71694530273918
229,carrier_only,101,0,0.41388888888888886,0,0.0,1,1.0,102.71694530273918
230,carrier_only,101,0,0.41388888888888886,0,0.0,1,1.0,102.71694530273918
231,carrier_only,101,0,0.41388888888888886,0,0.0,1,1.0,102.71694530273918
232,carrier_only,101,0,0.41388888888888886,0,0.0,1,1.0,102.71694530273918
233,carrier_only,101,0,0.41388888888888886,0,0.0,1,1.0,102.71694530273918
234,carrier_only,101,0,0.41388888888888886,0,0.0,1,1.0,102.71694530273918
235,carrier_only,101,0,0.41388888888888886,0,0.0,1,1.0,102.71694530273918
236,carrier_only,101,0,0.41388888888888886,0,0.0,1,1.0,102.71694530273918
237,carrier_only,101,0,0.41388888888888886,0,0.0,1,1.0,102.71694530273918
238,carrier_only,101,0,0.41388888888888886,0,0.0,1,1.0,102.71694530273918
239,carrier_only,101,0,0.41388888888888886,0,0.0,1,1.0,102.71694530273918
0,fixed_relay,7,0,0.007291666666666667,24,32.0,1,1.0,10.523415570254752
1,fixed_relay,7,0,0.009375,24,32.0,1,1.0,11.03811125843981
2,fixed_relay,7,0,0.011226851851851852,24,32.0,1,1.0,11.744940399351227
3,fixed_relay,7,0,0.012962962962962963,24,32.0,1,1.0,12.56225772201615
4,fixed_relay,7,0,0.015393518518518518,24,32.0,1,1.0,13.216748133429373
5,fixed_relay,7,0,0.017361111111111112,24,32.0,1,1.0,13.935300605601844
6,fixed_relay,7,0,0.019212962962962963,24,32.0,1,1.0,14.59213979231648
7,fixed_relay,7,0,0.02141203703703704,24,32.0,1,1.0,15.329010437758837
8,fixed_relay,7,0,0.02326388888888889,24,32.0,1,1.0,16.492619252676096
9,fixed_relay,7,0,0.025347222222222222,24,32.0,1,1.0,16.97735321501842
10,fixed_relay,7,0,0.026851851851851852,24,32.0,1,1.0,17.5445651002802
11,fixed_relay,7,0,0.028587962962962964,24,32.0,1,1.0,18.429691372581278
12,fixed_relay,7,0,0.031018518518518518,24,32.0,1,1.0,19.629102636323275
13,fixed_relay,7,0,0.03356481481481482,24,32.0,1,1.0,20.197718342843338
14,fixed_relay,7,0,0.03599537037037037,24,32.0,1,1.0,21.44971808098547
15,fixed_relay,7,0,0.03831018518518518,24,32.0,1,1.0,22.294080655826384
16,fixed_relay,7,0,0.03981481481481482,24,32.0,1,1.0,22.983055208268944
17,fixed_relay,7,0,0.04212962962962963,24,32.0,1,1.0,23.69021605450056
18,fixed_relay,7,0,0.043287037037037034,24,32.0,1,1.0,24.11127115165771
19,fixed_relay,7,0,0.04594907407407407,24,32.0,1,1.0,24.944658357586466
20,fixed_relay,7,0,0.047453703703703706,24,32.0,1,1.0,25.381683262762692
21,fixed_relay,7,0,0.049652777777777775,24,32.0,1,1.0,26.329050614795083
22,fixed_relay,7,0,0.05219907407407407,24,32.0,1,1.0,27.42821943157296
23,fixed_relay,7,0,0.053703703703703705,24,32.0,1,1.0,27.72007144558275
24,fixed_relay,7,0,0.05555555555555555,24,32.0,1,1.0,28.467770222375133
25,fixed_relay,7,0,0.057060185185185186,24,32.0,1,1.0,28.96007714621999
26,fixed_relay,7,0,0.05949074074074074,24,31.99979361535455,1,1.0,29.29401793969977
27,fixed_relay,7,0,0.06157407407407407,24,32.0,1,1.0,30.170666051322147
28,fixed_relay,7,0,0.06435185185185185,24,31.99790673439996,1,1.0,30.947602744364886
29,fixed_relay,7,0,0.06701388888888889,24,31.993420095161422,1,1.0,31.477446794092042
30,fixed_relay,7,0,0.07013888888888889,24,31.975769937139876,1,1.0,32.6148471663465
31,fixed_relay,7,0,0.07256944444444445,24,31.963314114215052,1,1.0,32.934657379136134
32,fixed_relay,7,0,0.07615740740740741,24,31.94892271940779,1,1.0,33.30041588318566
33,fixed_relay,7,0,0.07847222222222222,24,31.9316896404727,1,1.0,34.01750430731918
34,fixed_relay,7,0,0.08252314814814815,24,31.895858093524065,1,1.0,35.17316751877583
35,fixed_relay,7,0,0.08599537037037037,24,31.862947829561637,1,1.0,35.95546165909636
36,fixed_relay,7,0,0.08923611111111111,24,31.81704947423255,1,1.0,36.48375013323566
37,fixed_relay,7,0,0.09270833333333334,24,31.762298806972392,1,1.0,37.26882315168717
38,fixed_relay,7,0,0.09513888888888888,24,31.723207609835466,1,1.0,37.985737501768945
39,fixed_relay,7,0,0.09780092592592593,24,31.66296860431523,1,1.0,38.32043125096964
40,fixed_relay,7,0,0.10104166666666667,24,31.745002955189904,2,1.0,39.52432453465373
41,fixed_relay,7,0,0.10335648148148148,24,31.766486122967013,2,1.0,40.150930056960796
42,fixed_relay,7,0,0.10694444444444444,24,31.78362970738151,2,1.0,41.20279672355951
43,fixed_relay,7,0,0.11041666666666666,24,31.80370163562577,2,1.0,41.768734519449914
44,fixed_relay,7,0,0.11342592592592593,24,31.80104365920356,2,1.0,42.665280111362875
45,fixed_relay,7,0,0.11689814814814815,24,31.79070530477952,2,1.0,43.35363098658913
46,fixed_relay,7,0,0.12106481481481482,24,31.783558578813466,2,1.0,43.7690344923435
47,fixed_relay,7,0,0.12534722222222222,24,31.778746806657164,2,1.0,44.55570509035923
48,fixed_relay,7,0,0.12974537037037037,24,31.760710148006893,2,1.0,45.52701481328076
49,fixed_relay,7,0,0.1335648148148148,24,31.749592669821244,2,1.0,46.30144904830005
50,fixed_relay,7,0,0.1375,24,31.72794821572171,2,1.0,46.99058990127584
51,fixed_relay,7,0,0.14027777777777778,24,31.71172700290259,2,1.0,47.44665778292328
52,fixed_relay,7,0,0.14421296296296296,24,31.689522581927196,2,1.0,48.157785065661564
53,fixed_relay,7,0,0.14780092592592592,24,31.661801079173923,2,1.0,49.38550963029228
54,fixed_relay,7,0,0.15127314814814816,24,31.638452171195272,2,1.0,49.83910132060173
55,fixed_relay,7,0,0.15381944444444445,24,31.616549926561543,2,1.0,50.37470147762227
56,fixed_relay,7,0,0.1571759259259259,24,31.58950850133338,2,1.0,51.23913438919484
57,fixed_relay,7,0,0.1605324074074074,24,31.559790967783982,2,1.0,51.953755480507475
58,fixed_relay,7,0,0.16400462962962964,24,31.518007916421407,2,1.0,52.2583819542479
59,fixed_relay,7,0,0.1667824074074074,24,31.49291308573085,2,1.0,52.73768897627369
60,fixed_relay,7,0,0.16979166666666667,24,31.454846620858007,2,1.0,53.6642482856167
61,fixed_relay,7,0,0.1724537037037037,24,31.407619902344596,2,1.0,54.81889210042588
62,fixed_relay,7,0,0.17708333333333334,24,31.35250019045917,2,1.0,55.325906632096796
63,fixed_relay,7,0,0.18101851851851852,24,31.300912725928374,2,1.0,55.93821896843004
64,fixed_relay,7,0,0.18449074074074073,24,31.232697308156734,2,1.0,56.93414682232958
65,fixed_relay,7,0,0.1886574074074074,24,31.166535553428712,2,1.0,57.84118974715296
66,fixed_relay,7,0,0.19155092592592593,24,31.100267997696132,2,1.0,58.64131844539836
67,fixed_relay,7,0,0.19444444444444445,24,31.035230752434654,2,1.0,59.25085987095512
68,fixed_relay,7,0,0.19837962962962963,24,30.955620630274524,2,1.0,60.215851370569034
69,fixed_relay,7,0,0.2019675925925926,24,30.875314785737686,2,1.0,60.47391495969625
70,fixed_relay,7,0,0.20543981481481483,24,30.783322278020574,2,1.0,60.69061236199351
71,fixed_relay,7,0,0.20891203703703703,24,30.693049499730183,2,1.0,61.46432713604027
72,fixed_relay,7,0,0.21215277777777777,24,30.6072932100772,2,1.0,62.19587688955463
73,fixed_relay,7,0,0.21550925925925926,24,30.51597628323597,2,1.0,63.11732324537743
74,fixed_relay,7,0,0.2193287037037037,24,30.41527086489476,2,1.0,64.20505768030094
75,fixed_relay,7,0,0.22395833333333334,24,30.31697629669085,2,1.0,65.27758404150553
76,fixed_relay,7,0,0.22777777777777777,24,30.20028784425924,2,1.0,66.36215502441544
77,fixed_relay,7,0,0.23113425925925926,24,30.093041896595775,2,1.0,67.05472525203696
78,fixed_relay,7,0,0.23564814814814813,24,29.955413941813987,2,1.0,67.94226919820102
79,fixed_relay,7,0,0.23981481481481481,24,29.80514956686672,2,1.0,69.06566005148392
80,fixed_relay,7,0,0.24328703703703702,24,29.910222399474566,3,1.0,69.98510637499241
81,fixed_relay,7,0,0.2474537037037037,24,29.90979244614702,3,1.0,70.73127672343101
82,fixed_relay,7,0,0.25092592592592594,24,29.889201728313168,3,1.0,71.73496245109257
83,fixed_relay,7,0,0.25462962962962965,24,29.854307724995564,3,1.0,72.32881856437045
84,fixed_relay,7,0,0.2587962962962963,24,29.79813184845071,3,1.0,72.90875059520812
85,fixed_relay,7,0,0.26273148148148145,24,29.735457827926734,3,1.0,73.95078787793112
86,fixed_relay,7,0,0.2657407407407407,24,29.67487220737765,3,1.0,74.73906386249647
87,fixed_relay,7,0,0.26944444444444443,24,29.61109661126657,3,1.0,75.43368137742812
88,fixed_relay,7,0,0.27326388888888886,24,29.542033866686594,3,1.0,76.41558653714306
89,fixed_relay,7,0,0.27743055555555557,24,29.477908904519406,3,1.0,77.39233072317161
90,fixed_relay,7,0,0.28125,24,29.4126667370985,3,1.0,77.56440974963166
91,fixed_relay,7,0,0.28402777777777777,24,29.350300927735148,3,1.0,78.2073374924846
92,fixed_relay,7,0,0.28761574074074076,24,29.27140947444507,3,1.0,79.34502084187146
93,fixed_relay,7,0,0.2914351851851852,24,29.184079193698228,3,1.0,79.80272215315205
94,fixed_relay,7,0,0.29583333333333334,24,29.100818280771986,3,1.0,80.68126994525099
95,fixed_relay,7,0,0.2980324074074074,24,29.02531321672262,3,1.0,81.21201748587207
96,fixed_relay,7,0,0.3023148148148148,24,28.929823141297025,3,1.0,82.46683379913836
97,fixed_relay,7,0,0.305787037037037,24,28.835166263609025,3,1.0,83.3681407370326
98,fixed_relay,7,0,0.3090277777777778,24,28.742291288604605,3,1.0,83.9450838977074
99,fixed_relay,7,0,0.31296296296296294,24,28.648185988873973,3,1.0,84.98736094666985
100,fixed_relay,7,0,0.316087962962963,24,28.55594175543891,3,1.0,85.88788118963798
101,fixed_relay,7,0,0.3189814814814815,24,28.461777723628927,3,1.0,86.34795698086651
102,fixed_relay,7,0,0.32199074074074074,24,28.356305503884272,3,1.0,87.47227060323694
103,fixed_relay,7,0,0.32534722222222223,24,28.258216316794265,3,1.0,88.62206790253292
104,fixed_relay,7,0,0.3282407407407407,24,28.167742444521735,3,1.0,88.87049715514293
105,fixed_relay,7,0,0.33229166666666665,24,28.047238783805682,3,1.0,89.42621563372414
106,fixed_relay,7,0,0.3347222222222222,24,27.954848764446535,3,1.0,90.07043341028417
107,fixed_relay,7,0,0.33773148148148147,24,27.84475459903116,3,1.0,90.74907983903664
108,fixed_relay,7,0,0.3414351851851852,24,27.712693494303156,3,1.0,91.3443977102117
109,fixed_relay,7,0,0.34375,24,27.58841035022664,3,1.0,92.23156107169955
110,fixed_relay,7,0,0.34756944444444443,24,27.467842393469095,3,1.0,93.49327486826198
111,fixed_relay,7,0,0.35011574074074076,24,27.357702761890447,3,1.0,93.9864924505447
112,fixed_relay,7,0,0.35381944444444446,24,27.196378102766392,3,1.0,95.1104158180608
113,fixed_relay,7,0,0.35682870370370373,24,27.04682929135136,3,1.0,96.11997125139423
114,fixed_relay,7,0,0.3607638888888889,24,26.8824564729692,3,1.0,97.0141332135786
115,fixed_relay,7,0,0.36493055555555554,24,26.694120700806593,3,1.0,97.66473217834938
116,fixed_relay,7,0,0.3679398148148148,24,26.508157583199885,3,1.0,98.63901316134101
117,fixed_relay,7,0,0.37094907407407407,24,26.33481277287525,3,1.0,99.19167399908325
118,fixed_relay,7,0,0.37418981481481484,24,26.112794938610097,3,1.0,100.00264704375871
119,fixed_relay,7,0,0.3770833333333333,24,25.89535282500349,3,1.0,100.89966381057837
120,fixed_relay,7,0,0.3802083333333333,24,26.12565708644566,4,1.0,101.65960650862802
121,fixed_relay,7,0,0.38310185185185186,24,26.128806473725373,4,1.0,102.53071349007746
122,fixed_relay,7,0,0.3861111111111111,24,26.093731161978088,4,1.0,103.36606718070765
123,fixed_relay,7,0,0.3885416666666667,24,26.03036155880479,4,1.0,103.81211377192247
124,fixed_relay,7,0,0.39189814814814816,24,25.961596870064103,4,1.0,104.65893684235216
125,fixed_relay,7,0,0.39525462962962965,24,25.880034001602947,4,1.0,105.73029443744387
126,fixed_relay,7,0,0.3988425925925926,24,25.7955170352127,4,1.0,106.06871916979549
127,fixed_relay,7,0,0.40219907407407407,23,26.845177461000972,4,1.0,106.21525817518156
128,fixed_relay,7,0,0.4056712962962963,23,26.754251732069385,4,1.0,107.47002239899443
129,fixed_relay,7,0,0.40891203703703705,23,26.667977396193603,4,1.0,107.99259419531239
130,fixed_relay,7,0,0.4116898148148148,23,26.578503507092705,4,1.0,109.04933176457119
131,fixed_relay,7,0,0.4146990740740741,23,26.47048780704819,4,1.0,109.72506636172996
132,fixed_relay,7,0,0.41805555555555557,23,26.372524997584794,4,1.0,110.16272088720805
133,fixed_relay,7,0,0.4217592592592593,23,26.265376820569635,4,1.0,111.33066758233002
134,fixed_relay,7,0,0.4241898148148148,23,26.170434586185703,4,1.0,112.06002823952696
135,fixed_relay,7,0,0.42743055555555554,23,26.050469783076814,4,1.0,112.85977447918218
136,fixed_relay,7,0,0.4303240740740741,22,27.138377483988634,4,1.0,113.80241936571545
137,fixed_relay,7,0,0.43333333333333335,22,27.048668650486118,4,1.0,114.5211648862577
138,fixed_relay,7,0,0.4359953703703704,22,26.948601907299278,4,1.0,115.5938065585477
139,fixed_relay,7,0,0.43819444444444444,22,26.85289061026641,4,1.0,116.43508541001677
140,fixed_relay,7,0,0.4408564814814815,22,26.75516674895964,4,1.0,117.05950736995592
141,fixed_relay,7,0,0.4428240740740741,22,26.649540004128866,4,1.0,117.80936422351635
142,fixed_relay,7,0,0.4462962962962963,22,26.545141429991045,4,1.0,118.6597906267374
143,fixed_relay,7,0,0.44872685185185185,22,26.449755929806262,4,1.0,119.0
144,fixed_relay,7,0,0.4513888888888889,22,26.32292407847549,4,1.0,119.0
145,fixed_relay,7,0,0.4537037037037037,22,26.20740185592874,4,1.0,119.0
146,fixed_relay,7,0,0.45590277777777777,22,26.08316156700209,4,1.0,119.0
147,fixed_relay,7,0,0.45810185185185187,21,27.188536971971768,4,1.0,119.0
148,fixed_relay,7,0,0.45891203703703703,21,27.07926231015504,4,1.0,119.0
149,fixed_relay,7,0,0.46122685185185186,21,26.941577544411913,4,1.0,119.0
150,fixed_relay,7,0,0.46284722222222224,21,26.77402454811031,4,1.0,119.0
151,fixed_relay,7,0,0.46377314814814813,21,26.647978758358693,4,1.0,119.0
152,fixed_relay,7,0,0.46493055555555557,21,26.496697694884567,4,1.0,119.0
153,fixed_relay,7,0,0.4666666666666667,20,27.64316875141521,4,1.0,119.0
154,fixed_relay,7,0,0.4686342592592593,20,27.461461971976245,4,1.0,119.0
155,fixed_relay,7,0,0.4703703703703704,19,28.746380130113373,4,1.0,119.0
156,fixed_relay,7,0,0.4721064814814815,19,28.574841433323915,4,1.0,119.0
157,fixed_relay,7,0,0.47372685185185187,19,28.405352511172598,4,1.0,119.0
158,fixed_relay,7,0,0.47638888888888886,19,28.193648020701062,4,1.0,119.0
159,fixed_relay,7,0,0.478125,19,27.999376910344864,4,1.0,119.0
160,fixed_relay,7,0,0.47974537037037035,19,28.340495911377754,5,1.0,119.0
161,fixed_relay,7,0,0.48148148148148145,19,28.521609743580843,5,1.0,119.0
162,fixed_relay,7,0,0.4825231481481482,19,28.599305062865184,5,1.0,119.0
163,fixed_relay,7,0,0.4832175925925926,19,28.63793989469004,5,1.0,119.0
164,fixed_relay,7,0,0.4842592592592593,19,28.633098245897607,5,1.0,119.0
165,fixed_relay,7,0,0.4855324074074074,19,28.646332959732874,5,1.0,119.0
166,fixed_relay,7,0,0.48657407407407405,19,28.62851566082542,5,1.0,119.0
167,fixed_relay,7,0,0.4875,19,28.61878264678462,5,1.0,119.0
168,fixed_relay,7,0,0.4883101851851852,19,28.596038358057974,5,1.0,119.0
169,fixed_relay,7,0,0.48993055555555554,18,30.16393206782308,5,1.0,119.0
170,fixed_relay,7,0,0.491087962962963,18,30.148346750859837,5,1.0,119.0
171,fixed_relay,7,0,0.49224537037037036,18,30.130671676845566,5,1.0,119.0
172,fixed_relay,7,0,0.49386574074074074,18,30.11538281993192,5,1.0,119.0
173,fixed_relay,7,0,0.4949074074074074,18,30.074120648314572,5,1.0,119.0
174,fixed_relay,7,0,0.4960648148148148,18,30.037446994352095,5,1.0,119.0
175,fixed_relay,7,0,0.49722222222222223,18,30.010376470177405,5,1.0,119.0
176,fixed_relay,7,0,0.4983796296296296,18,29.97942453921181,5,1.0,119.0
177,fixed_relay,7,0,0.4988425925925926,18,29.945792631022055,5,1.0,119.0
178,fixed_relay,7,0,0.4994212962962963,18,29.90053038207841,5,1.0,119.0
179,fixed_relay,7,0,0.4997685185185185,18,29.83837603620681,5,1.0,119.0
180,fixed_relay,7,0,0.5003472222222223,18,29.78989323916895,5,1.0,119.0
181,fixed_relay,7,0,0.5003472222222223,18,29.75645717978393,5,1.0,119.0
182,fixed_relay,7,0,0.5005787037037037,18,29.702365435060504,5,1.0,119.0
183,fixed_relay,7,0,0.5011574074074074,18,29.64762730431576,5,1.0,119.0
184,fixed_relay,7,0,0.5012731481481482,18,29.594506441181416,5,1.0,119.0
185,fixed_relay,7,0,0.5017361111111112,18,29.530971438697357,5,1.0,119.0
186,fixed_relay,7,0,0.5017361111111112,18,29.43169073726885,5,1.0,119.0
187,fixed_relay,7,0,0.5019675925925926,18,29.33990139160943,5,1.0,119.0
188,fixed_relay,7,0,0.502199074074074,18,29.247159594128878,5,1.0,119.0
189,fixed_relay,7,0,0.5024305555555556,18,29.153713594278518,5,1.0,119.0
190,fixed_relay,7,0,0.5030092592592592,18,29.044924522384203,5,1.0,119.0
191,fixed_relay,7,0,0.5039351851851852,18,28.92703896032237,5,1.0,119.0
192,fixed_relay,7,0,0.5040509259259259,18,28.82446777865685,5,1.0,119.0
193,fixed_relay,7,0,0.5043981481481481,18,28.70231425865824,5,1.0,119.0
194,fixed_relay,7,0,0.5046296296296297,18,28.60113329681432,5,1.0,119.0
195,fixed_relay,7,0,0.5046296296296297,18,28.458691562565182,5,1.0,119.0
196,fixed_relay,7,0,0.5046296296296297,18,28.323684796966358,5,1.0,119.0
197,fixed_relay,7,0,0.5046296296296297,18,28.164717437878448,5,1.0,119.0
198,fixed_relay,7,0,0.5047453703703704,18,28.016255838819735,5,1.0,119.0
199,fixed_relay,7,0,0.5047453703703704,18,27.866119848454638,5,1.0,119.0
200,fixed_relay,7,0,0.5047453703703704,18,28.33553400421315,6,1.0,119.0
201,fixed_relay,7,0,0.5047453703703704,18,28.70635934207666,6,1.0,119.0
202,fixed_relay,7,0,0.5047453703703704,18,29.043309739122567,6,1.0,119.0
203,fixed_relay,7,0,0.5047453703703704,18,29.284491572395886,6,1.0,119.0
204,fixed_relay,7,0,0.5047453703703704,18,29.502113680228522,6,1.0,119.0
205,fixed_relay,7,0,0.5047453703703704,18,29.721694654759364,6,1.0,119.0
206,fixed_relay,7,0,0.5047453703703704,18,29.872920305053942,6,1.0,119.0
207,fixed_relay,7,0,0.5047453703703704,18,30.001027303093046,6,1.0,119.0
208,fixed_relay,7,0,0.5047453703703704,18,30.127973191411755,6,1.0,119.0
209,fixed_relay,7,0,0.5047453703703704,18,30.222948217221628,6,1.0,119.0
210,fixed_relay,7,0,0.5047453703703704,18,30.319451613042613,6,1.0,119.0
211,fixed_relay,7,0,0.5047453703703704,18,30.39619523361095,6,1.0,119.0
212,fixed_relay,7,0,0.5047453703703704,18,30.457660138871145,6,1.0,119.0
213,fixed_relay,7,0,0.5047453703703704,18,30.523553146158932,6,1.0,119.0
214,fixed_relay,7,0,0.5047453703703704,18,30.58034911192058,6,1.0,119.0
215,fixed_relay,7,0,0.5047453703703704,18,30.647605512103876,6,1.0,119.0
216,fixed_relay,7,0,0.5047453703703704,18,30.710459493236144,6,1.0,119.0
217,fixed_relay,7,0,0.5047453703703704,18,30.764056967554968,6,1.0,119.0
218,fixed_relay,7,0,0.5047453703703704,18,30.83413959448856,6,1.0,119.0
219,fixed_relay,7,0,0.5047453703703704,18,30.896136943303556,6,1.0,119.0
220,fixed_relay,7,0,0.5047453703703704,18,30.948593092002827,6,1.0,119.0
221,fixed_relay,7,0,0.5047453703703704,18,31.014400860985607,6,1.0,119.0
222,fixed_relay,7,0,0.5047453703703704,18,31.07458126830031,6,1.0,119.0
223,fixed_relay,7,0,0.5047453703703704,18,31.144648448945127,6,1.0,119.0
224,fixed_relay,7,0,0.5047453703703704,18,31.201167357696605,6,1.0,119.0
225,fixed_relay,7,0,0.5047453703703704,18,31.266237912446698,6,1.0,119.0
226,fixed_relay,7,0,0.5047453703703704,18,31.323829099747822,6,1.0,119.0
227,fixed_relay,7,0,0.5047453703703704,18,31.391406201772398,6,1.0,119.0
228,fixed_relay,7,0,0.5047453703703704,18,31.461488693764963,6,1.0,119.0
229,fixed_relay,7,0,0.5047453703703704,18,31.525819747478977,6,1.0,119.0
230,fixed_relay,7,0,0.5047453703703704,18,31.589040664794524,6,1.0,119.0
231,fixed_relay,7,0,0.5047453703703704,18,31.6498594963666,6,1.0,119.0
232,fixed_relay,7,0,0.5047453703703704,18,31.713111800140105,6,1.0,119.0
233,fixed_relay,7,0,0.5047453703703704,18,31.77899819130138,6,1.0,119.0
234,fixed_relay,7,0,0.5047453703703704,18,31.827509703061008,6,1.0,119.0
235,fixed_relay,7,0,0.5047453703703704,18,31.85330464934573,6,1.0,119.0
236,fixed_relay,7,0,0.5047453703703704,18,31.880358524204034,6,1.0,119.0
237,fixed_relay,7,0,0.5047453703703704,18,31.916935040689964,6,1.0,119.0
238,fixed_relay,7,0,0.5047453703703704,18,31.945982241620577,6,1.0,119.0
239,fixed_relay,7,0,0.5047453703703704,18,31.978333891498135,6,1.0,119.0
0,fixed_relay,21,0,0.008796296296296297,24,32.0,1,1.0,11.743577619240815
1,fixed_relay,21,0,0.010416666666666666,24,32.0,1,1.0,12.34010504964782
2,fixed_relay,21,0,0.012268518518518519,24,32.0,1,1.0,12.823360139920094
3,fixed_relay,21,0,0.013888888888888888,24,32.0,1,1.0,13.406740917064061
4,fixed_relay,21,0,0.01574074074074074,24,32.0,1,1.0,14.373231593028443
5,fixed_relay,21,0,0.018171296296296297,24,32.0,1,1.0,15.064335461313512
6,fixed_relay,21,0,0.02048611111111111,24,32.0,1,1.0,15.71873835461078
7,fixed_relay,21,0,0.022337962962962962,24,32.0,1,1.0,16.548172197688313
8,fixed_relay,21,0,0.024652777777777777,24,32.0,1,1.0,17.474455837945875
9,fixed_relay,21,0,0.027199074074074073,24,32.0,1,1.0,18.268351832363656
10,fixed_relay,21,0,0.02974537037037037,24,32.0,1,1.0,19.057305244877185
11,fixed_relay,21,0,0.03194444444444444,24,32.0,1,1.0,19.809290384996572
12,fixed_relay,21,0,0.03460648148148148,24,32.0,1,1.0,20.59388454118244
13,fixed_relay,21,0,0.03715277777777778,24,32.0,1,1.0,21.36310508249279
14,fixed_relay,21,0,0.040393518518518516,24,32.0,1,1.0,22.34883308909575
15,fixed_relay,21,0,0.043055555555555555,24,32.0,1,1.0,23.459385110511374
16,fixed_relay,21,0,0.046064814814814815,24,32.0,1,1.0,24.196331811409358
17,fixed_relay,21,0,0.04918981481481482,24,32.0,1,1.0,25.225055042163255
18,fixed_relay,21,0,0.05196759259259259,24,32.0,1,1.0,26.169579782509995
19,fixed_relay,21,0,0.05439814814814815,24,32.0,1,1.0,26.779925060914227
20,fixed_relay,21,0,0.05717592592592593,24,32.0,1,1.0,27.415834393588877
21,fixed_relay,21,0,0.05925925925925926,24,32.0,1,1.0,27.733197922958652
22,fixed_relay,21,0,0.061342592592592594,24,32.0,1,1.0,28.10991474959899
23,fixed_relay,21,0,0.06458333333333334,24,32.0,1,1.0,29.023011986689497
24,fixed_relay,21,0,0.06747685185185186,24,32.0,1,1.0,30.157892620241405
25,fixed_relay,21,0,0.07094907407407407,24,31.997445911401257,1,1.0,31.242667807533664
26,fixed_relay,21,0,0.07418981481481482,24,31.989669375369953,1,1.0,32.02481414209547
27,fixed_relay,21,0,0.07685185185185185,24,31.991752560331715,1,1.0,32.259803660911224
28,fixed_relay,21,0,0.07951388888888888,24,31.98386599545509,1,1.0,32.772988571834105
29,fixed_relay,21,0,0.08217592592592593,24,31.97095698327861,1,1.0,33.429655955537754
30,fixed_relay,21,0,0.0849537037037037,24,31.953245540383545,1,1.0,34.277673292242746
31,fixed_relay,21,0,0.08784722222222222,24,31.925471399361086,1,1.0,34.73431496405433
32,fixed_relay,21,0,0.09166666666666666,24,31.89395138249638,1,1.0,35.40464695855643
33,fixed_relay,21,0,0.09502314814814815,24,31.86458388555973,1,1.0,35.7960503128315
34,fixed_relay,21,0,0.09768518518518518,24,31.8298940602117,1,1.0,36.54667987396356
35,fixed_relay,21,0,0.10150462962962963,24,31.77863432460491,1,1.0,37.24810217801765
36,fixed_relay,21,0,0.10451388888888889,24,31.74079508104013,1,1.0,38.21947399890159
37,fixed_relay,21,0,0.10844907407407407,24,31.690885020769752,1,1.0,38.4034719872046
38,fixed_relay,21,0,0.11157407407407408,24,31.622587414472324,1,1.0,39.1769192227656
39,fixed_relay,21,0,0.11446759259259259,24,31.56043867299465,1,1.0,40.137385085994794
40,fixed_relay,21,0,0.11793981481481482,24,31.61700634888732,2,1.0,40.99195892304018
41,fixed_relay,21,0,0.12106481481481482,24,31.626730812219236,2,1.0,41.681936412896114
42,fixed_relay,21,0,0.12488425925925926,24,31.616391292989096,2,1.0,42.78962052394693
43,fixed_relay,21,0,0.12858796296296296,24,31.601118742380724,2,1.0,43.846421647410935
44,fixed_relay,21,0,0.13229166666666667,24,31.588445349553552,2,1.0,44.90205646892172
45,fixed_relay,21,0,0.1355324074074074,24,31.58302966089776,2,1.0,45.321511107298775
46,fixed_relay,21,0,0.1394675925925926,24,31.568378974261744,2,1.0,45.575651930035384
47,fixed_relay,21,0,0.14270833333333333,24,31.551279194247282,2,1.0,46.34187534154463
48,fixed_relay,21,0,0.14629629629629629,24,31.516245032897018,2,1.0,46.68120651416148
49,fixed_relay,21,0,0.14976851851851852,24,31.490644632568642,2,1.0,47.47291037179016
50,fixed_relay,21,0,0.15381944444444445,24,31.45860557450399,2,1.0,48.284200759254674
51,fixed_relay,21,0,0.1571759259259259,24,31.43484386712903,2,1.0,48.49832758640766
52,fixed_relay,21,0,0.16087962962962962,24,31.39331196188348,2,1.0,49.638919412446754
53,fixed_relay,21,0,0.16435185185185186,24,31.361809753580374,2,1.0,50.330718938091636
54,fixed_relay,21,0,0.16875,24,31.33363058156273,2,1.0,50.763787063232485
55,fixed_relay,21,0,0.1730324074074074,24,31.284896187393866,2,1.0,51.13345598334386
56,fixed_relay,21,0,0.17731481481481481,24,31.243308414216198,2,1.0,52.146086917783
57,fixed_relay,21,0,0.18113425925925927,24,31.206278420889774,2,1.0,52.96009930447665
58,fixed_relay,21,0,0.18483796296296295,24,31.168858541465983,2,1.0,53.33888494380941
59,fixed_relay,21,0,0.1883101851851852,24,31.122793419625157,2,1.0,53.70014701453345
60,fixed_relay,21,0,0.19305555555555556,24,31.061578043874732,2,1.0,53.99217216727948
61,fixed_relay,21,0,0.1960648148148148,24,31.004338844230528,2,1.0,54.64851810112703
62,fixed_relay,21,0,0.19988425925925926,24,30.953089120798367,2,1.0,55.044843832271965
63,fixed_relay,21,0,0.2042824074074074,24,30.88132500629267,2,1.0,55.92226102442839
64,fixed_relay,21,0,0.20717592592592593,24,30.80762393553735,2,1.0,56.78516513630951
65,fixed_relay,21,0,0.21041666666666667,24,30.738966203464468,2,1.0,57.41236921776113
66,fixed_relay,21,0,0.21284722222222222,24,30.66922961055631,2,1.0,57.8016552459546
67,fixed_relay,21,0,0.21643518518518517,24,30.588937226773,2,1.0,58.93335661272747
68,fixed_relay,21,0,0.21875,24,30.511293961846206,2,1.0,59.49021063679793
69,fixed_relay,21,0,0.2232638888888889,24,30.41375325421267,2,1.0,60.438031030852436
70,fixed_relay,21,0,0.22685185185185186,24,30.31897970534406,2,1.0,61.28159201886194
71,fixed_relay,21,0,0.22962962962962963,24,30.22631278756945,2,1.0,61.87580416827892
72,fixed_relay,21,0,0.23368055555555556,24,30.115303097271596,2,1.0,62.713510389063586
73,fixed_relay,21,0,0.23715277777777777,24,29.99691849119814,2,1.0,63.72500609217376
74,fixed_relay,21,0,0.24074074074074073,24,29.88385127428246,2,1.0,63.971229261653015
75,fixed_relay,21,0,0.24479166666666666,24,29.76304793957755,2,1.0,64.75918749358443
76,fixed_relay,21,0,0.24733796296296295,24,29.637485507160733,2,1.0,65.83979308289729
77,fixed_relay,21,0,0.2503472222222222,24,29.521817052653997,2,1.0,66.41968541080335
78,fixed_relay,21,0,0.2539351851851852,24,29.379683490513496,2,1.0,67.0026361946707
79,fixed_relay,21,0,0.25729166666666664,24,29.20534396491193,2,1.0,68.07149051025436
80,fixed_relay,21,0,0.2603009259259259,24,29.355347858304267,3,1.0,68.82213270164236
81,fixed_relay,21,0,0.2636574074074074,24,29.36387389127186,3,1.0,69.88179518817824
82,fixed_relay,21,0,0.2674768518518518,24,29.33153424840198,3,1.0,70.70190739310982
83,fixed_relay,21,0,0.27118055555555554,24,29.301484435684035,3,1.0,71.82402531027475
84,fixed_relay,21,0,0.2741898148148148,24,29.26187654794605,3,1.0,72.87953055394694
85,fixed_relay,21,0,0.27719907407407407,24,29.233079208202742,3,1.0,73.49043785238435
86,fixed_relay,21,0,0.2806712962962963,24,29.2047842254559,3,1.0,74.38086175520486
87,fixed_relay,21,0,0.2847222222222222,24,29.16017161276574,3,1.0,75.17003610113585
88,fixed_relay,21,0,0.287962962962963,24,29.122944524185584,3,1.0,75.90452701867002
89,fixed_relay,21,0,0.2916666666666667,24,29.093228991367866,3,1.0,76.83109616331036
90,fixed_relay,21,0,0.2952546296296296,24,29.043989638341188,3,1.0,77.7535653507597
91,fixed_relay,21,0,0.2991898148148148,24,28.993111920910334,3,1.0,78.719753144414
92,fixed_relay,21,0,0.303587962962963,24,28.931511415369474,3,1.0,79.66882642624158
93,fixed_relay,21,0,0.30752314814814813,24,28.86751985842372,3,1.0,80.719886103582
94,fixed_relay,21,0,0.31145833333333334,24,28.81378224055676,3,1.0,81.56688599425794
95,fixed_relay,21,0,0.31574074074074077,24,28.762542000264755,3,1.0,82.33894548368902
96,fixed_relay,21,0,0.3189814814814815,24,28.70148162901764,3,1.0,83.37487721232122
97,fixed_relay,21,0,0.32256944444444446,24,28.6345667330562,3,1.0,84.0855011654751
98,fixed_relay,21,0,0.3263888888888889,24,28.550368251329214,3,1.0,85.05930891115428
99,fixed_relay,21,0,0.32939814814814816,24,28.470564929101588,3,1.0,85.78939252429154
100,fixed_relay,21,0,0.33310185185185187,24,28.391336485364473,3,1.0,86.53842883682
101,fixed_relay,21,0,0.3355324074074074,24,28.300380091618592,3,1.0,86.97540654095073
102,fixed_relay,21,0,0.33912037037037035,24,28.213640352573066,3,1.0,87.47068618368773
103,fixed_relay,21,0,0.34282407407407406,24,28.10696079550243,3,1.0,87.81710835857872
104,fixed_relay,21,0,0.34594907407407405,24,28.015908594209222,3,1.0,88.08141641767244
105,fixed_relay,21,0,0.34872685185185187,24,27.902811180207646,3,1.0,89.27812108275336
106,fixed_relay,21,0,0.35173611111111114,24,27.821497868342828,3,1.0,89.93796382510334
107,fixed_relay,21,0,0.35671296296296295,24,27.700711160085604,3,1.0,90.84934603178043
108,fixed_relay,21,0,0.3597222222222222,24,27.5797022461776,3,1.0,91.39905667656987
109,fixed_relay,21,0,0.36261574074074077,24,27.45299368296864,3,1.0,91.93896865214467
110,fixed_relay,21,0,0.366087962962963,24,27.31258121345492,3,1.0,92.39723560672851
111,fixed_relay,21,0,0.36886574074074074,24,27.176365005506167,3,1.0,92.53185750921465
112,fixed_relay,21,0,0.371412037037037,24,27.024745980541322,3,1.0,92.93417323737992
113,fixed_relay,21,0,0.37546296296296294,24,26.851038512559736,3,1.0,93.68734616166829
114,fixed_relay,21,0,0.37824074074074077,24,26.723886567356804,3,1.0,94.43851512934478
115,fixed_relay,21,0,0.38229166666666664,24,26.546522309200054,3,1.0,95.64352749385374
116,fixed_relay,21,0,0.38587962962962963,24,26.35555305522998,3,1.0,96.76816211881977
117,fixed_relay,21,0,0.38993055555555556,24,26.144850286232913,3,1.0,97.94789282196757
118,fixed_relay,21,0,0.39375,24,25.955975778209563,3,1.0,98.34811634595063
119,fixed_relay,21,0,0.397337962962963,24,25.763193561290876,3,1.0,99.26972992981484
120,fixed_relay,21,0,0.4017361111111111,24,25.978258614669112,4,1.0,100.31475328512347
121,fixed_relay,21,0,0.40497685185185184,24,25.990105421985703,4,1.0,101.00440445138143
122,fixed_relay,21,0,0.40844907407407405,24,25.972126599056867,4,1.0,101.75199943549747
123,fixed_relay,21,0,0.4130787037037037,24,25.930223065385025,4,1.0,102.3054933261958
124,fixed_relay,21,0,0.41689814814814813,24,25.876647658057763,4,1.0,103.07933967692419
125,fixed_relay,21,0,0.4202546296296296,24,25.833128079106547,4,1.0,103.7545329316347
126,fixed_relay,21,0,0.4233796296296296,24,25.76456573985466,4,1.0,104.56356906777796
127,fixed_relay,21,0,0.42592592592592593,23,26.813751247888778,4,1.0,105.5311767273024
128,fixed_relay,21,0,0.4303240740740741,23,26.720007973348793,4,1.0,105.5311767273024
129,fixed_relay,21,0,0.434375,23,26.645301122360177,4,1.0,105.5311767273024
130,fixed_relay,21,0,0.4373842592592593,23,26.570564260901314,4,1.0,105.5311767273024
131,fixed_relay,21,0,0.4408564814814815,23,26.491424829577277,4,1.0,105.65426263669562
132,fixed_relay,21,0,0.44502314814814814,23,26.40439419509525,4,1.0,106.29227334532958
133,fixed_relay,21,0,0.44930555555555557,23,26.316534695927594,4,1.0,107.17464065354649
134,fixed_relay,21,0,0.45439814814814816,23,26.21813900055115,4,1.0,108.34346161351137
135,fixed_relay,21,0,0.45810185185185187,23,26.132261580560392,4,1.0,109.17451504943105
136,fixed_relay,21,0,0.4625,23,26.033235111348894,4,1.0,110.25446533620023
137,fixed_relay,21,0,0.46574074074074073,23,25.93602940209637,4,1.0,111.20321635702433
138,fixed_relay,21,0,0.4689814814814815,23,25.83576870124035,4,1.0,112.1160849015546
139,fixed_relay,21,0,0.4722222222222222,23,25.734122563118667,4,1.0,112.56274308609154
140,fixed_relay,21,0,0.4755787037037037,23,25.610606604148366,4,1.0,113.13990848551579
141,fixed_relay,21,0,0.47847222222222224,23,25.493131796933586,4,1.0,114.00541453544412
142,fixed_relay,21,0,0.48113425925925923,23,25.373167740907103,4,1.0,114.36772329724079
143,fixed_relay,21,0,0.4828703703703704,23,25.256296967668263,4,1.0,115.16771906642889
144,fixed_relay,21,0,0.48564814814814816,23,25.128311153430726,4,1.0,116.20023460237444
145,fixed_relay,21,0,0.4888888888888889,22,26.145939566670396,4,1.0,117.09440302886783
146,fixed_relay,21,0,0.49224537037037036,22,25.99975776198929,4,1.0,117.09440302886783
147,fixed_relay,21,0,0.4947916666666667,22,25.88182523045231,4,1.0,117.17839110286174
148,fixed_relay,21,0,0.4983796296296296,22,25.755565388844047,4,1.0,117.87966296224711
149,fixed_relay,21,0,0.5005787037037037,22,25.609056918470706,4,1.0,118.7390594561192
150,fixed_relay,21,0,0.5037037037037037,21,26.654247457635435,4,1.0,119.0
151,fixed_relay,21,0,0.506712962962963,21,26.49380513764291,4,1.0,119.0
152,fixed_relay,21,0,0.5087962962962963,21,26.32260227650078,4,1.0,119.0
153,fixed_relay,21,0,0.5100694444444445,20,27.475332041725864,4,1.0,119.0
154,fixed_relay,21,0,0.5108796296296296,20,27.324750006966163,4,1.0,119.0
155,fixed_relay,21,0,0.5125,20,27.151828986014475,4,1.0,119.0
156,fixed_relay,21,0,0.5142361111111111,20,26.983391728598416,4,1.0,119.0
157,fixed_relay,21,0,0.5158564814814814,20,26.779715315199894,4,1.0,119.0
158,fixed_relay,21,0,0.5173611111111112,20,26.553207099510626,4,1.0,119.0
159,fixed_relay,21,0,0.5186342592592592,20,26.314785353857435,4,1.0,119.0
160,fixed_relay,21,0,0.5203703703703704,20,26.66486926518174,5,1.0,119.0
161,fixed_relay,21,0,0.521875,20,26.821103695494166,5,1.0,119.0
162,fixed_relay,21,0,0.5237268518518519,20,26.896067119344497,5,1.0,119.0
163,fixed_relay,21,0,0.5247685185185185,20,26.916513489884572,5,1.0,119.0
164,fixed_relay,21,0,0.5254629629629629,20,26.899393800735197,5,1.0,119.0
165,fixed_relay,21,0,0.5268518518518519,20,26.865724681584577,5,1.0,119.0
166,fixed_relay,21,0,0.5280092592592592,20,26.815013366237075,5,1.0,119.0
167,fixed_relay,21,0,0.5288194444444444,20,26.771305005401096,5,1.0,119.0
168,fixed_relay,21,0,0.5293981481481481,20,26.73194561829258,5,1.0,119.0
169,fixed_relay,21,0,0.5300925925925926,19,28.085821958934492,5,1.0,119.0
170,fixed_relay,21,0,0.5309027777777777,19,28.05102201262319,5,1.0,119.0
171,fixed_relay,21,0,0.5314814814814814,19,28.004190616717814,5,1.0,119.0
172,fixed_relay,21,0,0.5327546296296296,19,27.960702716400803,5,1.0,119.0
173,fixed_relay,21,0,0.5329861111111112,19,27.919772309650302,5,1.0,119.0
174,fixed_relay,21,0,0.5337962962962963,19,27.874683746491716,5,1.0,119.0
175,fixed_relay,21,0,0.5337962962962963,19,27.827677828506992,5,1.0,119.0
176,fixed_relay,21,0,0.5340277777777778,19,27.795600417844383,5,1.0,119.0
177,fixed_relay,21,0,0.5347222222222222,19,27.742232843802892,5,1.0,119.0
178,fixed_relay,21,0,0.5350694444444445,19,27.6825938540932,5,1.0,119.0
179,fixed_relay,21,0,0.5351851851851852,19,27.6184376993788,5,1.0,119.0
180,fixed_relay,21,0,0.5353009259259259,19,27.551928692480654,5,1.0,119.0
181,fixed_relay,21,0,0.5354166666666667,19,27.504588637331274,5,1.0,119.0
182,fixed_relay,21,0,0.5355324074074074,19,27.46180121828464,5,1.0,119.0
183,fixed_relay,21,0,0.5355324074074074,18,28.940036110103076,5,1.0,119.0
184,fixed_relay,21,0,0.5358796296296297,18,28.87906902387148,5,1.0,119.0
185,fixed_relay,21,0,0.5359953703703704,18,28.811806418595893,5,1.0,119.0
186,fixed_relay,21,0,0.5359953703703704,18,28.75532312854648,5,1.0,119.0
187,fixed_relay,21,0,0.5359953703703704,18,28.665706249912716,5,1.0,119.0
188,fixed_relay,21,0,0.5361111111111111,18,28.580955079014156,5,1.0,119.0
189,fixed_relay,21,0,0.5362268518518518,18,28.48865147608073,5,1.0,119.0
190,fixed_relay,21,0,0.5369212962962963,18,28.358376721616743,5,1.0,119.0
191,fixed_relay,21,0,0.537962962962963,18,28.25314076146634,5,1.0,119.0
192,fixed_relay,21,0,0.5383101851851851,18,28.152463183009225,5,1.0,119.0
193,fixed_relay,21,0,0.538425925925926,18,28.020828124183662,5,1.0,119.0
194,fixed_relay,21,0,0.5388888888888889,18,27.87194503694478,5,1.0,119.0
195,fixed_relay,21,0,0.5390046296296296,18,27.722047427693607,5,1.0,119.0
196,fixed_relay,21,0,0.5392361111111111,18,27.56562205618697,5,1.0,119.0
197,fixed_relay,21,0,0.5392361111111111,18,27.380157656715102,5,1.0,119.0
198,fixed_relay,21,0,0.5392361111111111,18,27.178178240776997,5,1.0,119.0
199,fixed_relay,21,0,0.5392361111111111,18,26.99647792532808,5,1.0,119.0
200,fixed_relay,21,0,0.5393518518518519,18,27.554061043665584,6,1.0,119.0
201,fixed_relay,21,0,0.539699074074074,18,28.030829183987613,6,1.0,119.0
202,fixed_relay,21,0,0.539699074074074,18,28.39893170006146,6,1.0,119.0
203,fixed_relay,21,0,0.539699074074074,18,28.652254708761475,6,1.0,119.0
204,fixed_relay,21,0,0.539699074074074,18,28.84360235595771,6,1.0,119.0
205,fixed_relay,21,0,0.539699074074074,18,28.96402527627438,6,1.0,119.0
206,fixed_relay,21,0,0.539699074074074,18,29.05647433076817,6,1.0,119.0
207,fixed_relay,21,0,0.539699074074074,18,29.147476812826554,6,1.0,119.0
208,fixed_relay,21,0,0.539699074074074,18,29.252228331032896,6,1.0,119.0
209,fixed_relay,21,0,0.539699074074074,18,29.357702402056677,6,1.0,119.0
210,fixed_relay,21,0,0.539699074074074,18,29.458822001205988,6,1.0,119.0
211,fixed_relay,21,0,0.539699074074074,18,29.55056423733392,6,1.0,119.0
212,fixed_relay,21,0,0.539699074074074,18,29.63516924435132,6,1.0,119.0
213,fixed_relay,21,0,0.539699074074074,18,29.72051652890987,6,1.0,119.0
214,fixed_relay,21,0,0.539699074074074,18,29.822578924296458,6,1.0,119.0
215,fixed_relay,21,0,0.539699074074074,18,29.927018711254675,6,1.0,119.0
216,fixed_relay,21,0,0.539699074074074,18,30.032598413611836,6,1.0,119.0
217,fixed_relay,21,0,0.539699074074074,18,30.13160774698349,6,1.0,119.0
218,fixed_relay,21,0,0.539699074074074,18,30.224201436056305,6,1.0,119.0
219,fixed_relay,21,0,0.539699074074074,18,30.31405829603513,6,1.0,119.0
220,fixed_relay,21,0,0.539699074074074,18,30.401106866105515,6,1.0,119.0
221,fixed_relay,21,0,0.539699074074074,18,30.488491437309808,6,1.0,119.0
222,fixed_relay,21,0,0.539699074074074,18,30.592268065419464,6,1.0,119.0
223,fixed_relay,21,0,0.539699074074074,18,30.67919602209386,6,1.0,119.0
224,fixed_relay,21,0,0.539699074074074,18,30.763872701660596,6,1.0,119.0
225,fixed_relay,21,0,0.539699074074074,18,30.862709609484366,6,1.0,119.0
226,fixed_relay,21,0,0.539699074074074,18,30.953084680965894,6,1.0,119.0
227,fixed_relay,21,0,0.539699074074074,18,31.015730618963673,6,1.0,119.0
228,fixed_relay,21,0,0.539699074074074,18,31.08370988520403,6,1.0,119.0
229,fixed_relay,21,0,0.539699074074074,18,31.143041399621794,6,1.0,119.0
230,fixed_relay,21,0,0.539699074074074,18,31.21218730714421,6,1.0,119.0
231,fixed_relay,21,0,0.539699074074074,18,31.274664710246117,6,1.0,119.0
232,fixed_relay,21,0,0.539699074074074,18,31.327001688234922,6,1.0,119.0
233,fixed_relay,21,0,0.539699074074074,18,31.396323166666125,6,1.0,119.0
234,fixed_relay,21,0,0.539699074074074,18,31.463337842832416,6,1.0,119.0
235,fixed_relay,21,0,0.539699074074074,18,31.515931174183404,6,1.0,119.0
236,fixed_relay,21,0,0.539699074074074,18,31.557257397739306,6,1.0,119.0
237,fixed_relay,21,0,0.539699074074074,18,31.588408865787105,6,1.0,119.0
238,fixed_relay,21,0,0.539699074074074,18,31.623081857910435,6,1.0,119.0
239,fixed_relay,21,0,0.539699074074074,18,31.659892549539205,6,1.0,119.0
0,fixed_relay,42,0,0.009027777777777777,24,32.0,1,1.0,11.357305470253031
1,fixed_relay,42,0,0.01087962962962963,24,32.0,1,1.0,12.165962375072668
2,fixed_relay,42,0,0.012268518518518519,24,32.0,1,1.0,12.478388257181633
3,fixed_relay,42,0,0.014004629629629629,24,32.0,1,1.0,13.576947761679378
4,fixed_relay,42,0,0.01597222222222222,24,32.0,1,1.0,14.536723880387745
5,fixed_relay,42,0,0.018055555555555554,24,32.0,1,1.0,15.190843508526086
6,fixed_relay,42,0,0.020717592592592593,24,32.0,1,1.0,16.04161542633854
7,fixed_relay,42,0,0.02337962962962963,24,32.0,1,1.0,17.053758802335512
8,fixed_relay,42,0,0.025925925925925925,24,32.0,1,1.0,17.841877154184782
9,fixed_relay,42,0,0.02847222222222222,24,32.0,1,1.0,18.816085215862646
10,fixed_relay,42,0,0.030208333333333334,24,32.0,1,1.0,19.375883311952506
11,fixed_relay,42,0,0.03287037037037037,24,32.0,1,1.0,19.805377762174395
12,fixed_relay,42,0,0.0349537037037037,24,32.0,1,1.0,20.359055416009564
13,fixed_relay,42,0,0.03715277777777778,24,32.0,1,1.0,21.590564428681304
14,fixed_relay,42,0,0.039467592592592596,24,32.0,1,1.0,22.34060910613984
15,fixed_relay,42,0,0.04224537037037037,24,32.0,1,1.0,23.081694655954916
16,fixed_relay,42,0,0.04513888888888889,24,32.0,1,1.0,24.27033049107567
17,fixed_relay,42,0,0.04791666666666667,24,32.0,1,1.0,25.316350637912905
18,fixed_relay,42,0,0.050347222222222224,24,32.0,1,1.0,25.896477517329544
19,fixed_relay,42,0,0.053009259259259256,24,32.0,1,1.0,26.800198312588755
20,fixed_relay,42,0,0.055671296296296295,24,32.0,1,1.0,27.49684643986375
21,fixed_relay,42,0,0.05856481481481481,24,32.0,1,1.0,28.138305204122766
22,fixed_relay,42,0,0.06180555555555556,24,32.0,1,1.0,28.71041332816581
23,fixed_relay,42,0,0.06435185185185185,24,32.0,1,1.0,29.094655816404256
24,fixed_relay,42,0,0.06782407407407408,24,32.0,1,1.0,29.349450886795157
25,fixed_relay,42,0,0.07002314814814815,24,31.99482184092355,1,1.0,30.047048806871288
26,fixed_relay,42,0,0.07337962962962963,24,31.993286536854697,1,1.0,31.02533225162936
27,fixed_relay,42,0,0.07685185185185185,24,31.9856547449846,1,1.0,31.353372967293904
28,fixed_relay,42,0,0.07997685185185185,24,31.97491482214586,1,1.0,32.48401646690751
29,fixed_relay,42,0,0.0824074074074074,24,31.960267568211805,1,1.0,33.48313713585107
30,fixed_relay,42,0,0.0855324074074074,24,31.941332790149662,1,1.0,34.44484692597108
31,fixed_relay,42,0,0.0880787037037037,24,31.912615709508685,1,1.0,34.65573673864364
32,fixed_relay,42,0,0.09108796296296297,24,31.88356898296964,1,1.0,34.81592411766937
33,fixed_relay,42,0,0.0943287037037037,24,31.834727659932906,1,1.0,35.31759859532216
34,fixed_relay,42,0,0.09641203703703703,24,31.80205799886374,1,1.0,36.04029285711022
35,fixed_relay,42,0,0.10023148148148148,24,31.757947819287647,1,1.0,36.73251014148896
36,fixed_relay,42,0,0.10405092592592592,24,31.70088958316884,1,1.0,37.184430474631654
37,fixed_relay,42,0,0.10810185185185185,24,31.643576882877785,1,1.0,38.33611570697053
38,fixed_relay,42,0,0.11145833333333334,24,31.586281512954674,1,1.0,39.32812091367262
39,fixed_relay,42,0,0.11446759259259259,24,31.520342806091367,1,1.0,40.21886921129134
40,fixed_relay,42,0,0.11805555555555555,24,31.59780152906464,2,1.0,41.16741167486364
41,fixed_relay,42,0,0.1207175925925926,24,31.630652873890842,2,1.0,42.12603129318514
42,fixed_relay,42,0,0.12418981481481481,24,31.627929995611883,2,1.0,42.65215059480877
43,fixed_relay,42,0,0.12708333333333333,24,31.625220162914946,2,1.0,43.06409332714959
44,fixed_relay,42,0,0.1310185185185185,24,31.611077771142522,2,1.0,43.89401731930356
45,fixed_relay,42,0,0.1346064814814815,24,31.588541216704446,2,1.0,44.29421028206812
46,fixed_relay,42,0,0.1375,24,31.575452898817336,2,1.0,45.22016165687615
47,fixed_relay,42,0,0.1414351851851852,24,31.553131394225364,2,1.0,46.163263065903514
48,fixed_relay,42,0,0.14456018518518518,24,31.53093662171598,2,1.0,47.251554713379505
49,fixed_relay,42,0,0.1482638888888889,24,31.5088383947791,2,1.0,47.597997363055136
50,fixed_relay,42,0,0.15185185185185185,24,31.472722123995457,2,1.0,48.435005482886766
51,fixed_relay,42,0,0.15601851851851853,24,31.43651139091834,2,1.0,49.1408591246982
52,fixed_relay,42,0,0.15914351851851852,24,31.402561419531434,2,1.0,50.03280525153454
53,fixed_relay,42,0,0.16354166666666667,24,31.36484630742575,2,1.0,50.554906253505
54,fixed_relay,42,0,0.1667824074074074,24,31.332290059384984,2,1.0,51.403785757866885
55,fixed_relay,42,0,0.1712962962962963,24,31.28447182325142,2,1.0,52.4657142079383
56,fixed_relay,42,0,0.17372685185185185,24,31.244855845237183,2,1.0,53.13588143356138
57,fixed_relay,42,0,0.17766203703703703,24,31.193394364785288,2,1.0,54.1877925664435
58,fixed_relay,42,0,0.1806712962962963,24,31.14045776447973,2,1.0,54.88999827163318
59,fixed_relay,42,0,0.18449074074074073,24,31.085216748101715,2,1.0,55.77038692814321
60,fixed_relay,42,0,0.1884259259259259,24,31.033910493323276,2,1.0,56.46774732132694
61,fixed_relay,42,0,0.19293981481481481,24,30.970985482678874,2,1.0,57.117014750014484
62,fixed_relay,42,0,0.19699074074074074,24,30.90461887412266,2,1.0,57.803374883002604
63,fixed_relay,42,0,0.2019675925925926,24,30.83724685257654,2,1.0,58.46949224458499
64,fixed_relay,42,0,0.20578703703703705,24,30.75810468514763,2,1.0,59.512906819944135
65,fixed_relay,42,0,0.20949074074074073,24,30.682717359531228,2,1.0,60.26567989178254
66,fixed_relay,42,0,0.21354166666666666,24,30.597753961711135,2,1.0,60.74737287701174
67,fixed_relay,42,0,0.21666666666666667,24,30.528740722261958,2,1.0,61.03242778076994
68,fixed_relay,42,0,0.22013888888888888,24,30.45377977939209,2,1.0,61.268987395421746
69,fixed_relay,42,0,0.22337962962962962,24,30.362588568500897,2,1.0,61.82553630087859
70,fixed_relay,42,0,0.22650462962962964,24,30.275407767084364,2,1.0,62.27355070203306
71,fixed_relay,42,0,0.2292824074074074,24,30.16120493803324,2,1.0,63.02756763536334
72,fixed_relay,42,0,0.23252314814814815,24,30.05160024089629,2,1.0,63.960365746690094
73,fixed_relay,42,0,0.23587962962962963,24,29.941008649900407,2,1.0,64.21966019451425
74,fixed_relay,42,0,0.23912037037037037,24,29.834793917307056,2,1.0,65.22418389359937
75,fixed_relay,42,0,0.24328703703703702,24,29.69219406856703,2,1.0,65.94255953002019
76,fixed_relay,42,0,0.24641203703703704,24,29.542137824214734,2,1.0,66.23192264572789
77,fixed_relay,42,0,0.24988425925925925,24,29.393850586616455,2,1.0,67.3452383003074
78,fixed_relay,42,0,0.25277777777777777,24,29.228779680120294,2,1.0,68.12007804661881
79,fixed_relay,42,0,0.2556712962962963,24,29.08342448384997,2,1.0,69.18741007407773
80,fixed_relay,42,0,0.2590277777777778,24,29.204412703035896,3,1.0,69.91477619780993
81,fixed_relay,42,0,0.2622685185185185,24,29.199527708897335,3,1.0,70.4091367284993
82,fixed_relay,42,0,0.2650462962962963,24,29.171486836515744,3,1.0,71.23809550345152
83,fixed_relay,42,0,0.26886574074074077,24,29.129986207945507,3,1.0,72.15986580598965
84,fixed_relay,42,0,0.27291666666666664,24,29.077207308929143,3,1.0,73.36233836237236
85,fixed_relay,42,0,0.27627314814814813,24,29.024705985860688,3,1.0,74.14038552997673
86,fixed_relay,42,0,0.28020833333333334,24,28.97006726802715,3,1.0,75.17234520078864
87,fixed_relay,42,0,0.284837962962963,24,28.899917222997374,3,1.0,76.00986959563092
88,fixed_relay,42,0,0.2896990740740741,24,28.821319376676097,3,1.0,76.82431346445843
89,fixed_relay,42,0,0.29398148148148145,24,28.734746437379872,3,1.0,77.71472563388464
90,fixed_relay,42,0,0.2974537037037037,24,28.6649032524039,3,1.0,78.71130959122712
91,fixed_relay,42,0,0.30150462962962965,24,28.59418852973883,3,1.0,79.67040513760628
92,fixed_relay,42,0,0.30497685185185186,24,28.51593313411959,3,1.0,80.22252759443741
93,fixed_relay,42,0,0.3105324074074074,24,28.41185074561983,3,1.0,81.39296988949015
94,fixed_relay,42,0,0.3141203703703704,24,28.306129127552964,3,1.0,82.43099958285647
95,fixed_relay,42,0,0.31724537037037037,24,28.220436356583747,3,1.0,83.30834293047282
96,fixed_relay,42,0,0.3210648148148148,24,28.134549954066795,3,1.0,83.8256935988217
97,fixed_relay,42,0,0.3241898148148148,24,28.02936124503307,3,1.0,84.27546311535377
98,fixed_relay,42,0,0.3278935185185185,24,27.93070127570405,3,1.0,84.40272752895244
99,fixed_relay,42,0,0.33101851851851855,24,27.82555493659434,3,1.0,85.31520927746571
100,fixed_relay,42,0,0.3346064814814815,24,27.721952318570615,3,1.0,86.48877982184356
101,fixed_relay,42,0,0.3371527777777778,24,27.61070211764284,3,1.0,86.7733675172991
102,fixed_relay,42,0,0.34085648148148145,24,27.477752262748623,3,1.0,87.44749469484802
103,fixed_relay,42,0,0.34444444444444444,24,27.361287857471808,3,1.0,88.37570366520355
104,fixed_relay,42,0,0.347337962962963,24,27.236881600980173,3,1.0,89.19084497715946
105,fixed_relay,42,0,0.3508101851851852,24,27.11519717632657,3,1.0,89.87363447180282
106,fixed_relay,42,0,0.35462962962962963,24,26.971635075779233,3,1.0,90.59881778413158
107,fixed_relay,42,0,0.3579861111111111,24,26.834401332872048,3,1.0,91.79799939172183
108,fixed_relay,42,0,0.36064814814814816,24,26.704414611750835,3,1.0,92.66183397745914
109,fixed_relay,42,0,0.3638888888888889,24,26.554768887416362,3,1.0,93.71373045319962
110,fixed_relay,42,0,0.36770833333333336,24,26.415157942012737,3,1.0,94.57910061747621
111,fixed_relay,42,0,0.3704861111111111,24,26.28144836663188,3,1.0,95.45343954618433
112,fixed_relay,42,0,0.37395833333333334,24,26.105786699430656,3,1.0,95.99450353546041
113,fixed_relay,42,0,0.37777777777777777,24,25.914632337641375,3,1.0,97.17427533933218
114,fixed_relay,42,0,0.38055555555555554,24,25.729290205780234,3,1.0,97.84926453900857
115,fixed_relay,42,0,0.3849537037037037,24,25.53818653989917,3,1.0,99.08536336864768
116,fixed_relay,42,0,0.38842592592592595,24,25.339382813836597,3,1.0,99.94746124059445
117,fixed_relay,42,0,0.39166666666666666,24,25.146410510006234,3,1.0,101.14698507138458
118,fixed_relay,42,0,0.39502314814814815,24,24.92054525937512,3,1.0,102.04269288485996
119,fixed_relay,42,0,0.39837962962962964,24,24.707515905905325,3,1.0,102.89526472609887
120,fixed_relay,42,0,0.40196759259259257,24,24.8912648433696,4,1.0,103.56168785808714
121,fixed_relay,42,0,0.40497685185185184,24,24.861425743014298,4,1.0,103.94143101376612
122,fixed_relay,42,0,0.4074074074074074,24,24.808998398344798,4,1.0,104.77933392477259
123,fixed_relay,42,0,0.4111111111111111,24,24.722994499809953,4,1.0,105.48441948975943
124,fixed_relay,42,0,0.41388888888888886,24,24.6294763566861,4,1.0,106.5009264032191
125,fixed_relay,42,0,0.4170138888888889,24,24.520499825917653,4,1.0,107.38035539491842
126,fixed_relay,42,0,0.42060185185185184,24,24.405639573625354,4,1.0,107.74176755516315
127,fixed_relay,42,0,0.42280092592592594,24,24.302669394093318,4,1.0,108.67615676048901
128,fixed_relay,42,0,0.42662037037037037,24,24.192443197826194,4,1.0,109.53313973464019
129,fixed_relay,42,0,0.42951388888888886,23,25.14078730497953,4,1.0,110.16494837213986
130,fixed_relay,42,0,0.4335648148148148,23,25.048234283572977,4,1.0,111.30990253624469
131,fixed_relay,42,0,0.43657407407407406,22,26.082917967265157,4,1.0,112.24764822099581
132,fixed_relay,42,0,0.440625,22,25.9804960770551,4,1.0,113.32260205147982
133,fixed_relay,42,0,0.44340277777777776,22,25.88079589155221,4,1.0,114.2356160811488
134,fixed_relay,42,0,0.44710648148148147,21,26.995044822130954,4,1.0,115.3744368668736
135,fixed_relay,42,0,0.4497685185185185,21,26.906744489914434,4,1.0,115.3744368668736
136,fixed_relay,42,0,0.4527777777777778,21,26.798811187792634,4,1.0,115.3744368668736
137,fixed_relay,42,0,0.45694444444444443,21,26.702229635105702,4,1.0,115.3744368668736
138,fixed_relay,42,0,0.45949074074074076,21,26.60951622205003,4,1.0,115.3744368668736
139,fixed_relay,42,0,0.46319444444444446,21,26.50434219456288,4,1.0,115.3744368668736
140,fixed_relay,42,0,0.465625,21,26.38881835866087,4,1.0,115.3744368668736
141,fixed_relay,42,0,0.4681712962962963,21,26.275216269250222,4,1.0,115.3744368668736
142,fixed_relay,42,0,0.4704861111111111,21,26.176394449406967,4,1.0,115.3744368668736
143,fixed_relay,42,0,0.47337962962962965,21,26.035821941646688,4,1.0,115.94570757406339
144,fixed_relay,42,0,0.4771990740740741,21,25.90725654967297,4,1.0,116.78909574155387
145,fixed_relay,42,0,0.480787037037037,21,25.793408002077328,4,1.0,117.43265548460853
146,fixed_relay,42,0,0.4829861111111111,21,25.6569687685025,4,1.0,118.53714369048919
147,fixed_relay,42,0,0.4857638888888889,21,25.52952099589032,4,1.0,118.99631228357221
148,fixed_relay,42,0,0.4883101851851852,21,25.384235756617663,4,1.0,119.0
149,fixed_relay,42,0,0.4909722222222222,21,25.23620027043815,4,1.0,119.0
150,fixed_relay,42,0,0.493287037037037,21,25.098596267313333,4,1.0,119.0
151,fixed_relay,42,0,0.4962962962962963,21,24.932683355105166,4,1.0,119.0
152,fixed_relay,42,0,0.4979166666666667,21,24.764698349335692,4,1.0,119.0
153,fixed_relay,42,0,0.49953703703703706,21,24.60380741866707,4,1.0,119.0
154,fixed_relay,42,0,0.5006944444444444,21,24.41359416071813,4,1.0,119.0
155,fixed_relay,42,0,0.5023148148148148,21,24.215943537015608,4,1.0,119.0
156,fixed_relay,42,0,0.5034722222222222,21,24.015160781763413,4,1.0,119.0
157,fixed_relay,42,0,0.5043981481481481,21,23.815542199868897,4,1.0,119.0
158,fixed_relay,42,0,0.5057870370370371,21,23.608221851382474,4,1.0,119.0
159,fixed_relay,42,0,0.5068287037037037,21,23.38903294791629,4,1.0,119.0
160,fixed_relay,42,0,0.508912037037037,21,23.617375125542033,5,1.0,119.0
161,fixed_relay,42,0,0.5103009259259259,20,24.891441950608048,5,1.0,119.0
162,fixed_relay,42,0,0.5120370370370371,20,24.88473502156531,5,1.0,119.0
163,fixed_relay,42,0,0.512962962962963,20,24.85524897497785,5,1.0,119.0
164,fixed_relay,42,0,0.5140046296296297,20,24.804339326211608,5,1.0,119.0
165,fixed_relay,42,0,0.515162037037037,20,24.76540185633076,5,1.0,119.0
166,fixed_relay,42,0,0.5155092592592593,20,24.72099981886233,5,1.0,119.0
167,fixed_relay,42,0,0.5162037037037037,20,24.661704554749125,5,1.0,119.0
168,fixed_relay,42,0,0.5168981481481482,20,24.605557129320875,5,1.0,119.0
169,fixed_relay,42,0,0.5172453703703703,20,24.542043648315662,5,1.0,119.0
170,fixed_relay,42,0,0.517824074074074,20,24.467736236856584,5,1.0,119.0
171,fixed_relay,42,0,0.517824074074074,20,24.40356809206498,5,1.0,119.0
172,fixed_relay,42,0,0.5180555555555556,20,24.330378510612455,5,1.0,119.0
173,fixed_relay,42,0,0.5180555555555556,20,24.26604376702513,5,1.0,119.0
174,fixed_relay,42,0,0.5184027777777778,19,25.46912393935538,5,1.0,119.0
175,fixed_relay,42,0,0.5188657407407408,19,25.41319814443985,5,1.0,119.0
176,fixed_relay,42,0,0.5194444444444445,19,25.363755779942654,5,1.0,119.0
177,fixed_relay,42,0,0.5197916666666667,19,25.291423937256848,5,1.0,119.0
178,fixed_relay,42,0,0.5197916666666667,19,25.21511884496508,5,1.0,119.0
179,fixed_relay,42,0,0.5197916666666667,19,25.151562473619578,5,1.0,119.0
180,fixed_relay,42,0,0.5197916666666667,19,25.091522986952082,5,1.0,119.0
181,fixed_relay,42,0,0.5199074074074074,18,26.432798835053134,5,1.0,119.0
182,fixed_relay,42,0,0.5199074074074074,18,26.368443819958543,5,1.0,119.0
183,fixed_relay,42,0,0.5200231481481481,18,26.305123722638143,5,1.0,119.0
184,fixed_relay,42,0,0.5202546296296297,17,27.798248742706818,5,1.0,119.0
185,fixed_relay,42,0,0.5206018518518518,17,27.75108803950996,5,1.0,119.0
186,fixed_relay,42,0,0.5206018518518518,17,27.714382256885806,5,1.0,119.0
187,fixed_relay,42,0,0.5207175925925925,17,27.670270861991234,5,1.0,119.0
188,fixed_relay,42,0,0.5207175925925925,16,29.324957729860436,5,1.0,119.0
189,fixed_relay,42,0,0.5209490740740741,16,29.254747736417322,5,1.0,119.0
190,fixed_relay,42,0,0.5212962962962963,16,29.17292638284099,5,1.0,119.0
191,fixed_relay,42,0,0.5212962962962963,16,29.10110364162169,5,1.0,119.0
192,fixed_relay,42,0,0.5212962962962963,16,28.990722788378953,5,1.0,119.0
193,fixed_relay,42,0,0.5215277777777778,16,28.882740749488086,5,1.0,119.0
194,fixed_relay,42,0,0.5215277777777778,16,28.77131861098001,5,1.0,119.0
195,fixed_relay,42,0,0.5215277777777778,16,28.639713087777842,5,1.0,119.0
196,fixed_relay,42,0,0.5215277777777778,16,28.488973985882474,5,1.0,119.0
197,fixed_relay,42,0,0.521875,16,28.320039818637547,5,1.0,119.0
198,fixed_relay,42,0,0.5221064814814815,16,28.16059102122017,5,1.0,119.0
199,fixed_relay,42,0,0.5221064814814815,16,28.02191247010103,5,1.0,119.0
200,fixed_relay,42,0,0.5221064814814815,16,28.565831258555445,6,1.0,119.0
201,fixed_relay,42,0,0.5221064814814815,16,28.942803879312304,6,1.0,119.0
202,fixed_relay,42,0,0.5221064814814815,16,29.252535699480006,6,1.0,119.0
203,fixed_relay,42,0,0.5221064814814815,16,29.406938954540266,6,1.0,119.0
204,fixed_relay,42,0,0.5221064814814815,16,29.531222382139497,6,1.0,119.0
205,fixed_relay,42,0,0.5221064814814815,16,29.626375475677065,6,1.0,119.0
206,fixed_relay,42,0,0.5221064814814815,16,29.72150202320332,6,1.0,119.0
207,fixed_relay,42,0,0.5221064814814815,16,29.792936864813676,6,1.0,119.0
208,fixed_relay,42,0,0.5221064814814815,16,29.872098930234458,6,1.0,119.0
209,fixed_relay,42,0,0.5221064814814815,16,29.953259695552987,6,1.0,119.0
210,fixed_relay,42,0,0.5221064814814815,16,30.02669917366621,6,1.0,119.0
211,fixed_relay,42,0,0.5221064814814815,16,30.094472004121098,6,1.0,119.0
212,fixed_relay,42,0,0.5222222222222223,16,30.15726218598438,6,1.0,119.0
213,fixed_relay,42,0,0.5222222222222223,16,30.22040051539627,6,1.0,119.0
214,fixed_relay,42,0,0.5222222222222223,16,30.29700073498382,6,1.0,119.0
215,fixed_relay,42,0,0.5222222222222223,16,30.367548960624198,6,1.0,119.0
216,fixed_relay,42,0,0.5222222222222223,16,30.435679930828424,6,1.0,119.0
217,fixed_relay,42,0,0.5222222222222223,16,30.511408808806166,6,1.0,119.0
218,fixed_relay,42,0,0.5222222222222223,16,30.578044688799913,6,1.0,119.0
219,fixed_relay,42,0,0.5222222222222223,16,30.650490834785316,6,1.0,119.0
220,fixed_relay,42,0,0.5222222222222223,16,30.72441666066336,6,1.0,119.0
221,fixed_relay,42,0,0.5222222222222223,16,30.79598035369279,6,1.0,119.0
222,fixed_relay,42,0,0.5222222222222223,16,30.865517805429523,6,1.0,119.0
223,fixed_relay,42,0,0.5222222222222223,16,30.944816745848023,6,1.0,119.0
224,fixed_relay,42,0,0.5222222222222223,16,31.011865444716484,6,1.0,119.0
225,fixed_relay,42,0,0.5222222222222223,16,31.085721457234023,6,1.0,119.0
226,fixed_relay,42,0,0.5222222222222223,16,31.161466729345477,6,1.0,119.0
227,fixed_relay,42,0,0.5222222222222223,16,31.2219409528281,6,1.0,119.0
228,fixed_relay,42,0,0.5222222222222223,16,31.300820460248648,6,1.0,119.0
229,fixed_relay,42,0,0.5222222222222223,16,31.374634857277897,6,1.0,119.0
230,fixed_relay,42,0,0.5222222222222223,16,31.425055356110384,6,1.0,119.0
231,fixed_relay,42,0,0.5222222222222223,16,31.458145563501564,6,1.0,119.0
232,fixed_relay,42,0,0.5222222222222223,16,31.5005640435553,6,1.0,119.0
233,fixed_relay,42,0,0.5222222222222223,16,31.5315736542787,6,1.0,119.0
234,fixed_relay,42,0,0.5222222222222223,16,31.564680178255628,6,1.0,119.0
235,fixed_relay,42,0,0.5222222222222223,16,31.596032582292217,6,1.0,119.0
236,fixed_relay,42,0,0.5222222222222223,16,31.629477281358625,6,1.0,119.0
237,fixed_relay,42,0,0.5222222222222223,16,31.667638695594903,6,1.0,119.0
238,fixed_relay,42,0,0.5222222222222223,16,31.701828118296937,6,1.0,119.0
239,fixed_relay,42,0,0.5222222222222223,16,31.731963953582696,6,1.0,119.0
0,fixed_relay,84,0,0.009606481481481481,24,32.0,1,1.0,10.811964822663965
1,fixed_relay,84,0,0.011689814814814814,24,32.0,1,1.0,11.829109174596441
2,fixed_relay,84,0,0.013888888888888888,24,32.0,1,1.0,12.853049049426948
3,fixed_relay,84,0,0.015856481481481482,24,32.0,1,1.0,13.633391585087654
4,fixed_relay,84,0,0.01724537037037037,24,32.0,1,1.0,14.217108446223358
5,fixed_relay,84,0,0.01863425925925926,24,32.0,1,1.0,15.034178577291598
6,fixed_relay,84,0,0.020717592592592593,24,32.0,1,1.0,16.217388818688878
7,fixed_relay,84,0,0.022569444444444444,24,32.0,1,1.0,17.132138390995607
8,fixed_relay,84,0,0.024537037037037038,24,32.0,1,1.0,18.185076878263715
9,fixed_relay,84,0,0.026504629629629628,24,32.0,1,1.0,19.014661384703967
10,fixed_relay,84,0,0.028819444444444446,24,32.0,1,1.0,19.73744962026524
11,fixed_relay,84,0,0.030555555555555555,24,32.0,1,1.0,20.173483216332716
12,fixed_relay,84,0,0.03321759259259259,24,32.0,1,1.0,21.159014366834487
13,fixed_relay,84,0,0.03564814814814815,24,32.0,1,1.0,22.33507058248438
14,fixed_relay,84,0,0.0375,24,32.0,1,1.0,22.900382179710082
15,fixed_relay,84,0,0.03958333333333333,24,32.0,1,1.0,23.47839802797512
16,fixed_relay,84,0,0.041087962962962965,24,32.0,1,1.0,24.164425917018992
17,fixed_relay,84,0,0.04351851851851852,24,32.0,1,1.0,24.638720952384972
18,fixed_relay,84,0,0.04594907407407407,24,32.0,1,1.0,25.3846404200814
19,fixed_relay,84,0,0.04826388888888889,24,32.0,1,1.0,26.392309567176024
20,fixed_relay,84,0,0.050347222222222224,24,32.0,1,1.0,26.818839883168394
21,fixed_relay,84,0,0.0525462962962963,24,32.0,1,1.0,27.428035096399817
22,fixed_relay,84,0,0.05497685185185185,24,32.0,1,1.0,28.36577523120362
23,fixed_relay,84,0,0.05763888888888889,24,32.0,1,1.0,29.355504635842035
24,fixed_relay,84,0,0.06041666666666667,24,31.995457683041987,1,1.0,29.851158827693965
25,fixed_relay,84,0,0.06342592592592593,24,31.996234288110358,1,1.0,30.84078895520566
26,fixed_relay,84,0,0.06585648148148149,24,31.98963956349313,1,1.0,31.841003237768764
27,fixed_relay,84,0,0.06782407407407408,24,31.983470293521602,1,1.0,32.21549935646983
28,fixed_relay,84,0,0.0712962962962963,24,31.96005896758901,1,1.0,33.47524862703212
29,fixed_relay,84,0,0.07418981481481482,24,31.938695267214232,1,1.0,34.26847305594466
30,fixed_relay,84,0,0.07673611111111112,24,31.930763988529407,1,1.0,34.7968299436427
31,fixed_relay,84,0,0.07974537037037037,24,31.900034261763494,1,1.0,35.84122439135443
32,fixed_relay,84,0,0.08287037037037037,24,31.879556388363323,1,1.0,36.16274753255026
33,fixed_relay,84,0,0.0855324074074074,24,31.852980932511525,1,1.0,36.69149496999004
34,fixed_relay,84,0,0.08877314814814814,24,31.82624590050803,1,1.0,37.648555679097996
35,fixed_relay,84,0,0.09166666666666666,24,31.78136704035296,1,1.0,38.07433465645812
36,fixed_relay,84,0,0.09560185185185185,24,31.740958560679474,1,1.0,38.845790370107245
37,fixed_relay,84,0,0.09826388888888889,24,31.684909028838092,1,1.0,39.33067476489296
38,fixed_relay,84,0,0.10162037037037037,24,31.63044438735629,1,1.0,40.2431194306226
39,fixed_relay,84,0,0.10335648148148148,24,31.57035165795659,1,1.0,41.154738056165634
40,fixed_relay,84,0,0.10578703703703704,24,31.63752833753259,2,1.0,41.64528201653495
41,fixed_relay,84,0,0.10868055555555556,24,31.660136607716613,2,1.0,42.07621746890414
42,fixed_relay,84,0,0.1125,24,31.671147471070782,2,1.0,43.10616445695238
43,fixed_relay,84,0,0.11550925925925926,24,31.667040442808343,2,1.0,43.8545091121759
44,fixed_relay,84,0,0.1193287037037037,24,31.65971684407066,2,1.0,44.49990055018864
45,fixed_relay,84,0,0.12280092592592592,24,31.654680935249576,2,1.0,44.728302586273074
46,fixed_relay,84,0,0.12627314814814813,24,31.64299641382398,2,1.0,45.550408546857255
47,fixed_relay,84,0,0.12916666666666668,24,31.63388041234715,2,1.0,46.362351500228876
48,fixed_relay,84,0,0.13252314814814814,24,31.614036152801827,2,1.0,46.93016690286641
49,fixed_relay,84,0,0.13483796296296297,24,31.599326093963125,2,1.0,47.76697804654064
50,fixed_relay,84,0,0.13831018518518517,24,31.571177955133294,2,1.0,48.38072022163635
51,fixed_relay,84,0,0.14108796296296297,24,31.543891960807457,2,1.0,48.64812286722716
52,fixed_relay,84,0,0.14386574074074074,24,31.5103897705941,2,1.0,49.666499878292726
53,fixed_relay,84,0,0.14837962962962964,24,31.47652643427162,2,1.0,50.3973800116422
54,fixed_relay,84,0,0.15208333333333332,24,31.451281748212256,2,1.0,50.802378800848786
55,fixed_relay,84,0,0.15416666666666667,24,31.418612432634763,2,1.0,51.66610849863452
56,fixed_relay,84,0,0.15810185185185185,24,31.381541927171266,2,1.0,52.11291592475189
57,fixed_relay,84,0,0.16157407407407406,24,31.343311790208276,2,1.0,53.155958075583186
58,fixed_relay,84,0,0.16631944444444444,24,31.293483936622664,2,1.0,53.88431812688085
59,fixed_relay,84,0,0.16898148148148148,24,31.255558268194022,2,1.0,54.56796603928441
60,fixed_relay,84,0,0.171875,24,31.20795392633961,2,1.0,55.387432040453135
61,fixed_relay,84,0,0.175,24,31.14977101219345,2,1.0,56.47946125952606
62,fixed_relay,84,0,0.17777777777777778,24,31.09469063590682,2,1.0,56.97114364983071
63,fixed_relay,84,0,0.18090277777777777,24,31.03497503934615,2,1.0,57.879549527442045
64,fixed_relay,84,0,0.18449074074074073,24,30.966387385822134,2,1.0,58.78780399580646
65,fixed_relay,84,0,0.18715277777777778,24,30.893405153972868,2,1.0,59.77436567187685
66,fixed_relay,84,0,0.18981481481481483,24,30.823266298617455,2,1.0,60.8890058520736
67,fixed_relay,84,0,0.19236111111111112,24,30.747486815844848,2,1.0,61.87207067960581
68,fixed_relay,84,0,0.19467592592592592,24,30.67782144439522,2,1.0,62.49046116137283
69,fixed_relay,84,0,0.19768518518518519,24,30.59343901458895,2,1.0,63.58923732377027
70,fixed_relay,84,0,0.2,24,30.505592696963777,2,1.0,64.46126674505804
71,fixed_relay,84,0,0.20289351851851853,24,30.42534388866621,2,1.0,65.29995426647814
72,fixed_relay,84,0,0.20625,24,30.337033639742874,2,1.0,65.66361454560769
73,fixed_relay,84,0,0.20891203703703703,24,30.24024106184365,2,1.0,66.23884694045293
74,fixed_relay,84,0,0.2125,24,30.14035989529758,2,1.0,67.25606083278319
75,fixed_relay,84,0,0.21550925925925926,24,30.025341635225413,2,1.0,68.23737605198328
76,fixed_relay,84,0,0.2193287037037037,24,29.917698930454517,2,1.0,69.26293205701005
77,fixed_relay,84,0,0.22291666666666668,24,29.791714600410515,2,1.0,69.97306809591181
78,fixed_relay,84,0,0.22615740740740742,24,29.674721938614386,2,1.0,70.93376612650226
79,fixed_relay,84,0,0.22951388888888888,24,29.532793753771557,2,1.0,71.49278068681608
80,fixed_relay,84,0,0.23206018518518517,24,29.63852248813467,3,1.0,72.16320987384788
81,fixed_relay,84,0,0.2363425925925926,24,29.614121207181295,3,1.0,72.84055484016831
82,fixed_relay,84,0,0.23958333333333334,24,29.592574514602163,3,1.0,73.35738097832521
83,fixed_relay,84,0,0.24375,24,29.548917988738676,3,1.0,74.41105894711596
84,fixed_relay,84,0,0.246875,24,29.51735640528372,3,1.0,74.91095222293242
85,fixed_relay,84,0,0.2503472222222222,24,29.456746140800778,3,1.0,75.96521307447145
86,fixed_relay,84,0,0.2545138888888889,24,29.389489035826177,3,1.0,77.0176298090549
87,fixed_relay,84,0,0.25798611111111114,24,29.33966393824908,3,1.0,77.6680407537889
88,fixed_relay,84,0,0.26145833333333335,24,29.280716298761252,3,1.0,78.56714096139828
89,fixed_relay,84,0,0.2657407407407407,24,29.214693624128966,3,1.0,79.74472732064768
90,fixed_relay,84,0,0.26967592592592593,24,29.14400852801357,3,1.0,80.76027594915344
91,fixed_relay,84,0,0.27314814814814814,24,29.09044361989263,3,1.0,81.42496922899672
92,fixed_relay,84,0,0.2763888888888889,24,29.024761899705585,3,1.0,82.19763192048568
93,fixed_relay,84,0,0.2798611111111111,24,28.965759386602173,3,1.0,83.12020997855828
94,fixed_relay,84,0,0.28368055555555555,24,28.894263868130803,3,1.0,84.15932715466876
95,fixed_relay,84,0,0.2875,24,28.81798505804601,3,1.0,85.42234811533822
96,fixed_relay,84,0,0.29097222222222224,24,28.7471529072459,3,1.0,86.31559503194788
97,fixed_relay,84,0,0.29398148148148145,24,28.673095761183905,3,1.0,87.55533728367442
98,fixed_relay,84,0,0.2966435185185185,24,28.60324048222779,3,1.0,88.2040966761173
99,fixed_relay,84,0,0.29965277777777777,24,28.511224128680652,3,1.0,89.11003334204904
100,fixed_relay,84,0,0.3037037037037037,24,28.41415995009036,3,1.0,90.02120284550112
101,fixed_relay,84,0,0.30810185185185185,24,28.322493820674424,3,1.0,91.02649947679012
102,fixed_relay,84,0,0.31203703703703706,24,28.22206899021113,3,1.0,91.847418596437
103,fixed_relay,84,0,0.3145833333333333,24,28.13328518954494,3,1.0,92.27436223644033
104,fixed_relay,84,0,0.31875,24,28.02054169309901,3,1.0,93.53959465190088
105,fixed_relay,84,0,0.32256944444444446,24,27.902665862536697,3,1.0,94.08984821761865
106,fixed_relay,84,0,0.3266203703703704,24,27.775383344852816,3,1.0,95.18361575360578
107,fixed_relay,84,0,0.33032407407407405,24,27.659839576867984,3,1.0,96.39392311422549
108,fixed_relay,84,0,0.33275462962962965,24,27.55340241752462,3,1.0,96.95444445476758
109,fixed_relay,84,0,0.3369212962962963,24,27.415453577054176,3,1.0,97.80286194989091
110,fixed_relay,84,0,0.3403935185185185,24,27.28945211611808,3,1.0,97.93150553051323
111,fixed_relay,84,0,0.3438657407407407,24,27.146351772875818,3,1.0,98.39948448837124
112,fixed_relay,84,0,0.3490740740740741,24,27.007058632271036,3,1.0,98.90133565144271
113,fixed_relay,84,0,0.3525462962962963,24,26.871943377605437,3,1.0,99.40334972614069
114,fixed_relay,84,0,0.35671296296296295,24,26.710207257232895,3,1.0,100.26586986622232
115,fixed_relay,84,0,0.3607638888888889,24,26.541528475891937,3,1.0,101.19909151515807
116,fixed_relay,84,0,0.36354166666666665,24,26.383137359121957,3,1.0,101.6769244621598
117,fixed_relay,84,0,0.36724537037037036,24,26.18234952409827,3,1.0,102.61601155535551
118,fixed_relay,84,0,0.37094907407407407,24,25.981930112039834,3,1.0,102.99611063188878
119,fixed_relay,84,0,0.37407407407407406,24,25.767865825024625,3,1.0,104.12332915342812
120,fixed_relay,84,0,0.37743055555555555,24,25.969210071717118,4,1.0,105.3727488001439
121,fixed_relay,84,0,0.38090277777777776,24,25.936757404628604,4,1.0,106.04530018348856
122,fixed_relay,84,0,0.384375,24,25.900518891347293,4,1.0,106.76721981257649
123,fixed_relay,84,0,0.3866898148148148,23,26.997169954278803,4,1.0,107.23497267217613
124,fixed_relay,84,0,0.39016203703703706,23,26.930182745242313,4,1.0,107.23497267217613
125,fixed_relay,84,0,0.39363425925925927,23,26.86165682982218,4,1.0,107.23497267217613
126,fixed_relay,84,0,0.3957175925925926,23,26.792084859026836,4,1.0,107.23497267217613
127,fixed_relay,84,0,0.3988425925925926,23,26.71668260253343,4,1.0,107.23497267217613
128,fixed_relay,84,0,0.40185185185185185,23,26.640848781187405,4,1.0,107.23497267217613
129,fixed_relay,84,0,0.40625,23,26.558719412767722,4,1.0,107.23497267217613
130,fixed_relay,84,0,0.4097222222222222,23,26.474222976010726,4,1.0,107.23497267217613
131,fixed_relay,84,0,0.4125,23,26.396958739358233,4,1.0,107.23497267217613
132,fixed_relay,84,0,0.415625,23,26.29917389683193,4,1.0,107.23497267217613
133,fixed_relay,84,0,0.4184027777777778,23,26.20395766625437,4,1.0,107.23497267217613
134,fixed_relay,84,0,0.42094907407407406,22,27.319493443302168,4,1.0,107.74564180584532
135,fixed_relay,84,0,0.42280092592592594,22,27.24906234585288,4,1.0,108.04502500556585
136,fixed_relay,84,0,0.4252314814814815,22,27.167760413541806,4,1.0,108.86710825315986
137,fixed_relay,84,0,0.42777777777777776,22,27.08342585049276,4,1.0,109.64046599171692
138,fixed_relay,84,0,0.4306712962962963,22,26.988315427824535,4,1.0,110.13831194738724
139,fixed_relay,84,0,0.4335648148148148,22,26.897772532974855,4,1.0,110.41549329032127
140,fixed_relay,84,0,0.43657407407407406,22,26.804000949034215,4,1.0,111.03615506803874
141,fixed_relay,84,0,0.4395833333333333,22,26.700318186963557,4,1.0,111.42723336805193
142,fixed_relay,84,0,0.4431712962962963,22,26.59134150785204,4,1.0,112.42074706149543
143,fixed_relay,84,0,0.44560185185185186,22,26.47700543664315,4,1.0,112.74148976672201
144,fixed_relay,84,0,0.44849537037037035,22,26.36868561837583,4,1.0,113.11277392840395
145,fixed_relay,84,0,0.45208333333333334,22,26.26279668832925,4,1.0,114.04849220361244
146,fixed_relay,84,0,0.45578703703703705,22,26.132995894147417,4,1.0,115.32249686446359
147,fixed_relay,84,0,0.45868055555555554,22,26.01863020767355,4,1.0,115.67205890129055
148,fixed_relay,84,0,0.4621527777777778,22,25.910229291331117,4,1.0,116.37286519797658
149,fixed_relay,84,0,0.46597222222222223,22,25.77269220282235,4,1.0,117.05738761163482
150,fixed_relay,84,0,0.46875,22,25.65527940780904,4,1.0,117.65681760660944
151,fixed_relay,84,0,0.4703703703703704,22,25.51122158190105,4,1.0,118.17541186454098
152,fixed_relay,84,0,0.47199074074074077,22,25.347108405924804,4,1.0,118.88451752930476
153,fixed_relay,84,0,0.4739583333333333,22,25.187876899419564,4,1.0,119.0
154,fixed_relay,84,0,0.475462962962963,22,25.03753000787299,4,1.0,119.0
155,fixed_relay,84,0,0.4778935185185185,22,24.869244315542506,4,1.0,119.0
156,fixed_relay,84,0,0.4791666666666667,22,24.67902022564313,4,1.0,119.0
157,fixed_relay,84,0,0.480787037037037,20,26.96868325469247,4,1.0,119.0
158,fixed_relay,84,0,0.4820601851851852,20,26.775333379890554,4,1.0,119.0
159,fixed_relay,84,0,0.4824074074074074,20,26.5646607444583,4,1.0,119.0
160,fixed_relay,84,0,0.4829861111111111,20,26.878591071157967,5,1.0,119.0
161,fixed_relay,84,0,0.48368055555555556,20,26.982341873256637,5,1.0,119.0
162,fixed_relay,84,0,0.4844907407407407,20,26.959016203683426,5,1.0,119.0
163,fixed_relay,84,0,0.4864583333333333,20,26.914362433191382,5,1.0,119.0
164,fixed_relay,84,0,0.48738425925925927,20,26.858752919928083,5,1.0,119.0
165,fixed_relay,84,0,0.48854166666666665,20,26.794436737988484,5,1.0,119.0
166,fixed_relay,84,0,0.48912037037037037,20,26.73509476486189,5,1.0,119.0
167,fixed_relay,84,0,0.4898148148148148,19,28.092383050564337,5,1.0,119.0
168,fixed_relay,84,0,0.4900462962962963,19,28.0490519554993,5,1.0,119.0
169,fixed_relay,84,0,0.49016203703703703,19,27.993703856869388,5,1.0,119.0
170,fixed_relay,84,0,0.4908564814814815,19,27.93750203007829,5,1.0,119.0
171,fixed_relay,84,0,0.4913194444444444,19,27.887686771218515,5,1.0,119.0
172,fixed_relay,84,0,0.49212962962962964,19,27.837992701585712,5,1.0,119.0
173,fixed_relay,84,0,0.4935185185185185,19,27.78829272797612,5,1.0,119.0
174,fixed_relay,84,0,0.49386574074074074,19,27.74874945149026,5,1.0,119.0
175,fixed_relay,84,0,0.49409722222222224,19,27.696707548926007,5,1.0,119.0
176,fixed_relay,84,0,0.4949074074074074,19,27.64660265299712,5,1.0,119.0
177,fixed_relay,84,0,0.49594907407407407,19,27.60433620528175,5,1.0,119.0
178,fixed_relay,84,0,0.496875,19,27.553550069407336,5,1.0,119.0
179,fixed_relay,84,0,0.4976851851851852,19,27.50160996939394,5,1.0,119.0
180,fixed_relay,84,0,0.4980324074074074,19,27.45661009201722,5,1.0,119.0
181,fixed_relay,84,0,0.4983796296296296,19,27.408355029479786,5,1.0,119.0
182,fixed_relay,84,0,0.49872685185185184,19,27.35412220924876,5,1.0,119.0
183,fixed_relay,84,0,0.49872685185185184,19,27.30657715319396,5,1.0,119.0
184,fixed_relay,84,0,0.49872685185185184,19,27.257091856199395,5,1.0,119.0
185,fixed_relay,84,0,0.49918981481481484,19,27.201258107851828,5,1.0,119.0
186,fixed_relay,84,0,0.49930555555555556,19,27.14448754313001,5,1.0,119.0
187,fixed_relay,84,0,0.49953703703703706,19,27.04462520259572,5,1.0,119.0
188,fixed_relay,84,0,0.49953703703703706,19,26.96726905914645,5,1.0,119.0
189,fixed_relay,84,0,0.49953703703703706,19,26.881553722523883,5,1.0,119.0
190,fixed_relay,84,0,0.4998842592592593,19,26.792740466647775,5,1.0,119.0
191,fixed_relay,84,0,0.5,19,26.68519678038449,5,1.0,119.0
192,fixed_relay,84,0,0.5002314814814814,19,26.56816241037519,5,1.0,119.0
193,fixed_relay,84,0,0.5002314814814814,18,27.928665585238953,5,1.0,119.0
194,fixed_relay,84,0,0.5002314814814814,18,27.798245634584973,5,1.0,119.0
195,fixed_relay,84,0,0.5002314814814814,18,27.689996603371256,5,1.0,119.0
196,fixed_relay,84,0,0.5002314814814814,18,27.55507390329893,5,1.0,119.0
197,fixed_relay,84,0,0.5002314814814814,18,27.373348607580972,5,1.0,119.0
198,fixed_relay,84,0,0.5002314814814814,18,27.22437597530283,5,1.0,119.0
199,fixed_relay,84,0,0.5002314814814814,18,27.06120577796247,5,1.0,119.0
200,fixed_relay,84,0,0.5002314814814814,18,27.58766231479373,6,1.0,119.0
201,fixed_relay,84,0,0.500462962962963,18,28.01087451983838,6,1.0,119.0
202,fixed_relay,84,0,0.500462962962963,18,28.317552258669327,6,1.0,119.0
203,fixed_relay,84,0,0.500462962962963,18,28.518451446312397,6,1.0,119.0
204,fixed_relay,84,0,0.500462962962963,18,28.66660626096022,6,1.0,119.0
205,fixed_relay,84,0,0.500462962962963,18,28.78184078885475,6,1.0,119.0
206,fixed_relay,84,0,0.500462962962963,18,28.880627021141056,6,1.0,119.0
207,fixed_relay,84,0,0.500462962962963,18,28.9808616959415,6,1.0,119.0
208,fixed_relay,84,0,0.500462962962963,18,29.07283247974499,6,1.0,119.0
209,fixed_relay,84,0,0.500462962962963,18,29.167848278451896,6,1.0,119.0
210,fixed_relay,84,0,0.5006944444444444,18,29.269379798075825,6,1.0,119.0
211,fixed_relay,84,0,0.5006944444444444,18,29.374073769549163,6,1.0,119.0
212,fixed_relay,84,0,0.5006944444444444,18,29.477588536010884,6,1.0,119.0
213,fixed_relay,84,0,0.5006944444444444,18,29.567644928269,6,1.0,119.0
214,fixed_relay,84,0,0.5006944444444444,18,29.662970772870203,6,1.0,119.0
215,fixed_relay,84,0,0.5006944444444444,18,29.75273116738299,6,1.0,119.0
216,fixed_relay,84,0,0.5006944444444444,18,29.84150839660717,6,1.0,119.0
217,fixed_relay,84,0,0.5006944444444444,18,29.932632058423412,6,1.0,119.0
218,fixed_relay,84,0,0.5006944444444444,18,30.03022642273116,6,1.0,119.0
219,fixed_relay,84,0,0.5006944444444444,18,30.130336226798747,6,1.0,119.0
220,fixed_relay,84,0,0.5006944444444444,18,30.216726446014874,6,1.0,119.0
221,fixed_relay,84,0,0.5006944444444444,18,30.321748460518286,6,1.0,119.0
222,fixed_relay,84,0,0.5006944444444444,18,30.415924277968674,6,1.0,119.0
223,fixed_relay,84,0,0.5006944444444444,18,30.518789518976973,6,1.0,119.0
224,fixed_relay,84,0,0.5006944444444444,18,30.60456934099037,6,1.0,119.0
225,fixed_relay,84,0,0.5006944444444444,18,30.70735411280596,6,1.0,119.0
226,fixed_relay,84,0,0.5006944444444444,18,30.80796862366058,6,1.0,119.0
227,fixed_relay,84,0,0.5006944444444444,18,30.90694205880853,6,1.0,119.0
228,fixed_relay,84,0,0.5006944444444444,18,31.00663523770845,6,1.0,119.0
229,fixed_relay,84,0,0.5006944444444444,18,31.06710443122679,6,1.0,119.0
230,fixed_relay,84,0,0.5006944444444444,18,31.134836623599767,6,1.0,119.0
231,fixed_relay,84,0,0.5006944444444444,18,31.20133395968064,6,1.0,119.0
232,fixed_relay,84,0,0.5006944444444444,18,31.268627828641748,6,1.0,119.0
233,fixed_relay,84,0,0.5006944444444444,18,31.332590142247838,6,1.0,119.0
234,fixed_relay,84,0,0.5006944444444444,18,31.394694415540286,6,1.0,119.0
235,fixed_relay,84,0,0.5006944444444444,18,31.458998495379117,6,1.0,119.0
236,fixed_relay,84,0,0.5006944444444444,18,31.52624471398473,6,1.0,119.0
237,fixed_relay,84,0,0.5006944444444444,18,31.59234345467752,6,1.0,119.0
238,fixed_relay,84,0,0.5006944444444444,18,31.65603761536133,6,1.0,119.0
239,fixed_relay,84,0,0.5006944444444444,18,31.714861800699893,6,1.0,119.0
0,fixed_relay,101,0,0.009953703703703704,24,32.0,1,1.0,10.5131776610953
1,fixed_relay,101,0,0.011458333333333333,24,32.0,1,1.0,11.498793293854325
2,fixed_relay,101,0,0.012615740740740742,24,32.0,1,1.0,12.403499246762419
3,fixed_relay,101,0,0.014467592592592593,24,32.0,1,1.0,13.48396571654715
4,fixed_relay,101,0,0.016203703703703703,24,32.0,1,1.0,14.505236924226905
5,fixed_relay,101,0,0.017939814814814815,24,32.0,1,1.0,15.302712290694005
6,fixed_relay,101,0,0.019444444444444445,24,32.0,1,1.0,16.30143952764694
7,fixed_relay,101,0,0.021180555555555557,24,32.0,1,1.0,17.32417907542062
8,fixed_relay,101,0,0.023148148148148147,24,32.0,1,1.0,18.192024615115194
9,fixed_relay,101,0,0.025,24,32.0,1,1.0,19.305775231246788
10,fixed_relay,101,0,0.026504629629629628,24,32.0,1,1.0,19.75362939097775
11,fixed_relay,101,0,0.029050925925925924,24,32.0,1,1.0,20.619347541402885
12,fixed_relay,101,0,0.03125,24,32.0,1,1.0,21.386306202759762
13,fixed_relay,101,0,0.033449074074074076,24,32.0,1,1.0,21.612113578185014
14,fixed_relay,101,0,0.03518518518518519,24,32.0,1,1.0,22.41103941974267
15,fixed_relay,101,0,0.037384259259259256,24,32.0,1,1.0,23.1703564863331
16,fixed_relay,101,0,0.04027777777777778,24,32.0,1,1.0,24.088743901693036
17,fixed_relay,101,0,0.04282407407407408,24,32.0,1,1.0,24.931267658250043
18,fixed_relay,101,0,0.04525462962962963,24,32.0,1,1.0,25.259845532138815
19,fixed_relay,101,0,0.04849537037037037,24,32.0,1,1.0,26.320805518540684
20,fixed_relay,101,0,0.050347222222222224,24,32.0,1,1.0,26.51762639459491
21,fixed_relay,101,0,0.0525462962962963,24,32.0,1,1.0,27.153598786218097
22,fixed_relay,101,0,0.05451388888888889,24,32.0,1,1.0,28.249458343581093
23,fixed_relay,101,0,0.056712962962962965,24,32.0,1,1.0,28.424566866770782
24,fixed_relay,101,0,0.05925925925925926,24,32.0,1,1.0,29.295430000672436
25,fixed_relay,101,0,0.06296296296296296,24,31.999337739642325,1,1.0,29.784262048690216
26,fixed_relay,101,0,0.06550925925925925,24,32.0,1,1.0,30.38676333001842
27,fixed_relay,101,0,0.06782407407407408,24,31.999819835466635,1,1.0,30.704768727868974
28,fixed_relay,101,0,0.07048611111111111,24,31.99670432187475,1,1.0,30.882306268666042
29,fixed_relay,101,0,0.07361111111111111,24,31.989032013614036,1,1.0,31.2892285086834
30,fixed_relay,101,0,0.07708333333333334,24,31.97598025604077,1,1.0,31.76983844010403
31,fixed_relay,101,0,0.07893518518518519,24,31.966884261782536,1,1.0,32.468335493942554
32,fixed_relay,101,0,0.08136574074074074,24,31.950389432428096,1,1.0,33.05085124928906
33,fixed_relay,101,0,0.084375,24,31.928444370640467,1,1.0,33.518258600229366
34,fixed_relay,101,0,0.08784722222222222,24,31.900299841398077,1,1.0,34.403476774170656
35,fixed_relay,101,0,0.09027777777777778,24,31.863177876575946,1,1.0,35.11867687761359
36,fixed_relay,101,0,0.0931712962962963,24,31.822442382871326,1,1.0,35.937340669513475
37,fixed_relay,101,0,0.09606481481481481,24,31.780597431374815,1,1.0,36.56741320846534
38,fixed_relay,101,0,0.09849537037037037,24,31.73512253417839,1,1.0,37.16375361157394
39,fixed_relay,101,0,0.10162037037037037,24,31.669954439033813,1,1.0,38.24535625022018
40,fixed_relay,101,0,0.10428240740740741,24,31.75247958658342,2,1.0,38.72070597325083
41,fixed_relay,101,0,0.10740740740740741,24,31.77040216156011,2,1.0,39.33838872764746
42,fixed_relay,101,0,0.11053240740740741,24,31.76384227710544,2,1.0,40.17682890845909
43,fixed_relay,101,0,0.11388888888888889,24,31.76382731115952,2,1.0,40.703921729855345
44,fixed_relay,101,0,0.1181712962962963,24,31.745657898530126,2,1.0,41.61481631999142
45,fixed_relay,101,0,0.12175925925925926,24,31.72249021161461,2,1.0,42.434856149527235
46,fixed_relay,101,0,0.12569444444444444,24,31.70291721071054,2,1.0,42.97387472104705
47,fixed_relay,101,0,0.12893518518518518,24,31.679947939170898,2,1.0,43.37792432207798
48,fixed_relay,101,0,0.13240740740740742,24,31.665458518514253,2,1.0,44.18040868073315
49,fixed_relay,101,0,0.13530092592592594,24,31.64973505409934,2,1.0,44.56467622150765
50,fixed_relay,101,0,0.13854166666666667,24,31.619991908885083,2,1.0,45.12358662980881
51,fixed_relay,101,0,0.14201388888888888,24,31.591317492949674,2,1.0,45.588014374784855
52,fixed_relay,101,0,0.14456018518518518,24,31.562514261147314,2,1.0,46.153351754491496
53,fixed_relay,101,0,0.1482638888888889,24,31.533012902443648,2,1.0,47.20102172193419
54,fixed_relay,101,0,0.15138888888888888,24,31.504146118564762,2,1.0,47.611740439522336
55,fixed_relay,101,0,0.15486111111111112,24,31.47278361950092,2,1.0,48.37581706932679
56,fixed_relay,101,0,0.15925925925925927,24,31.427905008097742,2,1.0,49.229318370248954
57,fixed_relay,101,0,0.16273148148148148,24,31.38040019539604,2,1.0,49.429677516138646
58,fixed_relay,101,0,0.16597222222222222,24,31.330977221536514,2,1.0,50.26229436704561
59,fixed_relay,101,0,0.1693287037037037,24,31.28062245975109,2,1.0,51.365556015040745
60,fixed_relay,101,0,0.17222222222222222,24,31.231806592763146,2,1.0,52.2140560874406
61,fixed_relay,101,0,0.175,24,31.193759933199928,2,1.0,52.98664859223531
62,fixed_relay,101,0,0.17858796296296298,24,31.13468494498623,2,1.0,53.675414392827165
63,fixed_relay,101,0,0.18194444444444444,24,31.063278411682017,2,1.0,54.27482303780337
64,fixed_relay,101,0,0.18518518518518517,24,30.997500358571887,2,1.0,55.37572197676053
65,fixed_relay,101,0,0.18854166666666666,24,30.930703931331205,2,1.0,56.52943925184106
66,fixed_relay,101,0,0.19131944444444443,24,30.867683567592124,2,1.0,57.178060683780835
67,fixed_relay,101,0,0.19525462962962964,24,30.787905594193926,2,1.0,58.23292419075984
68,fixed_relay,101,0,0.1994212962962963,24,30.71220513058635,2,1.0,59.28205763440724
69,fixed_relay,101,0,0.20324074074074075,24,30.64451658598796,2,1.0,59.907427998380584
70,fixed_relay,101,0,0.20729166666666668,24,30.550182174462492,2,1.0,60.67722425433533
71,fixed_relay,101,0,0.21099537037037036,24,30.477485722854762,2,1.0,61.27156853620917
72,fixed_relay,101,0,0.2144675925925926,24,30.382483363278613,2,1.0,62.14527953668348
73,fixed_relay,101,0,0.21863425925925925,24,30.27228429463348,2,1.0,63.32846464413258
74,fixed_relay,101,0,0.2224537037037037,24,30.171048615322047,2,1.0,63.95605829220827
75,fixed_relay,101,0,0.2255787037037037,24,30.06926791365613,2,1.0,64.89086284034141
76,fixed_relay,101,0,0.22893518518518519,24,29.95165524072745,2,1.0,65.59789303502008
77,fixed_relay,101,0,0.2324074074074074,24,29.8314797440049,2,1.0,65.93446917934591
78,fixed_relay,101,0,0.23622685185185185,24,29.713013350018496,2,1.0,66.97211665540291
79,fixed_relay,101,0,0.23993055555555556,24,29.574269139098785,2,1.0,67.87027819175313
80,fixed_relay,101,0,0.24270833333333333,24,29.65999044219605,3,1.0,68.3893904419798
81,fixed_relay,101,0,0.24479166666666666,24,29.66208414590194,3,1.0,69.29024221229804
82,fixed_relay,101,0,0.24849537037037037,24,29.645004011555443,3,1.0,70.44296855669296
83,fixed_relay,101,0,0.2523148148148148,24,29.617322345887818,3,1.0,71.48383816867194
84,fixed_relay,101,0,0.25613425925925926,24,29.582124491714808,3,1.0,72.32446486828114
85,fixed_relay,101,0,0.2599537037037037,24,29.53401524451127,3,1.0,73.3988336538488
86,fixed_relay,101,0,0.26296296296296295,24,29.497923763058925,3,1.0,73.70189444334436
87,fixed_relay,101,0,0.26655092592592594,24,29.440054027576036,3,1.0,73.95804305733344
88,fixed_relay,101,0,0.2704861111111111,24,29.387320980310715,3,1.0,74.40117747564926
89,fixed_relay,101,0,0.2744212962962963,24,29.325660642844067,3,1.0,75.09467778516375
90,fixed_relay,101,0,0.27835648148148145,24,29.255352493003738,3,1.0,75.9407986888477
91,fixed_relay,101,0,0.2818287037037037,24,29.190688510768194,3,1.0,76.5994541526441
92,fixed_relay,101,0,0.2849537037037037,24,29.118252943979815,3,1.0,77.615931108388
93,fixed_relay,101,0,0.2886574074074074,24,29.051792284128638,3,1.0,78.32641128199522
94,fixed_relay,101,0,0.2902777777777778,24,29.00700285987814,3,1.0,78.97718177106447
95,fixed_relay,101,0,0.2934027777777778,24,28.931422208052197,3,1.0,79.45943462804087
96,fixed_relay,101,0,0.2953703703703704,24,28.861436262083128,3,1.0,80.38196200674608
97,fixed_relay,101,0,0.29988425925925927,24,28.780252733128293,3,1.0,81.35929297869241
98,fixed_relay,101,0,0.3025462962962963,24,28.69263436447585,3,1.0,81.87847629515217
99,fixed_relay,101,0,0.3059027777777778,24,28.602873712126097,3,1.0,82.96560823413135
100,fixed_relay,101,0,0.3091435185185185,24,28.50956400194904,3,1.0,83.86576818784395
101,fixed_relay,101,0,0.3127314814814815,24,28.424106896368443,3,1.0,84.86090309109422
102,fixed_relay,101,0,0.31631944444444443,24,28.33193961517503,3,1.0,85.75097477777018
103,fixed_relay,101,0,0.32025462962962964,24,28.238471198789416,3,1.0,86.50304324770632
104,fixed_relay,101,0,0.32349537037037035,24,28.143520034436815,3,1.0,87.50100530362789
105,fixed_relay,101,0,0.3282407407407407,24,28.032024205128888,3,1.0,88.39090792657704
106,fixed_relay,101,0,0.3314814814814815,24,27.93024380423337,3,1.0,89.1365138688205
107,fixed_relay,101,0,0.33414351851851853,24,27.836737158000457,3,1.0,90.19787497157161
108,fixed_relay,101,0,0.33819444444444446,24,27.717013811043525,3,1.0,91.2113057572744
109,fixed_relay,101,0,0.3423611111111111,24,27.605725679576576,3,1.0,91.87476341474242
110,fixed_relay,101,0,0.3460648148148148,24,27.481734181166246,3,1.0,92.4297890857001
111,fixed_relay,101,0,0.3488425925925926,24,27.35911798965246,3,1.0,93.60493120430765
112,fixed_relay,101,0,0.35173611111111114,24,27.216815814672838,3,1.0,94.1472298618004
113,fixed_relay,101,0,0.35520833333333335,24,27.07688760055217,3,1.0,95.15310917350673
114,fixed_relay,101,0,0.359375,24,26.921705599610465,3,1.0,96.19918482686904
115,fixed_relay,101,0,0.36261574074074077,24,26.75784509147515,3,1.0,97.00383263759967
116,fixed_relay,101,0,0.3662037037037037,24,26.58863052818566,3,1.0,97.64761086846244
117,fixed_relay,101,0,0.36863425925925924,24,26.43041058537688,3,1.0,98.29149501216317
118,fixed_relay,101,0,0.3726851851851852,24,26.249886868605287,3,1.0,99.44050670360042
119,fixed_relay,101,0,0.3765046296296296,24,26.066482110985223,3,1.0,100.30413588168734
120,fixed_relay,101,0,0.38125,24,26.241557719722294,4,1.0,101.0361714788412
121,fixed_relay,101,0,0.3851851851851852,24,26.246222449997262,4,1.0,101.7967492116916
122,fixed_relay,101,0,0.3894675925925926,24,26.20675326399723,4,1.0,102.9708697670533
123,fixed_relay,101,0,0.39363425925925927,24,26.16911913852793,4,1.0,103.75615265414085
124,fixed_relay,101,0,0.397337962962963,24,26.118029231805348,4,1.0,104.36340860743697
125,fixed_relay,101,0,0.4023148148148148,24,26.043672799109647,4,1.0,105.4282481037079
126,fixed_relay,101,0,0.4065972222222222,24,25.97706686872915,4,1.0,106.34585427346286
127,fixed_relay,101,0,0.4096064814814815,24,25.9139117723977,4,1.0,106.94464423165103
128,fixed_relay,101,0,0.4130787037037037,24,25.835031166646644,4,1.0,107.84196731556203
129,fixed_relay,101,0,0.4167824074074074,23,26.872631195727337,4,1.0,108.78023699545481
130,fixed_relay,101,0,0.41932870370370373,23,26.80506866628559,4,1.0,108.78023699545481
131,fixed_relay,101,0,0.4221064814814815,23,26.74154155359098,4,1.0,109.38749441070222
132,fixed_relay,101,0,0.4252314814814815,23,26.67087568224493,4,1.0,109.79400087663947
133,fixed_relay,101,0,0.42789351851851853,23,26.592221968197652,4,1.0,110.16240950589243
134,fixed_relay,101,0,0.43148148148148147,23,26.504387770580973,4,1.0,111.33033731522535
135,fixed_relay,101,0,0.43530092592592595,23,26.41176885832713,4,1.0,112.30419707085963
136,fixed_relay,101,0,0.43819444444444444,23,26.309081132190098,4,1.0,113.16149108645807
137,fixed_relay,101,0,0.44166666666666665,23,26.2033448701222,4,1.0,113.62055935865595
138,fixed_relay,101,0,0.4445601851851852,23,26.113631921316202,4,1.0,114.70663845406635
139,fixed_relay,101,0,0.4482638888888889,23,25.98435704431238,4,1.0,115.73014665446892
140,fixed_relay,101,0,0.45092592592592595,23,25.88059902605189,4,1.0,116.51811167846024
141,fixed_relay,101,0,0.45393518518518516,23,25.758508949454946,4,1.0,117.42625259305335
142,fixed_relay,101,0,0.4570601851851852,23,25.643663098488833,4,1.0,118.001914709318
143,fixed_relay,101,0,0.4596064814814815,23,25.52208595776554,4,1.0,118.66132230244314
144,fixed_relay,101,0,0.4622685185185185,22,26.56814704084746,4,1.0,119.0
145,fixed_relay,101,0,0.46469907407407407,22,26.45526002141054,4,1.0,119.0
146,fixed_relay,101,0,0.4681712962962963,21,27.602244163384974,4,1.0,119.0
147,fixed_relay,101,0,0.4703703703703704,21,27.49896807925949,4,1.0,119.0
148,fixed_relay,101,0,0.4744212962962963,21,27.366974877006005,4,1.0,119.0
149,fixed_relay,101,0,0.4778935185185185,21,27.242262138354043,4,1.0,119.0
150,fixed_relay,101,0,0.48159722222222223,21,27.109398862721065,4,1.0,119.0
151,fixed_relay,101,0,0.4841435185185185,21,26.966250980103073,4,1.0,119.0
152,fixed_relay,101,0,0.4863425925925926,21,26.804561091646953,4,1.0,119.0
153,fixed_relay,101,0,0.48865740740740743,21,26.63436971094421,4,1.0,119.0
154,fixed_relay,101,0,0.49074074074074076,21,26.465517385343983,4,1.0,119.0
155,fixed_relay,101,0,0.49270833333333336,21,26.289747536666738,4,1.0,119.0
156,fixed_relay,101,0,0.49375,21,26.07963410990102,4,1.0,119.0
157,fixed_relay,101,0,0.4945601851851852,21,25.87729376618288,4,1.0,119.0
158,fixed_relay,101,0,0.4951388888888889,21,25.653863455316987,4,1.0,119.0
159,fixed_relay,101,0,0.49594907407407407,21,25.4282987800969,4,1.0,119.0
160,fixed_relay,101,0,0.4965277777777778,21,25.73585576405774,5,1.0,119.0
161,fixed_relay,101,0,0.4980324074074074,21,25.8151949342003,5,1.0,119.0
162,fixed_relay,101,0,0.4996527777777778,21,25.84312608134952,5,1.0,119.0
163,fixed_relay,101,0,0.5013888888888889,21,25.82948145136665,5,1.0,119.0
164,fixed_relay,101,0,0.5028935185185185,21,25.817309153368463,5,1.0,119.0
165,fixed_relay,101,0,0.5037037037037037,21,25.783146800596164,5,1.0,119.0
166,fixed_relay,101,0,0.5049768518518518,21,25.742811179085475,5,1.0,119.0
167,fixed_relay,101,0,0.5057870370370371,21,25.700845338092492,5,1.0,119.0
168,fixed_relay,101,0,0.506712962962963,21,25.660919064187738,5,1.0,119.0
169,fixed_relay,101,0,0.5072916666666667,21,25.6022382567765,5,1.0,119.0
170,fixed_relay,101,0,0.5077546296296296,21,25.528034177642926,5,1.0,119.0
171,fixed_relay,101,0,0.5083333333333333,21,25.456722338674755,5,1.0,119.0
172,fixed_relay,101,0,0.5090277777777777,21,25.403857793815924,5,1.0,119.0
173,fixed_relay,101,0,0.5090277777777777,20,26.61631824673118,5,1.0,119.0
174,fixed_relay,101,0,0.5094907407407407,20,26.567393018339466,5,1.0,119.0
175,fixed_relay,101,0,0.5097222222222222,20,26.51405991941698,5,1.0,119.0
176,fixed_relay,101,0,0.5097222222222222,20,26.453836428794936,5,1.0,119.0
177,fixed_relay,101,0,0.5097222222222222,20,26.387039348599252,5,1.0,119.0
178,fixed_relay,101,0,0.5098379629629629,20,26.324866019353113,5,1.0,119.0
179,fixed_relay,101,0,0.5098379629629629,20,26.260142575606288,5,1.0,119.0
180,fixed_relay,101,0,0.5098379629629629,20,26.18621161055281,5,1.0,119.0
181,fixed_relay,101,0,0.5100694444444445,20,26.11428724230903,5,1.0,119.0
182,fixed_relay,101,0,0.5100694444444445,19,27.42193832256487,5,1.0,119.0
183,fixed_relay,101,0,0.5103009259259259,19,27.36242026437889,5,1.0,119.0
184,fixed_relay,101,0,0.5104166666666666,19,27.29400412197606,5,1.0,119.0
185,fixed_relay,101,0,0.5105324074074075,19,27.2320645833017,5,1.0,119.0
186,fixed_relay,101,0,0.5109953703703703,19,27.162567697174975,5,1.0,119.0
187,fixed_relay,101,0,0.5113425925925926,19,27.086081922690745,5,1.0,119.0
188,fixed_relay,101,0,0.5114583333333333,19,27.00172063410879,5,1.0,119.0
189,fixed_relay,101,0,0.5114583333333333,19,26.90628300292618,5,1.0,119.0
190,fixed_relay,101,0,0.5114583333333333,19,26.81388194895536,5,1.0,119.0
191,fixed_relay,101,0,0.5114583333333333,19,26.73046835412964,5,1.0,119.0
192,fixed_relay,101,0,0.5114583333333333,19,26.637849515409275,5,1.0,119.0
193,fixed_relay,101,0,0.5115740740740741,19,26.51671704269298,5,1.0,119.0
194,fixed_relay,101,0,0.5115740740740741,19,26.408363804448353,5,1.0,119.0
195,fixed_relay,101,0,0.5115740740740741,19,26.270090591892348,5,1.0,119.0
196,fixed_relay,101,0,0.5115740740740741,19,26.11807812581685,5,1.0,119.0
197,fixed_relay,101,0,0.5115740740740741,19,25.96550972205158,5,1.0,119.0
198,fixed_relay,101,0,0.5115740740740741,19,25.798400687513745,5,1.0,119.0
199,fixed_relay,101,0,0.5115740740740741,19,25.652394882845737,5,1.0,119.0
200,fixed_relay,101,0,0.5115740740740741,19,26.147201342021763,6,1.0,119.0
201,fixed_relay,101,0,0.5115740740740741,19,26.55189399561256,6,1.0,119.0
202,fixed_relay,101,0,0.5115740740740741,19,26.895669743549472,6,1.0,119.0
203,fixed_relay,101,0,0.5115740740740741,19,27.15016813187633,6,1.0,119.0
204,fixed_relay,101,0,0.5115740740740741,19,27.338133159078712,6,1.0,119.0
205,fixed_relay,101,0,0.5115740740740741,19,27.519648375770156,6,1.0,119.0
206,fixed_relay,101,0,0.5115740740740741,19,27.69374841659823,6,1.0,119.0
207,fixed_relay,101,0,0.5115740740740741,19,27.876081980021947,6,1.0,119.0
208,fixed_relay,101,0,0.5115740740740741,19,28.05972070868553,6,1.0,119.0
209,fixed_relay,101,0,0.5115740740740741,19,28.2525880529475,6,1.0,119.0
210,fixed_relay,101,0,0.5115740740740741,19,28.430738507819484,6,1.0,119.0
211,fixed_relay,101,0,0.5115740740740741,19,28.597132343167278,6,1.0,119.0
212,fixed_relay,101,0,0.5115740740740741,19,28.764310843464376,6,1.0,119.0
213,fixed_relay,101,0,0.5115740740740741,19,28.93258301273775,6,1.0,119.0
214,fixed_relay,101,0,0.5115740740740741,19,29.128903437072523,6,1.0,119.0
215,fixed_relay,101,0,0.5115740740740741,19,29.282065795617644,6,1.0,119.0
216,fixed_relay,101,0,0.5115740740740741,19,29.396709350474207,6,1.0,119.0
217,fixed_relay,101,0,0.5115740740740741,19,29.524596094277296,6,1.0,119.0
218,fixed_relay,101,0,0.5115740740740741,19,29.643354403156895,6,1.0,119.0
219,fixed_relay,101,0,0.5115740740740741,19,29.759131774957286,6,1.0,119.0
220,fixed_relay,101,0,0.5115740740740741,19,29.885751580903975,6,1.0,119.0
221,fixed_relay,101,0,0.5115740740740741,19,30.008956629887063,6,1.0,119.0
222,fixed_relay,101,0,0.5115740740740741,19,30.14229249504533,6,1.0,119.0
223,fixed_relay,101,0,0.5115740740740741,19,30.27030073962194,6,1.0,119.0
224,fixed_relay,101,0,0.5115740740740741,19,30.379483552303107,6,1.0,119.0
225,fixed_relay,101,0,0.5115740740740741,19,30.491707430351276,6,1.0,119.0
226,fixed_relay,101,0,0.5115740740740741,19,30.586735616903585,6,1.0,119.0
227,fixed_relay,101,0,0.5115740740740741,19,30.6768482308931,6,1.0,119.0
228,fixed_relay,101,0,0.5115740740740741,19,30.776068930413743,6,1.0,119.0
229,fixed_relay,101,0,0.5115740740740741,19,30.857157971994873,6,1.0,119.0
230,fixed_relay,101,0,0.5115740740740741,19,30.938721336081198,6,1.0,119.0
231,fixed_relay,101,0,0.5115740740740741,19,30.997015087298557,6,1.0,119.0
232,fixed_relay,101,0,0.5115740740740741,19,31.050221469799716,6,1.0,119.0
233,fixed_relay,101,0,0.5115740740740741,19,31.113221993786976,6,1.0,119.0
234,fixed_relay,101,0,0.5115740740740741,19,31.16908246478507,6,1.0,119.0
235,fixed_relay,101,0,0.5115740740740741,19,31.233688545860947,6,1.0,119.0
236,fixed_relay,101,0,0.5115740740740741,19,31.288968270342636,6,1.0,119.0
237,fixed_relay,101,0,0.5115740740740741,19,31.351253417372863,6,1.0,119.0
238,fixed_relay,101,0,0.5115740740740741,19,31.412110160716338,6,1.0,119.0
239,fixed_relay,101,0,0.5115740740740741,19,31.467194885522137,6,1.0,119.0
0,fixed_relay,7,1,0.007291666666666667,24,32.0,1,1.0,10.523415570254752
1,fixed_relay,7,1,0.009375,24,32.0,1,1.0,11.03811125843981
2,fixed_relay,7,1,0.011226851851851852,24,32.0,1,1.0,11.744940399351227
3,fixed_relay,7,1,0.012962962962962963,24,32.0,1,1.0,12.56225772201615
4,fixed_relay,7,1,0.015393518518518518,24,32.0,1,1.0,13.216748133429373
5,fixed_relay,7,1,0.017361111111111112,24,32.0,1,1.0,13.935300605601844
6,fixed_relay,7,1,0.019212962962962963,24,32.0,1,1.0,14.59213979231648
7,fixed_relay,7,1,0.02141203703703704,24,32.0,1,1.0,15.329010437758837
8,fixed_relay,7,1,0.02326388888888889,24,32.0,1,1.0,16.492619252676096
9,fixed_relay,7,1,0.025347222222222222,24,32.0,1,1.0,16.97735321501842
10,fixed_relay,7,1,0.026851851851851852,24,32.0,1,1.0,17.5445651002802
11,fixed_relay,7,1,0.028587962962962964,24,32.0,1,1.0,18.429691372581278
12,fixed_relay,7,1,0.031018518518518518,24,32.0,1,1.0,19.629102636323275
13,fixed_relay,7,1,0.03356481481481482,24,32.0,1,1.0,20.197718342843338
14,fixed_relay,7,1,0.03599537037037037,24,32.0,1,1.0,21.44971808098547
15,fixed_relay,7,1,0.03831018518518518,24,32.0,1,1.0,22.294080655826384
16,fixed_relay,7,1,0.03981481481481482,24,32.0,1,1.0,22.983055208268944
17,fixed_relay,7,1,0.04212962962962963,24,32.0,1,1.0,23.69021605450056
18,fixed_relay,7,1,0.043287037037037034,24,32.0,1,1.0,24.11127115165771
19,fixed_relay,7,1,0.04594907407407407,24,32.0,1,1.0,24.944658357586466
20,fixed_relay,7,1,0.047453703703703706,24,32.0,1,1.0,25.381683262762692
21,fixed_relay,7,1,0.049652777777777775,24,32.0,1,1.0,26.329050614795083
22,fixed_relay,7,1,0.05219907407407407,24,32.0,1,1.0,27.42821943157296
23,fixed_relay,7,1,0.053703703703703705,24,32.0,1,1.0,27.72007144558275
24,fixed_relay,7,1,0.05555555555555555,24,32.0,1,1.0,28.467770222375133
25,fixed_relay,7,1,0.057060185185185186,24,32.0,1,1.0,28.96007714621999
26,fixed_relay,7,1,0.05949074074074074,24,31.99979361535455,1,1.0,29.29401793969977
27,fixed_relay,7,1,0.06157407407407407,24,32.0,1,1.0,30.170666051322147
28,fixed_relay,7,1,0.06435185185185185,24,31.99790673439996,1,1.0,30.947602744364886
29,fixed_relay,7,1,0.06701388888888889,24,31.993420095161422,1,1.0,31.477446794092042
30,fixed_relay,7,1,0.07013888888888889,24,31.975769937139876,1,1.0,32.6148471663465
31,fixed_relay,7,1,0.07256944444444445,24,31.963314114215052,1,1.0,32.934657379136134
32,fixed_relay,7,1,0.07615740740740741,24,31.94892271940779,1,1.0,33.30041588318566
33,fixed_relay,7,1,0.07847222222222222,24,31.9316896404727,1,1.0,34.01750430731918
34,fixed_relay,7,1,0.08252314814814815,24,31.895858093524065,1,1.0,35.17316751877583
35,fixed_relay,7,1,0.08599537037037037,24,31.862947829561637,1,1.0,35.95546165909636
36,fixed_relay,7,1,0.08923611111111111,24,31.81704947423255,1,1.0,36.48375013323566
37,fixed_relay,7,1,0.09270833333333334,24,31.762298806972392,1,1.0,37.26882315168717
38,fixed_relay,7,1,0.09513888888888888,24,31.723207609835466,1,1.0,37.985737501768945
39,fixed_relay,7,1,0.09780092592592593,24,31.66296860431523,1,1.0,38.32043125096964
40,fixed_relay,7,1,0.10104166666666667,24,31.745002955189904,2,1.0,39.52432453465373
41,fixed_relay,7,1,0.10335648148148148,24,31.766486122967013,2,1.0,40.150930056960796
42,fixed_relay,7,1,0.10694444444444444,24,31.78362970738151,2,1.0,41.20279672355951
43,fixed_relay,7,1,0.11041666666666666,24,31.80370163562577,2,1.0,41.768734519449914
44,fixed_relay,7,1,0.11342592592592593,24,31.80104365920356,2,1.0,42.665280111362875
45,fixed_relay,7,1,0.11689814814814815,24,31.79070530477952,2,1.0,43.35363098658913
46,fixed_relay,7,1,0.12106481481481482,24,31.783558578813466,2,1.0,43.7690344923435
47,fixed_relay,7,1,0.12534722222222222,24,31.778746806657164,2,1.0,44.55570509035923
48,fixed_relay,7,1,0.12974537037037037,24,31.760710148006893,2,1.0,45.52701481328076
49,fixed_relay,7,1,0.1335648148148148,24,31.749592669821244,2,1.0,46.30144904830005
50,fixed_relay,7,1,0.1375,24,31.72794821572171,2,1.0,46.99058990127584
51,fixed_relay,7,1,0.14027777777777778,24,31.71172700290259,2,1.0,47.44665778292328
52,fixed_relay,7,1,0.14421296296296296,24,31.689522581927196,2,1.0,48.157785065661564
53,fixed_relay,7,1,0.14780092592592592,24,31.661801079173923,2,1.0,49.38550963029228
54,fixed_relay,7,1,0.15127314814814816,24,31.638452171195272,2,1.0,49.83910132060173
55,fixed_relay,7,1,0.15381944444444445,24,31.616549926561543,2,1.0,50.37470147762227
56,fixed_relay,7,1,0.1571759259259259,24,31.58950850133338,2,1.0,51.23913438919484
57,fixed_relay,7,1,0.1605324074074074,24,31.559790967783982,2,1.0,51.953755480507475
58,fixed_relay,7,1,0.16400462962962964,24,31.518007916421407,2,1.0,52.2583819542479
59,fixed_relay,7,1,0.1667824074074074,24,31.49291308573085,2,1.0,52.73768897627369
60,fixed_relay,7,1,0.16979166666666667,24,31.454846620858007,2,1.0,53.6642482856167
61,fixed_relay,7,1,0.1724537037037037,24,31.407619902344596,2,1.0,54.81889210042588
62,fixed_relay,7,1,0.17708333333333334,24,31.35250019045917,2,1.0,55.325906632096796
63,fixed_relay,7,1,0.18101851851851852,24,31.300912725928374,2,1.0,55.93821896843004
64,fixed_relay,7,1,0.18449074074074073,24,31.232697308156734,2,1.0,56.93414682232958
65,fixed_relay,7,1,0.1886574074074074,24,31.166535553428712,2,1.0,57.84118974715296
66,fixed_relay,7,1,0.19155092592592593,24,31.100267997696132,2,1.0,58.64131844539836
67,fixed_relay,7,1,0.19444444444444445,24,31.035230752434654,2,1.0,59.25085987095512
68,fixed_relay,7,1,0.19837962962962963,24,30.955620630274524,2,1.0,60.215851370569034
69,fixed_relay,7,1,0.2019675925925926,24,30.875314785737686,2,1.0,60.47391495969625
70,fixed_relay,7,1,0.20543981481481483,24,30.783322278020574,2,1.0,60.69061236199351
71,fixed_relay,7,1,0.20891203703703703,24,30.693049499730183,2,1.0,61.46432713604027
72,fixed_relay,7,1,0.21215277777777777,24,30.6072932100772,2,1.0,62.19587688955463
73,fixed_relay,7,1,0.21550925925925926,24,30.51597628323597,2,1.0,63.11732324537743
74,fixed_relay,7,1,0.2193287037037037,24,30.41527086489476,2,1.0,64.20505768030094
75,fixed_relay,7,1,0.22395833333333334,24,30.31697629669085,2,1.0,65.27758404150553
76,fixed_relay,7,1,0.22777777777777777,24,30.20028784425924,2,1.0,66.36215502441544
77,fixed_relay,7,1,0.23113425925925926,24,30.093041896595775,2,1.0,67.05472525203696
78,fixed_relay,7,1,0.23564814814814813,24,29.955413941813987,2,1.0,67.94226919820102
79,fixed_relay,7,1,0.23981481481481481,24,29.80514956686672,2,1.0,69.06566005148392
80,fixed_relay,7,1,0.24328703703703702,24,29.910222399474566,3,1.0,69.98510637499241
81,fixed_relay,7,1,0.2474537037037037,24,29.90979244614702,3,1.0,70.73127672343101
82,fixed_relay,7,1,0.25092592592592594,24,29.889201728313168,3,1.0,71.73496245109257
83,fixed_relay,7,1,0.25462962962962965,24,29.854307724995564,3,1.0,72.32881856437045
84,fixed_relay,7,1,0.2587962962962963,24,29.79813184845071,3,1.0,72.90875059520812
85,fixed_relay,7,1,0.26273148148148145,24,29.735457827926734,3,1.0,73.95078787793112
86,fixed_relay,7,1,0.2657407407407407,24,29.67487220737765,3,1.0,74.73906386249647
87,fixed_relay,7,1,0.26944444444444443,24,29.61109661126657,3,1.0,75.43368137742812
88,fixed_relay,7,1,0.27326388888888886,24,29.542033866686594,3,1.0,76.41558653714306
89,fixed_relay,7,1,0.27743055555555557,24,29.477908904519406,3,1.0,77.39233072317161
90,fixed_relay,7,1,0.28125,24,29.4126667370985,3,1.0,77.56440974963166
91,fixed_relay,7,1,0.28402777777777777,24,29.350300927735148,3,1.0,78.2073374924846
92,fixed_relay,7,1,0.28761574074074076,24,29.27140947444507,3,1.0,79.34502084187146
93,fixed_relay,7,1,0.2914351851851852,24,29.184079193698228,3,1.0,79.80272215315205
94,fixed_relay,7,1,0.29583333333333334,24,29.100818280771986,3,1.0,80.68126994525099
95,fixed_relay,7,1,0.2980324074074074,24,29.02531321672262,3,1.0,81.21201748587207
96,fixed_relay,7,1,0.3023148148148148,24,28.929823141297025,3,1.0,82.46683379913836
97,fixed_relay,7,1,0.305787037037037,24,28.835166263609025,3,1.0,83.3681407370326
98,fixed_relay,7,1,0.3090277777777778,24,28.742291288604605,3,1.0,83.9450838977074
99,fixed_relay,7,1,0.31296296296296294,24,28.648185988873973,3,1.0,84.98736094666985
100,fixed_relay,7,1,0.316087962962963,24,28.55594175543891,3,1.0,85.88788118963798
101,fixed_relay,7,1,0.3189814814814815,24,28.461777723628927,3,1.0,86.34795698086651
102,fixed_relay,7,1,0.32199074074074074,24,28.356305503884272,3,1.0,87.47227060323694
103,fixed_relay,7,1,0.32534722222222223,24,28.258216316794265,3,1.0,88.62206790253292
104,fixed_relay,7,1,0.3282407407407407,24,28.167742444521735,3,1.0,88.87049715514293
105,fixed_relay,7,1,0.33229166666666665,24,28.047238783805682,3,1.0,89.42621563372414
106,fixed_relay,7,1,0.3347222222222222,24,27.954848764446535,3,1.0,90.07043341028417
107,fixed_relay,7,1,0.33773148148148147,24,27.84475459903116,3,1.0,90.74907983903664
108,fixed_relay,7,1,0.3414351851851852,24,27.712693494303156,3,1.0,91.3443977102117
109,fixed_relay,7,1,0.34375,24,27.58841035022664,3,1.0,92.23156107169955
110,fixed_relay,7,1,0.34756944444444443,24,27.467842393469095,3,1.0,93.49327486826198
111,fixed_relay,7,1,0.35011574074074076,24,27.357702761890447,3,1.0,93.9864924505447
112,fixed_relay,7,1,0.35381944444444446,24,27.196378102766392,3,1.0,95.1104158180608
113,fixed_relay,7,1,0.35682870370370373,24,27.04682929135136,3,1.0,96.11997125139423
114,fixed_relay,7,1,0.3607638888888889,24,26.8824564729692,3,1.0,97.0141332135786
115,fixed_relay,7,1,0.36493055555555554,24,26.694120700806593,3,1.0,97.66473217834938
116,fixed_relay,7,1,0.3679398148148148,24,26.508157583199885,3,1.0,98.63901316134101
117,fixed_relay,7,1,0.37094907407407407,24,26.33481277287525,3,1.0,99.19167399908325
118,fixed_relay,7,1,0.37418981481481484,24,26.112794938610097,3,1.0,100.00264704375871
119,fixed_relay,7,1,0.3770833333333333,24,25.89535282500349,3,1.0,100.89966381057837
120,fixed_relay,7,1,0.3802083333333333,24,26.12565708644566,4,0.75,101.65960650862802
121,fixed_relay,7,1,0.38310185185185186,24,26.128806473725373,4,0.75,102.53071349007746
122,fixed_relay,7,1,0.3861111111111111,24,26.093731161978088,4,0.75,103.36606718070765
123,fixed_relay,7,1,0.3885416666666667,24,26.03036155880479,4,0.75,103.81211377192247
124,fixed_relay,7,1,0.39189814814814816,24,25.961596870064103,4,0.75,104.65893684235216
125,fixed_relay,7,1,0.39525462962962965,24,25.880034001602947,4,0.75,105.73029443744387
126,fixed_relay,7,1,0.3988425925925926,24,25.7955170352127,4,0.75,106.06871916979549
127,fixed_relay,7,1,0.40219907407407407,23,26.845177461000972,4,0.75,106.21525817518156
128,fixed_relay,7,1,0.4056712962962963,23,26.754251732069385,4,0.75,107.47002239899443
129,fixed_relay,7,1,0.40891203703703705,23,26.667977396193603,4,0.75,107.99259419531239
130,fixed_relay,7,1,0.4116898148148148,23,26.578503507092705,4,0.75,109.04933176457119
131,fixed_relay,7,1,0.4146990740740741,23,26.47048780704819,4,0.75,109.72506636172996
132,fixed_relay,7,1,0.41805555555555557,23,26.372524997584794,4,0.75,110.16272088720805
133,fixed_relay,7,1,0.4217592592592593,23,26.265376820569635,4,0.75,111.33066758233002
134,fixed_relay,7,1,0.4241898148148148,23,26.170434586185703,4,0.75,112.06002823952696
135,fixed_relay,7,1,0.42743055555555554,23,26.050469783076814,4,0.75,112.85977447918218
136,fixed_relay,7,1,0.4303240740740741,22,27.138377483988634,4,0.75,113.80241936571545
137,fixed_relay,7,1,0.43333333333333335,22,27.048668650486118,4,0.75,114.5211648862577
138,fixed_relay,7,1,0.4359953703703704,22,26.948601907299278,4,0.75,115.5938065585477
139,fixed_relay,7,1,0.43819444444444444,22,26.85289061026641,4,0.75,116.43508541001677
140,fixed_relay,7,1,0.4408564814814815,22,26.75516674895964,4,0.75,117.05950736995592
141,fixed_relay,7,1,0.4428240740740741,22,26.649540004128866,4,0.75,117.80936422351635
142,fixed_relay,7,1,0.4462962962962963,22,26.545141429991045,4,0.75,118.6597906267374
143,fixed_relay,7,1,0.44872685185185185,22,26.449755929806262,4,0.75,119.0
144,fixed_relay,7,1,0.4513888888888889,22,26.32292407847549,4,0.75,119.0
145,fixed_relay,7,1,0.4537037037037037,22,26.20740185592874,4,0.75,119.0
146,fixed_relay,7,1,0.45590277777777777,22,26.08316156700209,4,0.75,119.0
147,fixed_relay,7,1,0.45810185185185187,21,27.188536971971768,4,0.75,119.0
148,fixed_relay,7,1,0.45891203703703703,21,27.07926231015504,4,0.75,119.0
149,fixed_relay,7,1,0.46122685185185186,21,26.941577544411913,4,0.75,119.0
150,fixed_relay,7,1,0.46284722222222224,21,26.77402454811031,4,0.75,119.0
151,fixed_relay,7,1,0.46377314814814813,21,26.647978758358693,4,0.75,119.0
152,fixed_relay,7,1,0.46493055555555557,21,26.496697694884567,4,0.75,119.0
153,fixed_relay,7,1,0.4666666666666667,20,27.64316875141521,4,0.75,119.0
154,fixed_relay,7,1,0.4686342592592593,20,27.461461971976245,4,0.75,119.0
155,fixed_relay,7,1,0.4703703703703704,19,28.746380130113373,4,0.75,119.0
156,fixed_relay,7,1,0.4721064814814815,19,28.574841433323915,4,0.75,119.0
157,fixed_relay,7,1,0.47372685185185187,19,28.405352511172598,4,0.75,119.0
158,fixed_relay,7,1,0.47638888888888886,19,28.193648020701062,4,0.75,119.0
159,fixed_relay,7,1,0.478125,19,27.999376910344864,4,0.75,119.0
160,fixed_relay,7,1,0.47974537037037035,19,28.340495911377754,5,0.8,119.0
161,fixed_relay,7,1,0.48148148148148145,19,28.521609743580843,5,0.8,119.0
162,fixed_relay,7,1,0.4825231481481482,19,28.599305062865184,5,0.8,119.0
163,fixed_relay,7,1,0.4832175925925926,19,28.63793989469004,5,0.8,119.0
164,fixed_relay,7,1,0.4842592592592593,19,28.633098245897607,5,0.8,119.0
165,fixed_relay,7,1,0.4855324074074074,19,28.646332959732874,5,0.8,119.0
166,fixed_relay,7,1,0.48657407407407405,19,28.62851566082542,5,0.8,119.0
167,fixed_relay,7,1,0.4875,19,28.61878264678462,5,0.8,119.0
168,fixed_relay,7,1,0.4883101851851852,19,28.596038358057974,5,0.8,119.0
169,fixed_relay,7,1,0.48993055555555554,18,30.16393206782308,5,0.8,119.0
170,fixed_relay,7,1,0.491087962962963,18,30.148346750859837,5,0.8,119.0
171,fixed_relay,7,1,0.49224537037037036,18,30.130671676845566,5,0.8,119.0
172,fixed_relay,7,1,0.49386574074074074,18,30.11538281993192,5,0.8,119.0
173,fixed_relay,7,1,0.4949074074074074,18,30.074120648314572,5,0.8,119.0
174,fixed_relay,7,1,0.4960648148148148,18,30.037446994352095,5,0.8,119.0
175,fixed_relay,7,1,0.49722222222222223,18,30.010376470177405,5,0.8,119.0
176,fixed_relay,7,1,0.4983796296296296,18,29.97942453921181,5,0.8,119.0
177,fixed_relay,7,1,0.4988425925925926,18,29.945792631022055,5,0.8,119.0
178,fixed_relay,7,1,0.4994212962962963,18,29.90053038207841,5,0.8,119.0
179,fixed_relay,7,1,0.4997685185185185,18,29.83837603620681,5,0.8,119.0
180,fixed_relay,7,1,0.5003472222222223,18,29.78989323916895,5,0.8,119.0
181,fixed_relay,7,1,0.5003472222222223,18,29.75645717978393,5,0.8,119.0
182,fixed_relay,7,1,0.5005787037037037,18,29.702365435060504,5,0.8,119.0
183,fixed_relay,7,1,0.5011574074074074,18,29.64762730431576,5,0.8,119.0
184,fixed_relay,7,1,0.5012731481481482,18,29.594506441181416,5,0.8,119.0
185,fixed_relay,7,1,0.5017361111111112,18,29.530971438697357,5,0.8,119.0
186,fixed_relay,7,1,0.5017361111111112,18,29.43169073726885,5,0.8,119.0
187,fixed_relay,7,1,0.5019675925925926,18,29.33990139160943,5,0.8,119.0
188,fixed_relay,7,1,0.502199074074074,18,29.247159594128878,5,0.8,119.0
189,fixed_relay,7,1,0.5024305555555556,18,29.153713594278518,5,0.8,119.0
190,fixed_relay,7,1,0.5030092592592592,18,29.044924522384203,5,0.8,119.0
191,fixed_relay,7,1,0.5039351851851852,18,28.92703896032237,5,0.8,119.0
192,fixed_relay,7,1,0.5040509259259259,18,28.82446777865685,5,0.8,119.0
193,fixed_relay,7,1,0.5043981481481481,18,28.70231425865824,5,0.8,119.0
194,fixed_relay,7,1,0.5046296296296297,18,28.60113329681432,5,0.8,119.0
195,fixed_relay,7,1,0.5046296296296297,18,28.458691562565182,5,0.8,119.0
196,fixed_relay,7,1,0.5046296296296297,18,28.323684796966358,5,0.8,119.0
197,fixed_relay,7,1,0.5046296296296297,18,28.164717437878448,5,0.8,119.0
198,fixed_relay,7,1,0.5047453703703704,18,28.016255838819735,5,0.8,119.0
199,fixed_relay,7,1,0.5047453703703704,18,27.866119848454638,5,0.8,119.0
200,fixed_relay,7,1,0.5047453703703704,18,28.33553400421315,6,0.8333333333333334,119.0
201,fixed_relay,7,1,0.5047453703703704,18,28.70635934207666,6,0.8333333333333334,119.0
202,fixed_relay,7,1,0.5047453703703704,18,29.043309739122567,6,0.8333333333333334,119.0
203,fixed_relay,7,1,0.5047453703703704,18,29.284491572395886,6,0.8333333333333334,119.0
204,fixed_relay,7,1,0.5047453703703704,18,29.502113680228522,6,0.8333333333333334,119.0
205,fixed_relay,7,1,0.5047453703703704,18,29.721694654759364,6,0.8333333333333334,119.0
206,fixed_relay,7,1,0.5047453703703704,18,29.872920305053942,6,0.8333333333333334,119.0
207,fixed_relay,7,1,0.5047453703703704,18,30.001027303093046,6,0.8333333333333334,119.0
208,fixed_relay,7,1,0.5047453703703704,18,30.127973191411755,6,0.8333333333333334,119.0
209,fixed_relay,7,1,0.5047453703703704,18,30.222948217221628,6,0.8333333333333334,119.0
210,fixed_relay,7,1,0.5047453703703704,18,30.319451613042613,6,0.8333333333333334,119.0
211,fixed_relay,7,1,0.5047453703703704,18,30.39619523361095,6,0.8333333333333334,119.0
212,fixed_relay,7,1,0.5047453703703704,18,30.457660138871145,6,0.8333333333333334,119.0
213,fixed_relay,7,1,0.5047453703703704,18,30.523553146158932,6,0.8333333333333334,119.0
214,fixed_relay,7,1,0.5047453703703704,18,30.58034911192058,6,0.8333333333333334,119.0
215,fixed_relay,7,1,0.5047453703703704,18,30.647605512103876,6,0.8333333333333334,119.0
216,fixed_relay,7,1,0.5047453703703704,18,30.710459493236144,6,0.8333333333333334,119.0
217,fixed_relay,7,1,0.5047453703703704,18,30.764056967554968,6,0.8333333333333334,119.0
218,fixed_relay,7,1,0.5047453703703704,18,30.83413959448856,6,0.8333333333333334,119.0
219,fixed_relay,7,1,0.5047453703703704,18,30.896136943303556,6,0.8333333333333334,119.0
220,fixed_relay,7,1,0.5047453703703704,18,30.948593092002827,6,0.8333333333333334,119.0
221,fixed_relay,7,1,0.5047453703703704,18,31.014400860985607,6,0.8333333333333334,119.0
222,fixed_relay,7,1,0.5047453703703704,18,31.07458126830031,6,0.8333333333333334,119.0
223,fixed_relay,7,1,0.5047453703703704,18,31.144648448945127,6,0.8333333333333334,119.0
224,fixed_relay,7,1,0.5047453703703704,18,31.201167357696605,6,0.8333333333333334,119.0
225,fixed_relay,7,1,0.5047453703703704,18,31.266237912446698,6,0.8333333333333334,119.0
226,fixed_relay,7,1,0.5047453703703704,18,31.323829099747822,6,0.8333333333333334,119.0
227,fixed_relay,7,1,0.5047453703703704,18,31.391406201772398,6,0.8333333333333334,119.0
228,fixed_relay,7,1,0.5047453703703704,18,31.461488693764963,6,0.8333333333333334,119.0
229,fixed_relay,7,1,0.5047453703703704,18,31.525819747478977,6,0.8333333333333334,119.0
230,fixed_relay,7,1,0.5047453703703704,18,31.589040664794524,6,0.8333333333333334,119.0
231,fixed_relay,7,1,0.5047453703703704,18,31.6498594963666,6,0.8333333333333334,119.0
232,fixed_relay,7,1,0.5047453703703704,18,31.713111800140105,6,0.8333333333333334,119.0
233,fixed_relay,7,1,0.5047453703703704,18,31.77899819130138,6,0.8333333333333334,119.0
234,fixed_relay,7,1,0.5047453703703704,18,31.827509703061008,6,0.8333333333333334,119.0
235,fixed_relay,7,1,0.5047453703703704,18,31.85330464934573,6,0.8333333333333334,119.0
236,fixed_relay,7,1,0.5047453703703704,18,31.880358524204034,6,0.8333333333333334,119.0
237,fixed_relay,7,1,0.5047453703703704,18,31.916935040689964,6,0.8333333333333334,119.0
238,fixed_relay,7,1,0.5047453703703704,18,31.945982241620577,6,0.8333333333333334,119.0
239,fixed_relay,7,1,0.5047453703703704,18,31.978333891498135,6,0.8333333333333334,119.0
0,fixed_relay,21,1,0.008796296296296297,24,32.0,1,1.0,11.743577619240815
1,fixed_relay,21,1,0.010416666666666666,24,32.0,1,1.0,12.34010504964782
2,fixed_relay,21,1,0.012268518518518519,24,32.0,1,1.0,12.823360139920094
3,fixed_relay,21,1,0.013888888888888888,24,32.0,1,1.0,13.406740917064061
4,fixed_relay,21,1,0.01574074074074074,24,32.0,1,1.0,14.373231593028443
5,fixed_relay,21,1,0.018171296296296297,24,32.0,1,1.0,15.064335461313512
6,fixed_relay,21,1,0.02048611111111111,24,32.0,1,1.0,15.71873835461078
7,fixed_relay,21,1,0.022337962962962962,24,32.0,1,1.0,16.548172197688313
8,fixed_relay,21,1,0.024652777777777777,24,32.0,1,1.0,17.474455837945875
9,fixed_relay,21,1,0.027199074074074073,24,32.0,1,1.0,18.268351832363656
10,fixed_relay,21,1,0.02974537037037037,24,32.0,1,1.0,19.057305244877185
11,fixed_relay,21,1,0.03194444444444444,24,32.0,1,1.0,19.809290384996572
12,fixed_relay,21,1,0.03460648148148148,24,32.0,1,1.0,20.59388454118244
13,fixed_relay,21,1,0.03715277777777778,24,32.0,1,1.0,21.36310508249279
14,fixed_relay,21,1,0.040393518518518516,24,32.0,1,1.0,22.34883308909575
15,fixed_relay,21,1,0.043055555555555555,24,32.0,1,1.0,23.459385110511374
16,fixed_relay,21,1,0.046064814814814815,24,32.0,1,1.0,24.196331811409358
17,fixed_relay,21,1,0.04918981481481482,24,32.0,1,1.0,25.225055042163255
18,fixed_relay,21,1,0.05196759259259259,24,32.0,1,1.0,26.169579782509995
19,fixed_relay,21,1,0.05439814814814815,24,32.0,1,1.0,26.779925060914227
20,fixed_relay,21,1,0.05717592592592593,24,32.0,1,1.0,27.415834393588877
21,fixed_relay,21,1,0.05925925925925926,24,32.0,1,1.0,27.733197922958652
22,fixed_relay,21,1,0.061342592592592594,24,32.0,1,1.0,28.10991474959899
23,fixed_relay,21,1,0.06458333333333334,24,32.0,1,1.0,29.023011986689497
24,fixed_relay,21,1,0.06747685185185186,24,32.0,1,1.0,30.157892620241405
25,fixed_relay,21,1,0.07094907407407407,24,31.997445911401257,1,1.0,31.242667807533664
26,fixed_relay,21,1,0.07418981481481482,24,31.989669375369953,1,1.0,32.02481414209547
27,fixed_relay,21,1,0.07685185185185185,24,31.991752560331715,1,1.0,32.259803660911224
28,fixed_relay,21,1,0.07951388888888888,24,31.98386599545509,1,1.0,32.772988571834105
29,fixed_relay,21,1,0.08217592592592593,24,31.97095698327861,1,1.0,33.429655955537754
30,fixed_relay,21,1,0.0849537037037037,24,31.953245540383545,1,1.0,34.277673292242746
31,fixed_relay,21,1,0.08784722222222222,24,31.925471399361086,1,1.0,34.73431496405433
32,fixed_relay,21,1,0.09166666666666666,24,31.89395138249638,1,1.0,35.40464695855643
33,fixed_relay,21,1,0.09502314814814815,24,31.86458388555973,1,1.0,35.7960503128315
34,fixed_relay,21,1,0.09768518518518518,24,31.8298940602117,1,1.0,36.54667987396356
35,fixed_relay,21,1,0.10150462962962963,24,31.77863432460491,1,1.0,37.24810217801765
36,fixed_relay,21,1,0.10451388888888889,24,31.74079508104013,1,1.0,38.21947399890159
37,fixed_relay,21,1,0.10844907407407407,24,31.690885020769752,1,1.0,38.4034719872046
38,fixed_relay,21,1,0.11157407407407408,24,31.622587414472324,1,1.0,39.1769192227656
39,fixed_relay,21,1,0.11446759259259259,24,31.56043867299465,1,1.0,40.137385085994794
40,fixed_relay,21,1,0.11793981481481482,24,31.61700634888732,2,1.0,40.99195892304018
41,fixed_relay,21,1,0.12106481481481482,24,31.626730812219236,2,1.0,41.681936412896114
42,fixed_relay,21,1,0.12488425925925926,24,31.616391292989096,2,1.0,42.78962052394693
43,fixed_relay,21,1,0.12858796296296296,24,31.601118742380724,2,1.0,43.846421647410935
44,fixed_relay,21,1,0.13229166666666667,24,31.588445349553552,2,1.0,44.90205646892172
45,fixed_relay,21,1,0.1355324074074074,24,31.58302966089776,2,1.0,45.321511107298775
46,fixed_relay,21,1,0.1394675925925926,24,31.568378974261744,2,1.0,45.575651930035384
47,fixed_relay,21,1,0.14270833333333333,24,31.551279194247282,2,1.0,46.34187534154463
48,fixed_relay,21,1,0.14629629629629629,24,31.516245032897018,2,1.0,46.68120651416148
49,fixed_relay,21,1,0.14976851851851852,24,31.490644632568642,2,1.0,47.47291037179016
50,fixed_relay,21,1,0.15381944444444445,24,31.45860557450399,2,1.0,48.284200759254674
51,fixed_relay,21,1,0.1571759259259259,24,31.43484386712903,2,1.0,48.49832758640766
52,fixed_relay,21,1,0.16087962962962962,24,31.39331196188348,2,1.0,49.638919412446754
53,fixed_relay,21,1,0.16435185185185186,24,31.361809753580374,2,1.0,50.330718938091636
54,fixed_relay,21,1,0.16875,24,31.33363058156273,2,1.0,50.763787063232485
55,fixed_relay,21,1,0.1730324074074074,24,31.284896187393866,2,1.0,51.13345598334386
56,fixed_relay,21,1,0.17731481481481481,24,31.243308414216198,2,1.0,52.146086917783
57,fixed_relay,21,1,0.18113425925925927,24,31.206278420889774,2,1.0,52.96009930447665
58,fixed_relay,21,1,0.18483796296296295,24,31.168858541465983,2,1.0,53.33888494380941
59,fixed_relay,21,1,0.1883101851851852,24,31.122793419625157,2,1.0,53.70014701453345
60,fixed_relay,21,1,0.19305555555555556,24,31.061578043874732,2,1.0,53.99217216727948
61,fixed_relay,21,1,0.1960648148148148,24,31.004338844230528,2,1.0,54.64851810112703
62,fixed_relay,21,1,0.19988425925925926,24,30.953089120798367,2,1.0,55.044843832271965
63,fixed_relay,21,1,0.2042824074074074,24,30.88132500629267,2,1.0,55.92226102442839
64,fixed_relay,21,1,0.20717592592592593,24,30.80762393553735,2,1.0,56.78516513630951
65,fixed_relay,21,1,0.21041666666666667,24,30.738966203464468,2,1.0,57.41236921776113
66,fixed_relay,21,1,0.21284722222222222,24,30.66922961055631,2,1.0,57.8016552459546
67,fixed_relay,21,1,0.21643518518518517,24,30.588937226773,2,1.0,58.93335661272747
68,fixed_relay,21,1,0.21875,24,30.511293961846206,2,1.0,59.49021063679793
69,fixed_relay,21,1,0.2232638888888889,24,30.41375325421267,2,1.0,60.438031030852436
70,fixed_relay,21,1,0.22685185185185186,24,30.31897970534406,2,1.0,61.28159201886194
71,fixed_relay,21,1,0.22962962962962963,24,30.22631278756945,2,1.0,61.87580416827892
72,fixed_relay,21,1,0.23368055555555556,24,30.115303097271596,2,1.0,62.713510389063586
73,fixed_relay,21,1,0.23715277777777777,24,29.99691849119814,2,1.0,63.72500609217376
74,fixed_relay,21,1,0.24074074074074073,24,29.88385127428246,2,1.0,63.971229261653015
75,fixed_relay,21,1,0.24479166666666666,24,29.76304793957755,2,1.0,64.75918749358443
76,fixed_relay,21,1,0.24733796296296295,24,29.637485507160733,2,1.0,65.83979308289729
77,fixed_relay,21,1,0.2503472222222222,24,29.521817052653997,2,1.0,66.41968541080335
78,fixed_relay,21,1,0.2539351851851852,24,29.379683490513496,2,1.0,67.0026361946707
79,fixed_relay,21,1,0.25729166666666664,24,29.20534396491193,2,1.0,68.07149051025436
80,fixed_relay,21,1,0.2603009259259259,24,29.355347858304267,3,1.0,68.82213270164236
81,fixed_relay,21,1,0.2636574074074074,24,29.36387389127186,3,1.0,69.88179518817824
82,fixed_relay,21,1,0.2674768518518518,24,29.33153424840198,3,1.0,70.70190739310982
83,fixed_relay,21,1,0.27118055555555554,24,29.301484435684035,3,1.0,71.82402531027475
84,fixed_relay,21,1,0.2741898148148148,24,29.26187654794605,3,1.0,72.87953055394694
85,fixed_relay,21,1,0.27719907407407407,24,29.233079208202742,3,1.0,73.49043785238435
86,fixed_relay,21,1,0.2806712962962963,24,29.2047842254559,3,1.0,74.38086175520486
87,fixed_relay,21,1,0.2847222222222222,24,29.16017161276574,3,1.0,75.17003610113585
88,fixed_relay,21,1,0.287962962962963,24,29.122944524185584,3,1.0,75.90452701867002
89,fixed_relay,21,1,0.2916666666666667,24,29.093228991367866,3,1.0,76.83109616331036
90,fixed_relay,21,1,0.2952546296296296,24,29.043989638341188,3,1.0,77.7535653507597
91,fixed_relay,21,1,0.2991898148148148,24,28.993111920910334,3,1.0,78.719753144414
92,fixed_relay,21,1,0.303587962962963,24,28.931511415369474,3,1.0,79.66882642624158
93,fixed_relay,21,1,0.30752314814814813,24,28.86751985842372,3,1.0,80.719886103582
94,fixed_relay,21,1,0.31145833333333334,24,28.81378224055676,3,1.0,81.56688599425794
95,fixed_relay,21,1,0.31574074074074077,24,28.762542000264755,3,1.0,82.33894548368902
96,fixed_relay,21,1,0.3189814814814815,24,28.70148162901764,3,1.0,83.37487721232122
97,fixed_relay,21,1,0.32256944444444446,24,28.6345667330562,3,1.0,84.0855011654751
98,fixed_relay,21,1,0.3263888888888889,24,28.550368251329214,3,1.0,85.05930891115428
99,fixed_relay,21,1,0.32939814814814816,24,28.470564929101588,3,1.0,85.78939252429154
100,fixed_relay,21,1,0.33310185185185187,24,28.391336485364473,3,1.0,86.53842883682
101,fixed_relay,21,1,0.3355324074074074,24,28.300380091618592,3,1.0,86.97540654095073
102,fixed_relay,21,1,0.33912037037037035,24,28.213640352573066,3,1.0,87.47068618368773
103,fixed_relay,21,1,0.34282407407407406,24,28.10696079550243,3,1.0,87.81710835857872
104,fixed_relay,21,1,0.34594907407407405,24,28.015908594209222,3,1.0,88.08141641767244
105,fixed_relay,21,1,0.34872685185185187,24,27.902811180207646,3,1.0,89.27812108275336
106,fixed_relay,21,1,0.35173611111111114,24,27.821497868342828,3,1.0,89.93796382510334
107,fixed_relay,21,1,0.35671296296296295,24,27.700711160085604,3,1.0,90.84934603178043
108,fixed_relay,21,1,0.3597222222222222,24,27.5797022461776,3,1.0,91.39905667656987
109,fixed_relay,21,1,0.36261574074074077,24,27.45299368296864,3,1.0,91.93896865214467
110,fixed_relay,21,1,0.366087962962963,24,27.31258121345492,3,1.0,92.39723560672851
111,fixed_relay,21,1,0.36886574074074074,24,27.176365005506167,3,1.0,92.53185750921465
112,fixed_relay,21,1,0.371412037037037,24,27.024745980541322,3,1.0,92.93417323737992
113,fixed_relay,21,1,0.37546296296296294,24,26.851038512559736,3,1.0,93.68734616166829
114,fixed_relay,21,1,0.37824074074074077,24,26.723886567356804,3,1.0,94.43851512934478
115,fixed_relay,21,1,0.38229166666666664,24,26.546522309200054,3,1.0,95.64352749385374
116,fixed_relay,21,1,0.38587962962962963,24,26.35555305522998,3,1.0,96.76816211881977
117,fixed_relay,21,1,0.38993055555555556,24,26.144850286232913,3,1.0,97.94789282196757
118,fixed_relay,21,1,0.39375,24,25.955975778209563,3,1.0,98.34811634595063
119,fixed_relay,21,1,0.397337962962963,24,25.763193561290876,3,1.0,99.26972992981484
120,fixed_relay,21,1,0.4017361111111111,24,25.978258614669112,4,0.75,100.31475328512347
121,fixed_relay,21,1,0.40497685185185184,24,25.990105421985703,4,0.75,101.00440445138143
122,fixed_relay,21,1,0.40844907407407405,24,25.972126599056867,4,0.75,101.75199943549747
123,fixed_relay,21,1,0.4130787037037037,24,25.930223065385025,4,0.75,102.3054933261958
124,fixed_relay,21,1,0.41689814814814813,24,25.876647658057763,4,0.75,103.07933967692419
125,fixed_relay,21,1,0.4202546296296296,24,25.833128079106547,4,0.75,103.7545329316347
126,fixed_relay,21,1,0.4233796296296296,24,25.76456573985466,4,0.75,104.56356906777796
127,fixed_relay,21,1,0.42592592592592593,23,26.813751247888778,4,0.75,105.5311767273024
128,fixed_relay,21,1,0.4303240740740741,23,26.720007973348793,4,0.75,105.5311767273024
129,fixed_relay,21,1,0.434375,23,26.645301122360177,4,0.75,105.5311767273024
130,fixed_relay,21,1,0.4373842592592593,23,26.570564260901314,4,0.75,105.5311767273024
131,fixed_relay,21,1,0.4408564814814815,23,26.491424829577277,4,0.75,105.65426263669562
132,fixed_relay,21,1,0.44502314814814814,23,26.40439419509525,4,0.75,106.29227334532958
133,fixed_relay,21,1,0.44930555555555557,23,26.316534695927594,4,0.75,107.17464065354649
134,fixed_relay,21,1,0.45439814814814816,23,26.21813900055115,4,0.75,108.34346161351137
135,fixed_relay,21,1,0.45810185185185187,23,26.132261580560392,4,0.75,109.17451504943105
136,fixed_relay,21,1,0.4625,23,26.033235111348894,4,0.75,110.25446533620023
137,fixed_relay,21,1,0.46574074074074073,23,25.93602940209637,4,0.75,111.20321635702433
138,fixed_relay,21,1,0.4689814814814815,23,25.83576870124035,4,0.75,112.1160849015546
139,fixed_relay,21,1,0.4722222222222222,23,25.734122563118667,4,0.75,112.56274308609154
140,fixed_relay,21,1,0.4755787037037037,23,25.610606604148366,4,0.75,113.13990848551579
141,fixed_relay,21,1,0.47847222222222224,23,25.493131796933586,4,0.75,114.00541453544412
142,fixed_relay,21,1,0.48113425925925923,23,25.373167740907103,4,0.75,114.36772329724079
143,fixed_relay,21,1,0.4828703703703704,23,25.256296967668263,4,0.75,115.16771906642889
144,fixed_relay,21,1,0.48564814814814816,23,25.128311153430726,4,0.75,116.20023460237444
145,fixed_relay,21,1,0.4888888888888889,22,26.145939566670396,4,0.75,117.09440302886783
146,fixed_relay,21,1,0.49224537037037036,22,25.99975776198929,4,0.75,117.09440302886783
147,fixed_relay,21,1,0.4947916666666667,22,25.88182523045231,4,0.75,117.17839110286174
148,fixed_relay,21,1,0.4983796296296296,22,25.755565388844047,4,0.75,117.87966296224711
149,fixed_relay,21,1,0.5005787037037037,22,25.609056918470706,4,0.75,118.7390594561192
150,fixed_relay,21,1,0.5037037037037037,21,26.654247457635435,4,0.75,119.0
151,fixed_relay,21,1,0.506712962962963,21,26.49380513764291,4,0.75,119.0
152,fixed_relay,21,1,0.5087962962962963,21,26.32260227650078,4,0.75,119.0
153,fixed_relay,21,1,0.5100694444444445,20,27.475332041725864,4,0.75,119.0
154,fixed_relay,21,1,0.5108796296296296,20,27.324750006966163,4,0.75,119.0
155,fixed_relay,21,1,0.5125,20,27.151828986014475,4,0.75,119.0
156,fixed_relay,21,1,0.5142361111111111,20,26.983391728598416,4,0.75,119.0
157,fixed_relay,21,1,0.5158564814814814,20,26.779715315199894,4,0.75,119.0
158,fixed_relay,21,1,0.5173611111111112,20,26.553207099510626,4,0.75,119.0
159,fixed_relay,21,1,0.5186342592592592,20,26.314785353857435,4,0.75,119.0
160,fixed_relay,21,1,0.5203703703703704,20,26.66486926518174,5,0.8,119.0
161,fixed_relay,21,1,0.521875,20,26.821103695494166,5,0.8,119.0
162,fixed_relay,21,1,0.5237268518518519,20,26.896067119344497,5,0.8,119.0
163,fixed_relay,21,1,0.5247685185185185,20,26.916513489884572,5,0.8,119.0
164,fixed_relay,21,1,0.5254629629629629,20,26.899393800735197,5,0.8,119.0
165,fixed_relay,21,1,0.5268518518518519,20,26.865724681584577,5,0.8,119.0
166,fixed_relay,21,1,0.5280092592592592,20,26.815013366237075,5,0.8,119.0
167,fixed_relay,21,1,0.5288194444444444,20,26.771305005401096,5,0.8,119.0
168,fixed_relay,21,1,0.5293981481481481,20,26.73194561829258,5,0.8,119.0
169,fixed_relay,21,1,0.5300925925925926,19,28.085821958934492,5,0.8,119.0
170,fixed_relay,21,1,0.5309027777777777,19,28.05102201262319,5,0.8,119.0
171,fixed_relay,21,1,0.5314814814814814,19,28.004190616717814,5,0.8,119.0
172,fixed_relay,21,1,0.5327546296296296,19,27.960702716400803,5,0.8,119.0
173,fixed_relay,21,1,0.5329861111111112,19,27.919772309650302,5,0.8,119.0
174,fixed_relay,21,1,0.5337962962962963,19,27.874683746491716,5,0.8,119.0
175,fixed_relay,21,1,0.5337962962962963,19,27.827677828506992,5,0.8,119.0
176,fixed_relay,21,1,0.5340277777777778,19,27.795600417844383,5,0.8,119.0
177,fixed_relay,21,1,0.5347222222222222,19,27.742232843802892,5,0.8,119.0
178,fixed_relay,21,1,0.5350694444444445,19,27.6825938540932,5,0.8,119.0
179,fixed_relay,21,1,0.5351851851851852,19,27.6184376993788,5,0.8,119.0
180,fixed_relay,21,1,0.5353009259259259,19,27.551928692480654,5,0.8,119.0
181,fixed_relay,21,1,0.5354166666666667,19,27.504588637331274,5,0.8,119.0
182,fixed_relay,21,1,0.5355324074074074,19,27.46180121828464,5,0.8,119.0
183,fixed_relay,21,1,0.5355324074074074,18,28.940036110103076,5,0.8,119.0
184,fixed_relay,21,1,0.5358796296296297,18,28.87906902387148,5,0.8,119.0
185,fixed_relay,21,1,0.5359953703703704,18,28.811806418595893,5,0.8,119.0
186,fixed_relay,21,1,0.5359953703703704,18,28.75532312854648,5,0.8,119.0
187,fixed_relay,21,1,0.5359953703703704,18,28.665706249912716,5,0.8,119.0
188,fixed_relay,21,1,0.5361111111111111,18,28.580955079014156,5,0.8,119.0
189,fixed_relay,21,1,0.5362268518518518,18,28.48865147608073,5,0.8,119.0
190,fixed_relay,21,1,0.5369212962962963,18,28.358376721616743,5,0.8,119.0
191,fixed_relay,21,1,0.537962962962963,18,28.25314076146634,5,0.8,119.0
192,fixed_relay,21,1,0.5383101851851851,18,28.152463183009225,5,0.8,119.0
193,fixed_relay,21,1,0.538425925925926,18,28.020828124183662,5,0.8,119.0
194,fixed_relay,21,1,0.5388888888888889,18,27.87194503694478,5,0.8,119.0
195,fixed_relay,21,1,0.5390046296296296,18,27.722047427693607,5,0.8,119.0
196,fixed_relay,21,1,0.5392361111111111,18,27.56562205618697,5,0.8,119.0
197,fixed_relay,21,1,0.5392361111111111,18,27.380157656715102,5,0.8,119.0
198,fixed_relay,21,1,0.5392361111111111,18,27.178178240776997,5,0.8,119.0
199,fixed_relay,21,1,0.5392361111111111,18,26.99647792532808,5,0.8,119.0
200,fixed_relay,21,1,0.5393518518518519,18,27.554061043665584,6,0.8333333333333334,119.0
201,fixed_relay,21,1,0.539699074074074,18,28.030829183987613,6,0.8333333333333334,119.0
202,fixed_relay,21,1,0.539699074074074,18,28.39893170006146,6,0.8333333333333334,119.0
203,fixed_relay,21,1,0.539699074074074,18,28.652254708761475,6,0.8333333333333334,119.0
204,fixed_relay,21,1,0.539699074074074,18,28.84360235595771,6,0.8333333333333334,119.0
205,fixed_relay,21,1,0.539699074074074,18,28.96402527627438,6,0.8333333333333334,119.0
206,fixed_relay,21,1,0.539699074074074,18,29.05647433076817,6,0.8333333333333334,119.0
207,fixed_relay,21,1,0.539699074074074,18,29.147476812826554,6,0.8333333333333334,119.0
208,fixed_relay,21,1,0.539699074074074,18,29.252228331032896,6,0.8333333333333334,119.0
209,fixed_relay,21,1,0.539699074074074,18,29.357702402056677,6,0.8333333333333334,119.0
210,fixed_relay,21,1,0.539699074074074,18,29.458822001205988,6,0.8333333333333334,119.0
211,fixed_relay,21,1,0.539699074074074,18,29.55056423733392,6,0.8333333333333334,119.0
212,fixed_relay,21,1,0.539699074074074,18,29.63516924435132,6,0.8333333333333334,119.0
213,fixed_relay,21,1,0.539699074074074,18,29.72051652890987,6,0.8333333333333334,119.0
214,fixed_relay,21,1,0.539699074074074,18,29.822578924296458,6,0.8333333333333334,119.0
215,fixed_relay,21,1,0.539699074074074,18,29.927018711254675,6,0.8333333333333334,119.0
216,fixed_relay,21,1,0.539699074074074,18,30.032598413611836,6,0.8333333333333334,119.0
217,fixed_relay,21,1,0.539699074074074,18,30.13160774698349,6,0.8333333333333334,119.0
218,fixed_relay,21,1,0.539699074074074,18,30.224201436056305,6,0.8333333333333334,119.0
219,fixed_relay,21,1,0.539699074074074,18,30.31405829603513,6,0.8333333333333334,119.0
220,fixed_relay,21,1,0.539699074074074,18,30.401106866105515,6,0.8333333333333334,119.0
221,fixed_relay,21,1,0.539699074074074,18,30.488491437309808,6,0.8333333333333334,119.0
222,fixed_relay,21,1,0.539699074074074,18,30.592268065419464,6,0.8333333333333334,119.0
223,fixed_relay,21,1,0.539699074074074,18,30.67919602209386,6,0.8333333333333334,119.0
224,fixed_relay,21,1,0.539699074074074,18,30.763872701660596,6,0.8333333333333334,119.0
225,fixed_relay,21,1,0.539699074074074,18,30.862709609484366,6,0.8333333333333334,119.0
226,fixed_relay,21,1,0.539699074074074,18,30.953084680965894,6,0.8333333333333334,119.0
227,fixed_relay,21,1,0.539699074074074,18,31.015730618963673,6,0.8333333333333334,119.0
228,fixed_relay,21,1,0.539699074074074,18,31.08370988520403,6,0.8333333333333334,119.0
229,fixed_relay,21,1,0.539699074074074,18,31.143041399621794,6,0.8333333333333334,119.0
230,fixed_relay,21,1,0.539699074074074,18,31.21218730714421,6,0.8333333333333334,119.0
231,fixed_relay,21,1,0.539699074074074,18,31.274664710246117,6,0.8333333333333334,119.0
232,fixed_relay,21,1,0.539699074074074,18,31.327001688234922,6,0.8333333333333334,119.0
233,fixed_relay,21,1,0.539699074074074,18,31.396323166666125,6,0.8333333333333334,119.0
234,fixed_relay,21,1,0.539699074074074,18,31.463337842832416,6,0.8333333333333334,119.0
235,fixed_relay,21,1,0.539699074074074,18,31.515931174183404,6,0.8333333333333334,119.0
236,fixed_relay,21,1,0.539699074074074,18,31.557257397739306,6,0.8333333333333334,119.0
237,fixed_relay,21,1,0.539699074074074,18,31.588408865787105,6,0.8333333333333334,119.0
238,fixed_relay,21,1,0.539699074074074,18,31.623081857910435,6,0.8333333333333334,119.0
239,fixed_relay,21,1,0.539699074074074,18,31.659892549539205,6,0.8333333333333334,119.0
0,fixed_relay,42,1,0.009027777777777777,24,32.0,1,1.0,11.357305470253031
1,fixed_relay,42,1,0.01087962962962963,24,32.0,1,1.0,12.165962375072668
2,fixed_relay,42,1,0.012268518518518519,24,32.0,1,1.0,12.478388257181633
3,fixed_relay,42,1,0.014004629629629629,24,32.0,1,1.0,13.576947761679378
4,fixed_relay,42,1,0.01597222222222222,24,32.0,1,1.0,14.536723880387745
5,fixed_relay,42,1,0.018055555555555554,24,32.0,1,1.0,15.190843508526086
6,fixed_relay,42,1,0.020717592592592593,24,32.0,1,1.0,16.04161542633854
7,fixed_relay,42,1,0.02337962962962963,24,32.0,1,1.0,17.053758802335512
8,fixed_relay,42,1,0.025925925925925925,24,32.0,1,1.0,17.841877154184782
9,fixed_relay,42,1,0.02847222222222222,24,32.0,1,1.0,18.816085215862646
10,fixed_relay,42,1,0.030208333333333334,24,32.0,1,1.0,19.375883311952506
11,fixed_relay,42,1,0.03287037037037037,24,32.0,1,1.0,19.805377762174395
12,fixed_relay,42,1,0.0349537037037037,24,32.0,1,1.0,20.359055416009564
13,fixed_relay,42,1,0.03715277777777778,24,32.0,1,1.0,21.590564428681304
14,fixed_relay,42,1,0.039467592592592596,24,32.0,1,1.0,22.34060910613984
15,fixed_relay,42,1,0.04224537037037037,24,32.0,1,1.0,23.081694655954916
16,fixed_relay,42,1,0.04513888888888889,24,32.0,1,1.0,24.27033049107567
17,fixed_relay,42,1,0.04791666666666667,24,32.0,1,1.0,25.316350637912905
18,fixed_relay,42,1,0.050347222222222224,24,32.0,1,1.0,25.896477517329544
19,fixed_relay,42,1,0.053009259259259256,24,32.0,1,1.0,26.800198312588755
20,fixed_relay,42,1,0.055671296296296295,24,32.0,1,1.0,27.49684643986375
21,fixed_relay,42,1,0.05856481481481481,24,32.0,1,1.0,28.138305204122766
22,fixed_relay,42,1,0.06180555555555556,24,32.0,1,1.0,28.71041332816581
23,fixed_relay,42,1,0.06435185185185185,24,32.0,1,1.0,29.094655816404256
24,fixed_relay,42,1,0.06782407407407408,24,32.0,1,1.0,29.349450886795157
25,fixed_relay,42,1,0.07002314814814815,24,31.99482184092355,1,1.0,30.047048806871288
26,fixed_relay,42,1,0.07337962962962963,24,31.993286536854697,1,1.0,31.02533225162936
27,fixed_relay,42,1,0.07685185185185185,24,31.9856547449846,1,1.0,31.353372967293904
28,fixed_relay,42,1,0.07997685185185185,24,31.97491482214586,1,1.0,32.48401646690751
29,fixed_relay,42,1,0.0824074074074074,24,31.960267568211805,1,1.0,33.48313713585107
30,fixed_relay,42,1,0.0855324074074074,24,31.941332790149662,1,1.0,34.44484692597108
31,fixed_relay,42,1,0.0880787037037037,24,31.912615709508685,1,1.0,34.65573673864364
32,fixed_relay,42,1,0.09108796296296297,24,31.88356898296964,1,1.0,34.81592411766937
33,fixed_relay,42,1,0.0943287037037037,24,31.834727659932906,1,1.0,35.31759859532216
34,fixed_relay,42,1,0.09641203703703703,24,31.80205799886374,1,1.0,36.04029285711022
35,fixed_relay,42,1,0.10023148148148148,24,31.757947819287647,1,1.0,36.73251014148896
36,fixed_relay,42,1,0.10405092592592592,24,31.70088958316884,1,1.0,37.184430474631654
37,fixed_relay,42,1,0.10810185185185185,24,31.643576882877785,1,1.0,38.33611570697053
38,fixed_relay,42,1,0.11145833333333334,24,31.586281512954674,1,1.0,39.32812091367262
39,fixed_relay,42,1,0.11446759259259259,24,31.520342806091367,1,1.0,40.21886921129134
40,fixed_relay,42,1,0.11805555555555555,24,31.59780152906464,2,1.0,41.16741167486364
41,fixed_relay,42,1,0.1207175925925926,24,31.630652873890842,2,1.0,42.12603129318514
42,fixed_relay,42,1,0.12418981481481481,24,31.627929995611883,2,1.0,42.65215059480877
43,fixed_relay,42,1,0.12708333333333333,24,31.625220162914946,2,1.0,43.06409332714959
44,fixed_relay,42,1,0.1310185185185185,24,31.611077771142522,2,1.0,43.89401731930356
45,fixed_relay,42,1,0.1346064814814815,24,31.588541216704446,2,1.0,44.29421028206812
46,fixed_relay,42,1,0.1375,24,31.575452898817336,2,1.0,45.22016165687615
47,fixed_relay,42,1,0.1414351851851852,24,31.553131394225364,2,1.0,46.163263065903514
48,fixed_relay,42,1,0.14456018518518518,24,31.53093662171598,2,1.0,47.251554713379505
49,fixed_relay,42,1,0.1482638888888889,24,31.5088383947791,2,1.0,47.597997363055136
50,fixed_relay,42,1,0.15185185185185185,24,31.472722123995457,2,1.0,48.435005482886766
51,fixed_relay,42,1,0.15601851851851853,24,31.43651139091834,2,1.0,49.1408591246982
52,fixed_relay,42,1,0.15914351851851852,24,31.402561419531434,2,1.0,50.03280525153454
53,fixed_relay,42,1,0.16354166666666667,24,31.36484630742575,2,1.0,50.554906253505
54,fixed_relay,42,1,0.1667824074074074,24,31.332290059384984,2,1.0,51.403785757866885
55,fixed_relay,42,1,0.1712962962962963,24,31.28447182325142,2,1.0,52.4657142079383
56,fixed_relay,42,1,0.17372685185185185,24,31.244855845237183,2,1.0,53.13588143356138
57,fixed_relay,42,1,0.17766203703703703,24,31.193394364785288,2,1.0,54.1877925664435
58,fixed_relay,42,1,0.1806712962962963,24,31.14045776447973,2,1.0,54.88999827163318
59,fixed_relay,42,1,0.18449074074074073,24,31.085216748101715,2,1.0,55.77038692814321
60,fixed_relay,42,1,0.1884259259259259,24,31.033910493323276,2,1.0,56.46774732132694
61,fixed_relay,42,1,0.19293981481481481,24,30.970985482678874,2,1.0,57.117014750014484
62,fixed_relay,42,1,0.19699074074074074,24,30.90461887412266,2,1.0,57.803374883002604
63,fixed_relay,42,1,0.2019675925925926,24,30.83724685257654,2,1.0,58.46949224458499
64,fixed_relay,42,1,0.20578703703703705,24,30.75810468514763,2,1.0,59.512906819944135
65,fixed_relay,42,1,0.20949074074074073,24,30.682717359531228,2,1.0,60.26567989178254
66,fixed_relay,42,1,0.21354166666666666,24,30.597753961711135,2,1.0,60.74737287701174
67,fixed_relay,42,1,0.21666666666666667,24,30.528740722261958,2,1.0,61.03242778076994
68,fixed_relay,42,1,0.22013888888888888,24,30.45377977939209,2,1.0,61.268987395421746
69,fixed_relay,42,1,0.22337962962962962,24,30.362588568500897,2,1.0,61.82553630087859
70,fixed_relay,42,1,0.22650462962962964,24,30.275407767084364,2,1.0,62.27355070203306
71,fixed_relay,42,1,0.2292824074074074,24,30.16120493803324,2,1.0,63.02756763536334
72,fixed_relay,42,1,0.23252314814814815,24,30.05160024089629,2,1.0,63.960365746690094
73,fixed_relay,42,1,0.23587962962962963,24,29.941008649900407,2,1.0,64.21966019451425
74,fixed_relay,42,1,0.23912037037037037,24,29.834793917307056,2,1.0,65.22418389359937
75,fixed_relay,42,1,0.24328703703703702,24,29.69219406856703,2,1.0,65.94255953002019
76,fixed_relay,42,1,0.24641203703703704,24,29.542137824214734,2,1.0,66.23192264572789
77,fixed_relay,42,1,0.24988425925925925,24,29.393850586616455,2,1.0,67.3452383003074
78,fixed_relay,42,1,0.25277777777777777,24,29.228779680120294,2,1.0,68.12007804661881
79,fixed_relay,42,1,0.2556712962962963,24,29.08342448384997,2,1.0,69.18741007407773
80,fixed_relay,42,1,0.2590277777777778,24,29.204412703035896,3,1.0,69.91477619780993
81,fixed_relay,42,1,0.2622685185185185,24,29.199527708897335,3,1.0,70.4091367284993
82,fixed_relay,42,1,0.2650462962962963,24,29.171486836515744,3,1.0,71.23809550345152
83,fixed_relay,42,1,0.26886574074074077,24,29.129986207945507,3,1.0,72.15986580598965
84,fixed_relay,42,1,0.27291666666666664,24,29.077207308929143,3,1.0,73.36233836237236
85,fixed_relay,42,1,0.27627314814814813,24,29.024705985860688,3,1.0,74.14038552997673
86,fixed_relay,42,1,0.28020833333333334,24,28.97006726802715,3,1.0,75.17234520078864
87,fixed_relay,42,1,0.284837962962963,24,28.899917222997374,3,1.0,76.00986959563092
88,fixed_relay,42,1,0.2896990740740741,24,28.821319376676097,3,1.0,76.82431346445843
89,fixed_relay,42,1,0.29398148148148145,24,28.734746437379872,3,1.0,77.71472563388464
90,fixed_relay,42,1,0.2974537037037037,24,28.6649032524039,3,1.0,78.71130959122712
91,fixed_relay,42,1,0.30150462962962965,24,28.59418852973883,3,1.0,79.67040513760628
92,fixed_relay,42,1,0.30497685185185186,24,28.51593313411959,3,1.0,80.22252759443741
93,fixed_relay,42,1,0.3105324074074074,24,28.41185074561983,3,1.0,81.39296988949015
94,fixed_relay,42,1,0.3141203703703704,24,28.306129127552964,3,1.0,82.43099958285647
95,fixed_relay,42,1,0.31724537037037037,24,28.220436356583747,3,1.0,83.30834293047282
96,fixed_relay,42,1,0.3210648148148148,24,28.134549954066795,3,1.0,83.8256935988217
97,fixed_relay,42,1,0.3241898148148148,24,28.02936124503307,3,1.0,84.27546311535377
98,fixed_relay,42,1,0.3278935185185185,24,27.93070127570405,3,1.0,84.40272752895244
99,fixed_relay,42,1,0.33101851851851855,24,27.82555493659434,3,1.0,85.31520927746571
100,fixed_relay,42,1,0.3346064814814815,24,27.721952318570615,3,1.0,86.48877982184356
101,fixed_relay,42,1,0.3371527777777778,24,27.61070211764284,3,1.0,86.7733675172991
102,fixed_relay,42,1,0.34085648148148145,24,27.477752262748623,3,1.0,87.44749469484802
103,fixed_relay,42,1,0.34444444444444444,24,27.361287857471808,3,1.0,88.37570366520355
104,fixed_relay,42,1,0.347337962962963,24,27.236881600980173,3,1.0,89.19084497715946
105,fixed_relay,42,1,0.3508101851851852,24,27.11519717632657,3,1.0,89.87363447180282
106,fixed_relay,42,1,0.35462962962962963,24,26.971635075779233,3,1.0,90.59881778413158
107,fixed_relay,42,1,0.3579861111111111,24,26.834401332872048,3,1.0,91.79799939172183
108,fixed_relay,42,1,0.36064814814814816,24,26.704414611750835,3,1.0,92.66183397745914
109,fixed_relay,42,1,0.3638888888888889,24,26.554768887416362,3,1.0,93.71373045319962
110,fixed_relay,42,1,0.36770833333333336,24,26.415157942012737,3,1.0,94.57910061747621
111,fixed_relay,42,1,0.3704861111111111,24,26.28144836663188,3,1.0,95.45343954618433
112,fixed_relay,42,1,0.37395833333333334,24,26.105786699430656,3,1.0,95.99450353546041
113,fixed_relay,42,1,0.37777777777777777,24,25.914632337641375,3,1.0,97.17427533933218
114,fixed_relay,42,1,0.38055555555555554,24,25.729290205780234,3,1.0,97.84926453900857
115,fixed_relay,42,1,0.3849537037037037,24,25.53818653989917,3,1.0,99.08536336864768
116,fixed_relay,42,1,0.38842592592592595,24,25.339382813836597,3,1.0,99.94746124059445
117,fixed_relay,42,1,0.39166666666666666,24,25.146410510006234,3,1.0,101.14698507138458
118,fixed_relay,42,1,0.39502314814814815,24,24.92054525937512,3,1.0,102.04269288485996
119,fixed_relay,42,1,0.39837962962962964,24,24.707515905905325,3,1.0,102.89526472609887
120,fixed_relay,42,1,0.40196759259259257,24,24.8912648433696,4,0.75,103.56168785808714
121,fixed_relay,42,1,0.40497685185185184,24,24.861425743014298,4,0.75,103.94143101376612
122,fixed_relay,42,1,0.4074074074074074,24,24.808998398344798,4,0.75,104.77933392477259
123,fixed_relay,42,1,0.4111111111111111,24,24.722994499809953,4,0.75,105.48441948975943
124,fixed_relay,42,1,0.41388888888888886,24,24.6294763566861,4,0.75,106.5009264032191
125,fixed_relay,42,1,0.4170138888888889,24,24.520499825917653,4,0.75,107.38035539491842
126,fixed_relay,42,1,0.42060185185185184,24,24.405639573625354,4,0.75,107.74176755516315
127,fixed_relay,42,1,0.42280092592592594,24,24.302669394093318,4,0.75,108.67615676048901
128,fixed_relay,42,1,0.42662037037037037,24,24.192443197826194,4,0.75,109.53313973464019
129,fixed_relay,42,1,0.42951388888888886,23,25.14078730497953,4,0.75,110.16494837213986
130,fixed_relay,42,1,0.4335648148148148,23,25.048234283572977,4,0.75,111.30990253624469
131,fixed_relay,42,1,0.43657407407407406,22,26.082917967265157,4,0.75,112.24764822099581
132,fixed_relay,42,1,0.440625,22,25.9804960770551,4,0.75,113.32260205147982
133,fixed_relay,42,1,0.44340277777777776,22,25.88079589155221,4,0.75,114.2356160811488
134,fixed_relay,42,1,0.44710648148148147,21,26.995044822130954,4,0.75,115.3744368668736
135,fixed_relay,42,1,0.4497685185185185,21,26.906744489914434,4,0.75,115.3744368668736
136,fixed_relay,42,1,0.4527777777777778,21,26.798811187792634,4,0.75,115.3744368668736
137,fixed_relay,42,1,0.45694444444444443,21,26.702229635105702,4,0.75,115.3744368668736
138,fixed_relay,42,1,0.45949074074074076,21,26.60951622205003,4,0.75,115.3744368668736
139,fixed_relay,42,1,0.46319444444444446,21,26.50434219456288,4,0.75,115.3744368668736
140,fixed_relay,42,1,0.465625,21,26.38881835866087,4,0.75,115.3744368668736
141,fixed_relay,42,1,0.4681712962962963,21,26.275216269250222,4,0.75,115.3744368668736
142,fixed_relay,42,1,0.4704861111111111,21,26.176394449406967,4,0.75,115.3744368668736
143,fixed_relay,42,1,0.47337962962962965,21,26.035821941646688,4,0.75,115.94570757406339
144,fixed_relay,42,1,0.4771990740740741,21,25.90725654967297,4,0.75,116.78909574155387
145,fixed_relay,42,1,0.480787037037037,21,25.793408002077328,4,0.75,117.43265548460853
146,fixed_relay,42,1,0.4829861111111111,21,25.6569687685025,4,0.75,118.53714369048919
147,fixed_relay,42,1,0.4857638888888889,21,25.52952099589032,4,0.75,118.99631228357221
148,fixed_relay,42,1,0.4883101851851852,21,25.384235756617663,4,0.75,119.0
149,fixed_relay,42,1,0.4909722222222222,21,25.23620027043815,4,0.75,119.0
150,fixed_relay,42,1,0.493287037037037,21,25.098596267313333,4,0.75,119.0
151,fixed_relay,42,1,0.4962962962962963,21,24.932683355105166,4,0.75,119.0
152,fixed_relay,42,1,0.4979166666666667,21,24.764698349335692,4,0.75,119.0
153,fixed_relay,42,1,0.49953703703703706,21,24.60380741866707,4,0.75,119.0
154,fixed_relay,42,1,0.5006944444444444,21,24.41359416071813,4,0.75,119.0
155,fixed_relay,42,1,0.5023148148148148,21,24.215943537015608,4,0.75,119.0
156,fixed_relay,42,1,0.5034722222222222,21,24.015160781763413,4,0.75,119.0
157,fixed_relay,42,1,0.5043981481481481,21,23.815542199868897,4,0.75,119.0
158,fixed_relay,42,1,0.5057870370370371,21,23.608221851382474,4,0.75,119.0
159,fixed_relay,42,1,0.5068287037037037,21,23.38903294791629,4,0.75,119.0
160,fixed_relay,42,1,0.508912037037037,21,23.617375125542033,5,0.8,119.0
161,fixed_relay,42,1,0.5103009259259259,20,24.891441950608048,5,0.8,119.0
162,fixed_relay,42,1,0.5120370370370371,20,24.88473502156531,5,0.8,119.0
163,fixed_relay,42,1,0.512962962962963,20,24.85524897497785,5,0.8,119.0
164,fixed_relay,42,1,0.5140046296296297,20,24.804339326211608,5,0.8,119.0
165,fixed_relay,42,1,0.515162037037037,20,24.76540185633076,5,0.8,119.0
166,fixed_relay,42,1,0.5155092592592593,20,24.72099981886233,5,0.8,119.0
167,fixed_relay,42,1,0.5162037037037037,20,24.661704554749125,5,0.8,119.0
168,fixed_relay,42,1,0.5168981481481482,20,24.605557129320875,5,0.8,119.0
169,fixed_relay,42,1,0.5172453703703703,20,24.542043648315662,5,0.8,119.0
170,fixed_relay,42,1,0.517824074074074,20,24.467736236856584,5,0.8,119.0
171,fixed_relay,42,1,0.517824074074074,20,24.40356809206498,5,0.8,119.0
172,fixed_relay,42,1,0.5180555555555556,20,24.330378510612455,5,0.8,119.0
173,fixed_relay,42,1,0.5180555555555556,20,24.26604376702513,5,0.8,119.0
174,fixed_relay,42,1,0.5184027777777778,19,25.46912393935538,5,0.8,119.0
175,fixed_relay,42,1,0.5188657407407408,19,25.41319814443985,5,0.8,119.0
176,fixed_relay,42,1,0.5194444444444445,19,25.363755779942654,5,0.8,119.0
177,fixed_relay,42,1,0.5197916666666667,19,25.291423937256848,5,0.8,119.0
178,fixed_relay,42,1,0.5197916666666667,19,25.21511884496508,5,0.8,119.0
179,fixed_relay,42,1,0.5197916666666667,19,25.151562473619578,5,0.8,119.0
180,fixed_relay,42,1,0.5197916666666667,19,25.091522986952082,5,0.8,119.0
181,fixed_relay,42,1,0.5199074074074074,18,26.432798835053134,5,0.8,119.0
182,fixed_relay,42,1,0.5199074074074074,18,26.368443819958543,5,0.8,119.0
183,fixed_relay,42,1,0.5200231481481481,18,26.305123722638143,5,0.8,119.0
184,fixed_relay,42,1,0.5202546296296297,17,27.798248742706818,5,0.8,119.0
185,fixed_relay,42,1,0.5206018518518518,17,27.75108803950996,5,0.8,119.0
186,fixed_relay,42,1,0.5206018518518518,17,27.714382256885806,5,0.8,119.0
187,fixed_relay,42,1,0.5207175925925925,17,27.670270861991234,5,0.8,119.0
188,fixed_relay,42,1,0.5207175925925925,16,29.324957729860436,5,0.8,119.0
189,fixed_relay,42,1,0.5209490740740741,16,29.254747736417322,5,0.8,119.0
190,fixed_relay,42,1,0.5212962962962963,16,29.17292638284099,5,0.8,119.0
191,fixed_relay,42,1,0.5212962962962963,16,29.10110364162169,5,0.8,119.0
192,fixed_relay,42,1,0.5212962962962963,16,28.990722788378953,5,0.8,119.0
193,fixed_relay,42,1,0.5215277777777778,16,28.882740749488086,5,0.8,119.0
194,fixed_relay,42,1,0.5215277777777778,16,28.77131861098001,5,0.8,119.0
195,fixed_relay,42,1,0.5215277777777778,16,28.639713087777842,5,0.8,119.0
196,fixed_relay,42,1,0.5215277777777778,16,28.488973985882474,5,0.8,119.0
197,fixed_relay,42,1,0.521875,16,28.320039818637547,5,0.8,119.0
198,fixed_relay,42,1,0.5221064814814815,16,28.16059102122017,5,0.8,119.0
199,fixed_relay,42,1,0.5221064814814815,16,28.02191247010103,5,0.8,119.0
200,fixed_relay,42,1,0.5221064814814815,16,28.565831258555445,6,0.8333333333333334,119.0
201,fixed_relay,42,1,0.5221064814814815,16,28.942803879312304,6,0.8333333333333334,119.0
202,fixed_relay,42,1,0.5221064814814815,16,29.252535699480006,6,0.8333333333333334,119.0
203,fixed_relay,42,1,0.5221064814814815,16,29.406938954540266,6,0.8333333333333334,119.0
204,fixed_relay,42,1,0.5221064814814815,16,29.531222382139497,6,0.8333333333333334,119.0
205,fixed_relay,42,1,0.5221064814814815,16,29.626375475677065,6,0.8333333333333334,119.0
206,fixed_relay,42,1,0.5221064814814815,16,29.72150202320332,6,0.8333333333333334,119.0
207,fixed_relay,42,1,0.5221064814814815,16,29.792936864813676,6,0.8333333333333334,119.0
208,fixed_relay,42,1,0.5221064814814815,16,29.872098930234458,6,0.8333333333333334,119.0
209,fixed_relay,42,1,0.5221064814814815,16,29.953259695552987,6,0.8333333333333334,119.0
210,fixed_relay,42,1,0.5221064814814815,16,30.02669917366621,6,0.8333333333333334,119.0
211,fixed_relay,42,1,0.5221064814814815,16,30.094472004121098,6,0.8333333333333334,119.0
212,fixed_relay,42,1,0.5222222222222223,16,30.15726218598438,6,0.8333333333333334,119.0
213,fixed_relay,42,1,0.5222222222222223,16,30.22040051539627,6,0.8333333333333334,119.0
214,fixed_relay,42,1,0.5222222222222223,16,30.29700073498382,6,0.8333333333333334,119.0
215,fixed_relay,42,1,0.5222222222222223,16,30.367548960624198,6,0.8333333333333334,119.0
216,fixed_relay,42,1,0.5222222222222223,16,30.435679930828424,6,0.8333333333333334,119.0
217,fixed_relay,42,1,0.5222222222222223,16,30.511408808806166,6,0.8333333333333334,119.0
218,fixed_relay,42,1,0.5222222222222223,16,30.578044688799913,6,0.8333333333333334,119.0
219,fixed_relay,42,1,0.5222222222222223,16,30.650490834785316,6,0.8333333333333334,119.0
220,fixed_relay,42,1,0.5222222222222223,16,30.72441666066336,6,0.8333333333333334,119.0
221,fixed_relay,42,1,0.5222222222222223,16,30.79598035369279,6,0.8333333333333334,119.0
222,fixed_relay,42,1,0.5222222222222223,16,30.865517805429523,6,0.8333333333333334,119.0
223,fixed_relay,42,1,0.5222222222222223,16,30.944816745848023,6,0.8333333333333334,119.0
224,fixed_relay,42,1,0.5222222222222223,16,31.011865444716484,6,0.8333333333333334,119.0
225,fixed_relay,42,1,0.5222222222222223,16,31.085721457234023,6,0.8333333333333334,119.0
226,fixed_relay,42,1,0.5222222222222223,16,31.161466729345477,6,0.8333333333333334,119.0
227,fixed_relay,42,1,0.5222222222222223,16,31.2219409528281,6,0.8333333333333334,119.0
228,fixed_relay,42,1,0.5222222222222223,16,31.300820460248648,6,0.8333333333333334,119.0
229,fixed_relay,42,1,0.5222222222222223,16,31.374634857277897,6,0.8333333333333334,119.0
230,fixed_relay,42,1,0.5222222222222223,16,31.425055356110384,6,0.8333333333333334,119.0
231,fixed_relay,42,1,0.5222222222222223,16,31.458145563501564,6,0.8333333333333334,119.0
232,fixed_relay,42,1,0.5222222222222223,16,31.5005640435553,6,0.8333333333333334,119.0
233,fixed_relay,42,1,0.5222222222222223,16,31.5315736542787,6,0.8333333333333334,119.0
234,fixed_relay,42,1,0.5222222222222223,16,31.564680178255628,6,0.8333333333333334,119.0
235,fixed_relay,42,1,0.5222222222222223,16,31.596032582292217,6,0.8333333333333334,119.0
236,fixed_relay,42,1,0.5222222222222223,16,31.629477281358625,6,0.8333333333333334,119.0
237,fixed_relay,42,1,0.5222222222222223,16,31.667638695594903,6,0.8333333333333334,119.0
238,fixed_relay,42,1,0.5222222222222223,16,31.701828118296937,6,0.8333333333333334,119.0
239,fixed_relay,42,1,0.5222222222222223,16,31.731963953582696,6,0.8333333333333334,119.0
0,fixed_relay,84,1,0.009606481481481481,24,32.0,1,1.0,10.811964822663965
1,fixed_relay,84,1,0.011689814814814814,24,32.0,1,1.0,11.829109174596441
2,fixed_relay,84,1,0.013888888888888888,24,32.0,1,1.0,12.853049049426948
3,fixed_relay,84,1,0.015856481481481482,24,32.0,1,1.0,13.633391585087654
4,fixed_relay,84,1,0.01724537037037037,24,32.0,1,1.0,14.217108446223358
5,fixed_relay,84,1,0.01863425925925926,24,32.0,1,1.0,15.034178577291598
6,fixed_relay,84,1,0.020717592592592593,24,32.0,1,1.0,16.217388818688878
7,fixed_relay,84,1,0.022569444444444444,24,32.0,1,1.0,17.132138390995607
8,fixed_relay,84,1,0.024537037037037038,24,32.0,1,1.0,18.185076878263715
9,fixed_relay,84,1,0.026504629629629628,24,32.0,1,1.0,19.014661384703967
10,fixed_relay,84,1,0.028819444444444446,24,32.0,1,1.0,19.73744962026524
11,fixed_relay,84,1,0.030555555555555555,24,32.0,1,1.0,20.173483216332716
12,fixed_relay,84,1,0.03321759259259259,24,32.0,1,1.0,21.159014366834487
13,fixed_relay,84,1,0.03564814814814815,24,32.0,1,1.0,22.33507058248438
14,fixed_relay,84,1,0.0375,24,32.0,1,1.0,22.900382179710082
15,fixed_relay,84,1,0.03958333333333333,24,32.0,1,1.0,23.47839802797512
16,fixed_relay,84,1,0.041087962962962965,24,32.0,1,1.0,24.164425917018992
17,fixed_relay,84,1,0.04351851851851852,24,32.0,1,1.0,24.638720952384972
18,fixed_relay,84,1,0.04594907407407407,24,32.0,1,1.0,25.3846404200814
19,fixed_relay,84,1,0.04826388888888889,24,32.0,1,1.0,26.392309567176024
20,fixed_relay,84,1,0.050347222222222224,24,32.0,1,1.0,26.818839883168394
21,fixed_relay,84,1,0.0525462962962963,24,32.0,1,1.0,27.428035096399817
22,fixed_relay,84,1,0.05497685185185185,24,32.0,1,1.0,28.36577523120362
23,fixed_relay,84,1,0.05763888888888889,24,32.0,1,1.0,29.355504635842035
24,fixed_relay,84,1,0.06041666666666667,24,31.995457683041987,1,1.0,29.851158827693965
25,fixed_relay,84,1,0.06342592592592593,24,31.996234288110358,1,1.0,30.84078895520566
26,fixed_relay,84,1,0.06585648148148149,24,31.98963956349313,1,1.0,31.841003237768764
27,fixed_relay,84,1,0.06782407407407408,24,31.983470293521602,1,1.0,32.21549935646983
28,fixed_relay,84,1,0.0712962962962963,24,31.96005896758901,1,1.0,33.47524862703212
29,fixed_relay,84,1,0.07418981481481482,24,31.938695267214232,1,1.0,34.26847305594466
30,fixed_relay,84,1,0.07673611111111112,24,31.930763988529407,1,1.0,34.7968299436427
31,fixed_relay,84,1,0.07974537037037037,24,31.900034261763494,1,1.0,35.84122439135443
32,fixed_relay,84,1,0.08287037037037037,24,31.879556388363323,1,1.0,36.16274753255026
33,fixed_relay,84,1,0.0855324074074074,24,31.852980932511525,1,1.0,36.69149496999004
34,fixed_relay,84,1,0.08877314814814814,24,31.82624590050803,1,1.0,37.648555679097996
35,fixed_relay,84,1,0.09166666666666666,24,31.78136704035296,1,1.0,38.07433465645812
36,fixed_relay,84,1,0.09560185185185185,24,31.740958560679474,1,1.0,38.845790370107245
37,fixed_relay,84,1,0.09826388888888889,24,31.684909028838092,1,1.0,39.33067476489296
38,fixed_relay,84,1,0.10162037037037037,24,31.63044438735629,1,1.0,40.2431194306226
39,fixed_relay,84,1,0.10335648148148148,24,31.57035165795659,1,1.0,41.154738056165634
40,fixed_relay,84,1,0.10578703703703704,24,31.63752833753259,2,1.0,41.64528201653495
41,fixed_relay,84,1,0.10868055555555556,24,31.660136607716613,2,1.0,42.07621746890414
42,fixed_relay,84,1,0.1125,24,31.671147471070782,2,1.0,43.10616445695238
43,fixed_relay,84,1,0.11550925925925926,24,31.667040442808343,2,1.0,43.8545091121759
44,fixed_relay,84,1,0.1193287037037037,24,31.65971684407066,2,1.0,44.49990055018864
45,fixed_relay,84,1,0.12280092592592592,24,31.654680935249576,2,1.0,44.728302586273074
46,fixed_relay,84,1,0.12627314814814813,24,31.64299641382398,2,1.0,45.550408546857255
47,fixed_relay,84,1,0.12916666666666668,24,31.63388041234715,2,1.0,46.362351500228876
48,fixed_relay,84,1,0.13252314814814814,24,31.614036152801827,2,1.0,46.93016690286641
49,fixed_relay,84,1,0.13483796296296297,24,31.599326093963125,2,1.0,47.76697804654064
50,fixed_relay,84,1,0.13831018518518517,24,31.571177955133294,2,1.0,48.38072022163635
51,fixed_relay,84,1,0.14108796296296297,24,31.543891960807457,2,1.0,48.64812286722716
52,fixed_relay,84,1,0.14386574074074074,24,31.5103897705941,2,1.0,49.666499878292726
53,fixed_relay,84,1,0.14837962962962964,24,31.47652643427162,2,1.0,50.3973800116422
54,fixed_relay,84,1,0.15208333333333332,24,31.451281748212256,2,1.0,50.802378800848786
55,fixed_relay,84,1,0.15416666666666667,24,31.418612432634763,2,1.0,51.66610849863452
56,fixed_relay,84,1,0.15810185185185185,24,31.381541927171266,2,1.0,52.11291592475189
57,fixed_relay,84,1,0.16157407407407406,24,31.343311790208276,2,1.0,53.155958075583186
58,fixed_relay,84,1,0.16631944444444444,24,31.293483936622664,2,1.0,53.88431812688085
59,fixed_relay,84,1,0.16898148148148148,24,31.255558268194022,2,1.0,54.56796603928441
60,fixed_relay,84,1,0.171875,24,31.20795392633961,2,1.0,55.387432040453135
61,fixed_relay,84,1,0.175,24,31.14977101219345,2,1.0,56.47946125952606
62,fixed_relay,84,1,0.17777777777777778,24,31.09469063590682,2,1.0,56.97114364983071
63,fixed_relay,84,1,0.18090277777777777,24,31.03497503934615,2,1.0,57.879549527442045
64,fixed_relay,84,1,0.18449074074074073,24,30.966387385822134,2,1.0,58.78780399580646
65,fixed_relay,84,1,0.18715277777777778,24,30.893405153972868,2,1.0,59.77436567187685
66,fixed_relay,84,1,0.18981481481481483,24,30.823266298617455,2,1.0,60.8890058520736
67,fixed_relay,84,1,0.19236111111111112,24,30.747486815844848,2,1.0,61.87207067960581
68,fixed_relay,84,1,0.19467592592592592,24,30.67782144439522,2,1.0,62.49046116137283
69,fixed_relay,84,1,0.19768518518518519,24,30.59343901458895,2,1.0,63.58923732377027
70,fixed_relay,84,1,0.2,24,30.505592696963777,2,1.0,64.46126674505804
71,fixed_relay,84,1,0.20289351851851853,24,30.42534388866621,2,1.0,65.29995426647814
72,fixed_relay,84,1,0.20625,24,30.337033639742874,2,1.0,65.66361454560769
73,fixed_relay,84,1,0.20891203703703703,24,30.24024106184365,2,1.0,66.23884694045293
74,fixed_relay,84,1,0.2125,24,30.14035989529758,2,1.0,67.25606083278319
75,fixed_relay,84,1,0.21550925925925926,24,30.025341635225413,2,1.0,68.23737605198328
76,fixed_relay,84,1,0.2193287037037037,24,29.917698930454517,2,1.0,69.26293205701005
77,fixed_relay,84,1,0.22291666666666668,24,29.791714600410515,2,1.0,69.97306809591181
78,fixed_relay,84,1,0.22615740740740742,24,29.674721938614386,2,1.0,70.93376612650226
79,fixed_relay,84,1,0.22951388888888888,24,29.532793753771557,2,1.0,71.49278068681608
80,fixed_relay,84,1,0.23206018518518517,24,29.63852248813467,3,1.0,72.16320987384788
81,fixed_relay,84,1,0.2363425925925926,24,29.614121207181295,3,1.0,72.84055484016831
82,fixed_relay,84,1,0.23958333333333334,24,29.592574514602163,3,1.0,73.35738097832521
83,fixed_relay,84,1,0.24375,24,29.548917988738676,3,1.0,74.41105894711596
84,fixed_relay,84,1,0.246875,24,29.51735640528372,3,1.0,74.91095222293242
85,fixed_relay,84,1,0.2503472222222222,24,29.456746140800778,3,1.0,75.96521307447145
86,fixed_relay,84,1,0.2545138888888889,24,29.389489035826177,3,1.0,77.0176298090549
87,fixed_relay,84,1,0.25798611111111114,24,29.33966393824908,3,1.0,77.6680407537889
88,fixed_relay,84,1,0.26145833333333335,24,29.280716298761252,3,1.0,78.56714096139828
89,fixed_relay,84,1,0.2657407407407407,24,29.214693624128966,3,1.0,79.74472732064768
90,fixed_relay,84,1,0.26967592592592593,24,29.14400852801357,3,1.0,80.76027594915344
91,fixed_relay,84,1,0.27314814814814814,24,29.09044361989263,3,1.0,81.42496922899672
92,fixed_relay,84,1,0.2763888888888889,24,29.024761899705585,3,1.0,82.19763192048568
93,fixed_relay,84,1,0.2798611111111111,24,28.965759386602173,3,1.0,83.12020997855828
94,fixed_relay,84,1,0.28368055555555555,24,28.894263868130803,3,1.0,84.15932715466876
95,fixed_relay,84,1,0.2875,24,28.81798505804601,3,1.0,85.42234811533822
96,fixed_relay,84,1,0.29097222222222224,24,28.7471529072459,3,1.0,86.31559503194788
97,fixed_relay,84,1,0.29398148148148145,24,28.673095761183905,3,1.0,87.55533728367442
98,fixed_relay,84,1,0.2966435185185185,24,28.60324048222779,3,1.0,88.2040966761173
99,fixed_relay,84,1,0.29965277777777777,24,28.511224128680652,3,1.0,89.11003334204904
100,fixed_relay,84,1,0.3037037037037037,24,28.41415995009036,3,1.0,90.02120284550112
101,fixed_relay,84,1,0.30810185185185185,24,28.322493820674424,3,1.0,91.02649947679012
102,fixed_relay,84,1,0.31203703703703706,24,28.22206899021113,3,1.0,91.847418596437
103,fixed_relay,84,1,0.3145833333333333,24,28.13328518954494,3,1.0,92.27436223644033
104,fixed_relay,84,1,0.31875,24,28.02054169309901,3,1.0,93.53959465190088
105,fixed_relay,84,1,0.32256944444444446,24,27.902665862536697,3,1.0,94.08984821761865
106,fixed_relay,84,1,0.3266203703703704,24,27.775383344852816,3,1.0,95.18361575360578
107,fixed_relay,84,1,0.33032407407407405,24,27.659839576867984,3,1.0,96.39392311422549
108,fixed_relay,84,1,0.33275462962962965,24,27.55340241752462,3,1.0,96.95444445476758
109,fixed_relay,84,1,0.3369212962962963,24,27.415453577054176,3,1.0,97.80286194989091
110,fixed_relay,84,1,0.3403935185185185,24,27.28945211611808,3,1.0,97.93150553051323
111,fixed_relay,84,1,0.3438657407407407,24,27.146351772875818,3,1.0,98.39948448837124
112,fixed_relay,84,1,0.3490740740740741,24,27.007058632271036,3,1.0,98.90133565144271
113,fixed_relay,84,1,0.3525462962962963,24,26.871943377605437,3,1.0,99.40334972614069
114,fixed_relay,84,1,0.35671296296296295,24,26.710207257232895,3,1.0,100.26586986622232
115,fixed_relay,84,1,0.3607638888888889,24,26.541528475891937,3,1.0,101.19909151515807
116,fixed_relay,84,1,0.36354166666666665,24,26.383137359121957,3,1.0,101.6769244621598
117,fixed_relay,84,1,0.36724537037037036,24,26.18234952409827,3,1.0,102.61601155535551
118,fixed_relay,84,1,0.37094907407407407,24,25.981930112039834,3,1.0,102.99611063188878
119,fixed_relay,84,1,0.37407407407407406,24,25.767865825024625,3,1.0,104.12332915342812
120,fixed_relay,84,1,0.37743055555555555,24,25.969210071717118,4,0.75,105.3727488001439
121,fixed_relay,84,1,0.38090277777777776,24,25.936757404628604,4,0.75,106.04530018348856
122,fixed_relay,84,1,0.384375,24,25.900518891347293,4,0.75,106.76721981257649
123,fixed_relay,84,1,0.3866898148148148,23,26.997169954278803,4,0.75,107.23497267217613
124,fixed_relay,84,1,0.39016203703703706,23,26.930182745242313,4,0.75,107.23497267217613
125,fixed_relay,84,1,0.39363425925925927,23,26.86165682982218,4,0.75,107.23497267217613
126,fixed_relay,84,1,0.3957175925925926,23,26.792084859026836,4,0.75,107.23497267217613
127,fixed_relay,84,1,0.3988425925925926,23,26.71668260253343,4,0.75,107.23497267217613
128,fixed_relay,84,1,0.40185185185185185,23,26.640848781187405,4,0.75,107.23497267217613
129,fixed_relay,84,1,0.40625,23,26.558719412767722,4,0.75,107.23497267217613
130,fixed_relay,84,1,0.4097222222222222,23,26.474222976010726,4,0.75,107.23497267217613
131,fixed_relay,84,1,0.4125,23,26.396958739358233,4,0.75,107.23497267217613
132,fixed_relay,84,1,0.415625,23,26.29917389683193,4,0.75,107.23497267217613
133,fixed_relay,84,1,0.4184027777777778,23,26.20395766625437,4,0.75,107.23497267217613
134,fixed_relay,84,1,0.42094907407407406,22,27.319493443302168,4,0.75,107.74564180584532
135,fixed_relay,84,1,0.42280092592592594,22,27.24906234585288,4,0.75,108.04502500556585
136,fixed_relay,84,1,0.4252314814814815,22,27.167760413541806,4,0.75,108.86710825315986
137,fixed_relay,84,1,0.42777777777777776,22,27.08342585049276,4,0.75,109.64046599171692
138,fixed_relay,84,1,0.4306712962962963,22,26.988315427824535,4,0.75,110.13831194738724
139,fixed_relay,84,1,0.4335648148148148,22,26.897772532974855,4,0.75,110.41549329032127
140,fixed_relay,84,1,0.43657407407407406,22,26.804000949034215,4,0.75,111.03615506803874
141,fixed_relay,84,1,0.4395833333333333,22,26.700318186963557,4,0.75,111.42723336805193
142,fixed_relay,84,1,0.4431712962962963,22,26.59134150785204,4,0.75,112.42074706149543
143,fixed_relay,84,1,0.44560185185185186,22,26.47700543664315,4,0.75,112.74148976672201
144,fixed_relay,84,1,0.44849537037037035,22,26.36868561837583,4,0.75,113.11277392840395
145,fixed_relay,84,1,0.45208333333333334,22,26.26279668832925,4,0.75,114.04849220361244
146,fixed_relay,84,1,0.45578703703703705,22,26.132995894147417,4,0.75,115.32249686446359
147,fixed_relay,84,1,0.45868055555555554,22,26.01863020767355,4,0.75,115.67205890129055
148,fixed_relay,84,1,0.4621527777777778,22,25.910229291331117,4,0.75,116.37286519797658
149,fixed_relay,84,1,0.46597222222222223,22,25.77269220282235,4,0.75,117.05738761163482
150,fixed_relay,84,1,0.46875,22,25.65527940780904,4,0.75,117.65681760660944
151,fixed_relay,84,1,0.4703703703703704,22,25.51122158190105,4,0.75,118.17541186454098
152,fixed_relay,84,1,0.47199074074074077,22,25.347108405924804,4,0.75,118.88451752930476
153,fixed_relay,84,1,0.4739583333333333,22,25.187876899419564,4,0.75,119.0
154,fixed_relay,84,1,0.475462962962963,22,25.03753000787299,4,0.75,119.0
155,fixed_relay,84,1,0.4778935185185185,22,24.869244315542506,4,0.75,119.0
156,fixed_relay,84,1,0.4791666666666667,22,24.67902022564313,4,0.75,119.0
157,fixed_relay,84,1,0.480787037037037,20,26.96868325469247,4,0.75,119.0
158,fixed_relay,84,1,0.4820601851851852,20,26.775333379890554,4,0.75,119.0
159,fixed_relay,84,1,0.4824074074074074,20,26.5646607444583,4,0.75,119.0
160,fixed_relay,84,1,0.4829861111111111,20,26.878591071157967,5,0.8,119.0
161,fixed_relay,84,1,0.48368055555555556,20,26.982341873256637,5,0.8,119.0
162,fixed_relay,84,1,0.4844907407407407,20,26.959016203683426,5,0.8,119.0
163,fixed_relay,84,1,0.4864583333333333,20,26.914362433191382,5,0.8,119.0
164,fixed_relay,84,1,0.48738425925925927,20,26.858752919928083,5,0.8,119.0
165,fixed_relay,84,1,0.48854166666666665,20,26.794436737988484,5,0.8,119.0
166,fixed_relay,84,1,0.48912037037037037,20,26.73509476486189,5,0.8,119.0
167,fixed_relay,84,1,0.4898148148148148,19,28.092383050564337,5,0.8,119.0
168,fixed_relay,84,1,0.4900462962962963,19,28.0490519554993,5,0.8,119.0
169,fixed_relay,84,1,0.49016203703703703,19,27.993703856869388,5,0.8,119.0
170,fixed_relay,84,1,0.4908564814814815,19,27.93750203007829,5,0.8,119.0
171,fixed_relay,84,1,0.4913194444444444,19,27.887686771218515,5,0.8,119.0
172,fixed_relay,84,1,0.49212962962962964,19,27.837992701585712,5,0.8,119.0
173,fixed_relay,84,1,0.4935185185185185,19,27.78829272797612,5,0.8,119.0
174,fixed_relay,84,1,0.49386574074074074,19,27.74874945149026,5,0.8,119.0
175,fixed_relay,84,1,0.49409722222222224,19,27.696707548926007,5,0.8,119.0
176,fixed_relay,84,1,0.4949074074074074,19,27.64660265299712,5,0.8,119.0
177,fixed_relay,84,1,0.49594907407407407,19,27.60433620528175,5,0.8,119.0
178,fixed_relay,84,1,0.496875,19,27.553550069407336,5,0.8,119.0
179,fixed_relay,84,1,0.4976851851851852,19,27.50160996939394,5,0.8,119.0
180,fixed_relay,84,1,0.4980324074074074,19,27.45661009201722,5,0.8,119.0
181,fixed_relay,84,1,0.4983796296296296,19,27.408355029479786,5,0.8,119.0
182,fixed_relay,84,1,0.49872685185185184,19,27.35412220924876,5,0.8,119.0
183,fixed_relay,84,1,0.49872685185185184,19,27.30657715319396,5,0.8,119.0
184,fixed_relay,84,1,0.49872685185185184,19,27.257091856199395,5,0.8,119.0
185,fixed_relay,84,1,0.49918981481481484,19,27.201258107851828,5,0.8,119.0
186,fixed_relay,84,1,0.49930555555555556,19,27.14448754313001,5,0.8,119.0
187,fixed_relay,84,1,0.49953703703703706,19,27.04462520259572,5,0.8,119.0
188,fixed_relay,84,1,0.49953703703703706,19,26.96726905914645,5,0.8,119.0
189,fixed_relay,84,1,0.49953703703703706,19,26.881553722523883,5,0.8,119.0
190,fixed_relay,84,1,0.4998842592592593,19,26.792740466647775,5,0.8,119.0
191,fixed_relay,84,1,0.5,19,26.68519678038449,5,0.8,119.0
192,fixed_relay,84,1,0.5002314814814814,19,26.56816241037519,5,0.8,119.0
193,fixed_relay,84,1,0.5002314814814814,18,27.928665585238953,5,0.8,119.0
194,fixed_relay,84,1,0.5002314814814814,18,27.798245634584973,5,0.8,119.0
195,fixed_relay,84,1,0.5002314814814814,18,27.689996603371256,5,0.8,119.0
196,fixed_relay,84,1,0.5002314814814814,18,27.55507390329893,5,0.8,119.0
197,fixed_relay,84,1,0.5002314814814814,18,27.373348607580972,5,0.8,119.0
198,fixed_relay,84,1,0.5002314814814814,18,27.22437597530283,5,0.8,119.0
199,fixed_relay,84,1,0.5002314814814814,18,27.06120577796247,5,0.8,119.0
200,fixed_relay,84,1,0.5002314814814814,18,27.58766231479373,6,0.8333333333333334,119.0
201,fixed_relay,84,1,0.500462962962963,18,28.01087451983838,6,0.8333333333333334,119.0
202,fixed_relay,84,1,0.500462962962963,18,28.317552258669327,6,0.8333333333333334,119.0
203,fixed_relay,84,1,0.500462962962963,18,28.518451446312397,6,0.8333333333333334,119.0
204,fixed_relay,84,1,0.500462962962963,18,28.66660626096022,6,0.8333333333333334,119.0
205,fixed_relay,84,1,0.500462962962963,18,28.78184078885475,6,0.8333333333333334,119.0
206,fixed_relay,84,1,0.500462962962963,18,28.880627021141056,6,0.8333333333333334,119.0
207,fixed_relay,84,1,0.500462962962963,18,28.9808616959415,6,0.8333333333333334,119.0
208,fixed_relay,84,1,0.500462962962963,18,29.07283247974499,6,0.8333333333333334,119.0
209,fixed_relay,84,1,0.500462962962963,18,29.167848278451896,6,0.8333333333333334,119.0
210,fixed_relay,84,1,0.5006944444444444,18,29.269379798075825,6,0.8333333333333334,119.0
211,fixed_relay,84,1,0.5006944444444444,18,29.374073769549163,6,0.8333333333333334,119.0
212,fixed_relay,84,1,0.5006944444444444,18,29.477588536010884,6,0.8333333333333334,119.0
213,fixed_relay,84,1,0.5006944444444444,18,29.567644928269,6,0.8333333333333334,119.0
214,fixed_relay,84,1,0.5006944444444444,18,29.662970772870203,6,0.8333333333333334,119.0
215,fixed_relay,84,1,0.5006944444444444,18,29.75273116738299,6,0.8333333333333334,119.0
216,fixed_relay,84,1,0.5006944444444444,18,29.84150839660717,6,0.8333333333333334,119.0
217,fixed_relay,84,1,0.5006944444444444,18,29.932632058423412,6,0.8333333333333334,119.0
218,fixed_relay,84,1,0.5006944444444444,18,30.03022642273116,6,0.8333333333333334,119.0
219,fixed_relay,84,1,0.5006944444444444,18,30.130336226798747,6,0.8333333333333334,119.0
220,fixed_relay,84,1,0.5006944444444444,18,30.216726446014874,6,0.8333333333333334,119.0
221,fixed_relay,84,1,0.5006944444444444,18,30.321748460518286,6,0.8333333333333334,119.0
222,fixed_relay,84,1,0.5006944444444444,18,30.415924277968674,6,0.8333333333333334,119.0
223,fixed_relay,84,1,0.5006944444444444,18,30.518789518976973,6,0.8333333333333334,119.0
224,fixed_relay,84,1,0.5006944444444444,18,30.60456934099037,6,0.8333333333333334,119.0
225,fixed_relay,84,1,0.5006944444444444,18,30.70735411280596,6,0.8333333333333334,119.0
226,fixed_relay,84,1,0.5006944444444444,18,30.80796862366058,6,0.8333333333333334,119.0
227,fixed_relay,84,1,0.5006944444444444,18,30.90694205880853,6,0.8333333333333334,119.0
228,fixed_relay,84,1,0.5006944444444444,18,31.00663523770845,6,0.8333333333333334,119.0
229,fixed_relay,84,1,0.5006944444444444,18,31.06710443122679,6,0.8333333333333334,119.0
230,fixed_relay,84,1,0.5006944444444444,18,31.134836623599767,6,0.8333333333333334,119.0
231,fixed_relay,84,1,0.5006944444444444,18,31.20133395968064,6,0.8333333333333334,119.0
232,fixed_relay,84,1,0.5006944444444444,18,31.268627828641748,6,0.8333333333333334,119.0
233,fixed_relay,84,1,0.5006944444444444,18,31.332590142247838,6,0.8333333333333334,119.0
234,fixed_relay,84,1,0.5006944444444444,18,31.394694415540286,6,0.8333333333333334,119.0
235,fixed_relay,84,1,0.5006944444444444,18,31.458998495379117,6,0.8333333333333334,119.0
236,fixed_relay,84,1,0.5006944444444444,18,31.52624471398473,6,0.8333333333333334,119.0
237,fixed_relay,84,1,0.5006944444444444,18,31.59234345467752,6,0.8333333333333334,119.0
238,fixed_relay,84,1,0.5006944444444444,18,31.65603761536133,6,0.8333333333333334,119.0
239,fixed_relay,84,1,0.5006944444444444,18,31.714861800699893,6,0.8333333333333334,119.0
0,fixed_relay,101,1,0.009953703703703704,24,32.0,1,1.0,10.5131776610953
1,fixed_relay,101,1,0.011458333333333333,24,32.0,1,1.0,11.498793293854325
2,fixed_relay,101,1,0.012615740740740742,24,32.0,1,1.0,12.403499246762419
3,fixed_relay,101,1,0.014467592592592593,24,32.0,1,1.0,13.48396571654715
4,fixed_relay,101,1,0.016203703703703703,24,32.0,1,1.0,14.505236924226905
5,fixed_relay,101,1,0.017939814814814815,24,32.0,1,1.0,15.302712290694005
6,fixed_relay,101,1,0.019444444444444445,24,32.0,1,1.0,16.30143952764694
7,fixed_relay,101,1,0.021180555555555557,24,32.0,1,1.0,17.32417907542062
8,fixed_relay,101,1,0.023148148148148147,24,32.0,1,1.0,18.192024615115194
9,fixed_relay,101,1,0.025,24,32.0,1,1.0,19.305775231246788
10,fixed_relay,101,1,0.026504629629629628,24,32.0,1,1.0,19.75362939097775
11,fixed_relay,101,1,0.029050925925925924,24,32.0,1,1.0,20.619347541402885
12,fixed_relay,101,1,0.03125,24,32.0,1,1.0,21.386306202759762
13,fixed_relay,101,1,0.033449074074074076,24,32.0,1,1.0,21.612113578185014
14,fixed_relay,101,1,0.03518518518518519,24,32.0,1,1.0,22.41103941974267
15,fixed_relay,101,1,0.037384259259259256,24,32.0,1,1.0,23.1703564863331
16,fixed_relay,101,1,0.04027777777777778,24,32.0,1,1.0,24.088743901693036
17,fixed_relay,101,1,0.04282407407407408,24,32.0,1,1.0,24.931267658250043
18,fixed_relay,101,1,0.04525462962962963,24,32.0,1,1.0,25.259845532138815
19,fixed_relay,101,1,0.04849537037037037,24,32.0,1,1.0,26.320805518540684
20,fixed_relay,101,1,0.050347222222222224,24,32.0,1,1.0,26.51762639459491
21,fixed_relay,101,1,0.0525462962962963,24,32.0,1,1.0,27.153598786218097
22,fixed_relay,101,1,0.05451388888888889,24,32.0,1,1.0,28.249458343581093
23,fixed_relay,101,1,0.056712962962962965,24,32.0,1,1.0,28.424566866770782
24,fixed_relay,101,1,0.05925925925925926,24,32.0,1,1.0,29.295430000672436
25,fixed_relay,101,1,0.06296296296296296,24,31.999337739642325,1,1.0,29.784262048690216
26,fixed_relay,101,1,0.06550925925925925,24,32.0,1,1.0,30.38676333001842
27,fixed_relay,101,1,0.06782407407407408,24,31.999819835466635,1,1.0,30.704768727868974
28,fixed_relay,101,1,0.07048611111111111,24,31.99670432187475,1,1.0,30.882306268666042
29,fixed_relay,101,1,0.07361111111111111,24,31.989032013614036,1,1.0,31.2892285086834
30,fixed_relay,101,1,0.07708333333333334,24,31.97598025604077,1,1.0,31.76983844010403
31,fixed_relay,101,1,0.07893518518518519,24,31.966884261782536,1,1.0,32.468335493942554
32,fixed_relay,101,1,0.08136574074074074,24,31.950389432428096,1,1.0,33.05085124928906
33,fixed_relay,101,1,0.084375,24,31.928444370640467,1,1.0,33.518258600229366
34,fixed_relay,101,1,0.08784722222222222,24,31.900299841398077,1,1.0,34.403476774170656
35,fixed_relay,101,1,0.09027777777777778,24,31.863177876575946,1,1.0,35.11867687761359
36,fixed_relay,101,1,0.0931712962962963,24,31.822442382871326,1,1.0,35.937340669513475
37,fixed_relay,101,1,0.09606481481481481,24,31.780597431374815,1,1.0,36.56741320846534
38,fixed_relay,101,1,0.09849537037037037,24,31.73512253417839,1,1.0,37.16375361157394
39,fixed_relay,101,1,0.10162037037037037,24,31.669954439033813,1,1.0,38.24535625022018
40,fixed_relay,101,1,0.10428240740740741,24,31.75247958658342,2,1.0,38.72070597325083
41,fixed_relay,101,1,0.10740740740740741,24,31.77040216156011,2,1.0,39.33838872764746
42,fixed_relay,101,1,0.11053240740740741,24,31.76384227710544,2,1.0,40.17682890845909
43,fixed_relay,101,1,0.11388888888888889,24,31.76382731115952,2,1.0,40.703921729855345
44,fixed_relay,101,1,0.1181712962962963,24,31.745657898530126,2,1.0,41.61481631999142
45,fixed_relay,101,1,0.12175925925925926,24,31.72249021161461,2,1.0,42.434856149527235
46,fixed_relay,101,1,0.12569444444444444,24,31.70291721071054,2,1.0,42.97387472104705
47,fixed_relay,101,1,0.12893518518518518,24,31.679947939170898,2,1.0,43.37792432207798
48,fixed_relay,101,1,0.13240740740740742,24,31.665458518514253,2,1.0,44.18040868073315
49,fixed_relay,101,1,0.13530092592592594,24,31.64973505409934,2,1.0,44.56467622150765
50,fixed_relay,101,1,0.13854166666666667,24,31.619991908885083,2,1.0,45.12358662980881
51,fixed_relay,101,1,0.14201388888888888,24,31.591317492949674,2,1.0,45.588014374784855
52,fixed_relay,101,1,0.14456018518518518,24,31.562514261147314,2,1.0,46.153351754491496
53,fixed_relay,101,1,0.1482638888888889,24,31.533012902443648,2,1.0,47.20102172193419
54,fixed_relay,101,1,0.15138888888888888,24,31.504146118564762,2,1.0,47.611740439522336
55,fixed_relay,101,1,0.15486111111111112,24,31.47278361950092,2,1.0,48.37581706932679
56,fixed_relay,101,1,0.15925925925925927,24,31.427905008097742,2,1.0,49.229318370248954
57,fixed_relay,101,1,0.16273148148148148,24,31.38040019539604,2,1.0,49.429677516138646
58,fixed_relay,101,1,0.16597222222222222,24,31.330977221536514,2,1.0,50.26229436704561
59,fixed_relay,101,1,0.1693287037037037,24,31.28062245975109,2,1.0,51.365556015040745
60,fixed_relay,101,1,0.17222222222222222,24,31.231806592763146,2,1.0,52.2140560874406
61,fixed_relay,101,1,0.175,24,31.193759933199928,2,1.0,52.98664859223531
62,fixed_relay,101,1,0.17858796296296298,24,31.13468494498623,2,1.0,53.675414392827165
63,fixed_relay,101,1,0.18194444444444444,24,31.063278411682017,2,1.0,54.27482303780337
64,fixed_relay,101,1,0.18518518518518517,24,30.997500358571887,2,1.0,55.37572197676053
65,fixed_relay,101,1,0.18854166666666666,24,30.930703931331205,2,1.0,56.52943925184106
66,fixed_relay,101,1,0.19131944444444443,24,30.867683567592124,2,1.0,57.178060683780835
67,fixed_relay,101,1,0.19525462962962964,24,30.787905594193926,2,1.0,58.23292419075984
68,fixed_relay,101,1,0.1994212962962963,24,30.71220513058635,2,1.0,59.28205763440724
69,fixed_relay,101,1,0.20324074074074075,24,30.64451658598796,2,1.0,59.907427998380584
70,fixed_relay,101,1,0.20729166666666668,24,30.550182174462492,2,1.0,60.67722425433533
71,fixed_relay,101,1,0.21099537037037036,24,30.477485722854762,2,1.0,61.27156853620917
72,fixed_relay,101,1,0.2144675925925926,24,30.382483363278613,2,1.0,62.14527953668348
73,fixed_relay,101,1,0.21863425925925925,24,30.27228429463348,2,1.0,63.32846464413258
74,fixed_relay,101,1,0.2224537037037037,24,30.171048615322047,2,1.0,63.95605829220827
75,fixed_relay,101,1,0.2255787037037037,24,30.06926791365613,2,1.0,64.89086284034141
76,fixed_relay,101,1,0.22893518518518519,24,29.95165524072745,2,1.0,65.59789303502008
77,fixed_relay,101,1,0.2324074074074074,24,29.8314797440049,2,1.0,65.93446917934591
78,fixed_relay,101,1,0.23622685185185185,24,29.713013350018496,2,1.0,66.97211665540291
79,fixed_relay,101,1,0.23993055555555556,24,29.574269139098785,2,1.0,67.87027819175313
80,fixed_relay,101,1,0.24270833333333333,24,29.65999044219605,3,1.0,68.3893904419798
81,fixed_relay,101,1,0.24479166666666666,24,29.66208414590194,3,1.0,69.29024221229804
82,fixed_relay,101,1,0.24849537037037037,24,29.645004011555443,3,1.0,70.44296855669296
83,fixed_relay,101,1,0.2523148148148148,24,29.617322345887818,3,1.0,71.48383816867194
84,fixed_relay,101,1,0.25613425925925926,24,29.582124491714808,3,1.0,72.32446486828114
85,fixed_relay,101,1,0.2599537037037037,24,29.53401524451127,3,1.0,73.3988336538488
86,fixed_relay,101,1,0.26296296296296295,24,29.497923763058925,3,1.0,73.70189444334436
87,fixed_relay,101,1,0.26655092592592594,24,29.440054027576036,3,1.0,73.95804305733344
88,fixed_relay,101,1,0.2704861111111111,24,29.387320980310715,3,1.0,74.40117747564926
89,fixed_relay,101,1,0.2744212962962963,24,29.325660642844067,3,1.0,75.09467778516375
90,fixed_relay,101,1,0.27835648148148145,24,29.255352493003738,3,1.0,75.9407986888477
91,fixed_relay,101,1,0.2818287037037037,24,29.190688510768194,3,1.0,76.5994541526441
92,fixed_relay,101,1,0.2849537037037037,24,29.118252943979815,3,1.0,77.615931108388
93,fixed_relay,101,1,0.2886574074074074,24,29.051792284128638,3,1.0,78.32641128199522
94,fixed_relay,101,1,0.2902777777777778,24,29.00700285987814,3,1.0,78.97718177106447
95,fixed_relay,101,1,0.2934027777777778,24,28.931422208052197,3,1.0,79.45943462804087
96,fixed_relay,101,1,0.2953703703703704,24,28.861436262083128,3,1.0,80.38196200674608
97,fixed_relay,101,1,0.29988425925925927,24,28.780252733128293,3,1.0,81.35929297869241
98,fixed_relay,101,1,0.3025462962962963,24,28.69263436447585,3,1.0,81.87847629515217
99,fixed_relay,101,1,0.3059027777777778,24,28.602873712126097,3,1.0,82.96560823413135
100,fixed_relay,101,1,0.3091435185185185,24,28.50956400194904,3,1.0,83.86576818784395
101,fixed_relay,101,1,0.3127314814814815,24,28.424106896368443,3,1.0,84.86090309109422
102,fixed_relay,101,1,0.31631944444444443,24,28.33193961517503,3,1.0,85.75097477777018
103,fixed_relay,101,1,0.32025462962962964,24,28.238471198789416,3,1.0,86.50304324770632
104,fixed_relay,101,1,0.32349537037037035,24,28.143520034436815,3,1.0,87.50100530362789
105,fixed_relay,101,1,0.3282407407407407,24,28.032024205128888,3,1.0,88.39090792657704
106,fixed_relay,101,1,0.3314814814814815,24,27.93024380423337,3,1.0,89.1365138688205
107,fixed_relay,101,1,0.33414351851851853,24,27.836737158000457,3,1.0,90.19787497157161
108,fixed_relay,101,1,0.33819444444444446,24,27.717013811043525,3,1.0,91.2113057572744
109,fixed_relay,101,1,0.3423611111111111,24,27.605725679576576,3,1.0,91.87476341474242
110,fixed_relay,101,1,0.3460648148148148,24,27.481734181166246,3,1.0,92.4297890857001
111,fixed_relay,101,1,0.3488425925925926,24,27.35911798965246,3,1.0,93.60493120430765
112,fixed_relay,101,1,0.35173611111111114,24,27.216815814672838,3,1.0,94.1472298618004
113,fixed_relay,101,1,0.35520833333333335,24,27.07688760055217,3,1.0,95.15310917350673
114,fixed_relay,101,1,0.359375,24,26.921705599610465,3,1.0,96.19918482686904
115,fixed_relay,101,1,0.36261574074074077,24,26.75784509147515,3,1.0,97.00383263759967
116,fixed_relay,101,1,0.3662037037037037,24,26.58863052818566,3,1.0,97.64761086846244
117,fixed_relay,101,1,0.36863425925925924,24,26.43041058537688,3,1.0,98.29149501216317
118,fixed_relay,101,1,0.3726851851851852,24,26.249886868605287,3,1.0,99.44050670360042
119,fixed_relay,101,1,0.3765046296296296,24,26.066482110985223,3,1.0,100.30413588168734
120,fixed_relay,101,1,0.38125,24,26.241557719722294,4,0.75,101.0361714788412
121,fixed_relay,101,1,0.3851851851851852,24,26.246222449997262,4,0.75,101.7967492116916
122,fixed_relay,101,1,0.3894675925925926,24,26.20675326399723,4,0.75,102.9708697670533
123,fixed_relay,101,1,0.39363425925925927,24,26.16911913852793,4,0.75,103.75615265414085
124,fixed_relay,101,1,0.397337962962963,24,26.118029231805348,4,0.75,104.36340860743697
125,fixed_relay,101,1,0.4023148148148148,24,26.043672799109647,4,0.75,105.4282481037079
126,fixed_relay,101,1,0.4065972222222222,24,25.97706686872915,4,0.75,106.34585427346286
127,fixed_relay,101,1,0.4096064814814815,24,25.9139117723977,4,0.75,106.94464423165103
128,fixed_relay,101,1,0.4130787037037037,24,25.835031166646644,4,0.75,107.84196731556203
129,fixed_relay,101,1,0.4167824074074074,23,26.872631195727337,4,0.75,108.78023699545481
130,fixed_relay,101,1,0.41932870370370373,23,26.80506866628559,4,0.75,108.78023699545481
131,fixed_relay,101,1,0.4221064814814815,23,26.74154155359098,4,0.75,109.38749441070222
132,fixed_relay,101,1,0.4252314814814815,23,26.67087568224493,4,0.75,109.79400087663947
133,fixed_relay,101,1,0.42789351851851853,23,26.592221968197652,4,0.75,110.16240950589243
134,fixed_relay,101,1,0.43148148148148147,23,26.504387770580973,4,0.75,111.33033731522535
135,fixed_relay,101,1,0.43530092592592595,23,26.41176885832713,4,0.75,112.30419707085963
136,fixed_relay,101,1,0.43819444444444444,23,26.309081132190098,4,0.75,113.16149108645807
137,fixed_relay,101,1,0.44166666666666665,23,26.2033448701222,4,0.75,113.62055935865595
138,fixed_relay,101,1,0.4445601851851852,23,26.113631921316202,4,0.75,114.70663845406635
139,fixed_relay,101,1,0.4482638888888889,23,25.98435704431238,4,0.75,115.73014665446892
140,fixed_relay,101,1,0.45092592592592595,23,25.88059902605189,4,0.75,116.51811167846024
141,fixed_relay,101,1,0.45393518518518516,23,25.758508949454946,4,0.75,117.42625259305335
142,fixed_relay,101,1,0.4570601851851852,23,25.643663098488833,4,0.75,118.001914709318
143,fixed_relay,101,1,0.4596064814814815,23,25.52208595776554,4,0.75,118.66132230244314
144,fixed_relay,101,1,0.4622685185185185,22,26.56814704084746,4,0.75,119.0
145,fixed_relay,101,1,0.46469907407407407,22,26.45526002141054,4,0.75,119.0
146,fixed_relay,101,1,0.4681712962962963,21,27.602244163384974,4,0.75,119.0
147,fixed_relay,101,1,0.4703703703703704,21,27.49896807925949,4,0.75,119.0
148,fixed_relay,101,1,0.4744212962962963,21,27.366974877006005,4,0.75,119.0
149,fixed_relay,101,1,0.4778935185185185,21,27.242262138354043,4,0.75,119.0
150,fixed_relay,101,1,0.48159722222222223,21,27.109398862721065,4,0.75,119.0
151,fixed_relay,101,1,0.4841435185185185,21,26.966250980103073,4,0.75,119.0
152,fixed_relay,101,1,0.4863425925925926,21,26.804561091646953,4,0.75,119.0
153,fixed_relay,101,1,0.48865740740740743,21,26.63436971094421,4,0.75,119.0
154,fixed_relay,101,1,0.49074074074074076,21,26.465517385343983,4,0.75,119.0
155,fixed_relay,101,1,0.49270833333333336,21,26.289747536666738,4,0.75,119.0
156,fixed_relay,101,1,0.49375,21,26.07963410990102,4,0.75,119.0
157,fixed_relay,101,1,0.4945601851851852,21,25.87729376618288,4,0.75,119.0
158,fixed_relay,101,1,0.4951388888888889,21,25.653863455316987,4,0.75,119.0
159,fixed_relay,101,1,0.49594907407407407,21,25.4282987800969,4,0.75,119.0
160,fixed_relay,101,1,0.4965277777777778,21,25.73585576405774,5,0.8,119.0
161,fixed_relay,101,1,0.4980324074074074,21,25.8151949342003,5,0.8,119.0
162,fixed_relay,101,1,0.4996527777777778,21,25.84312608134952,5,0.8,119.0
163,fixed_relay,101,1,0.5013888888888889,21,25.82948145136665,5,0.8,119.0
164,fixed_relay,101,1,0.5028935185185185,21,25.817309153368463,5,0.8,119.0
165,fixed_relay,101,1,0.5037037037037037,21,25.783146800596164,5,0.8,119.0
166,fixed_relay,101,1,0.5049768518518518,21,25.742811179085475,5,0.8,119.0
167,fixed_relay,101,1,0.5057870370370371,21,25.700845338092492,5,0.8,119.0
168,fixed_relay,101,1,0.506712962962963,21,25.660919064187738,5,0.8,119.0
169,fixed_relay,101,1,0.5072916666666667,21,25.6022382567765,5,0.8,119.0
170,fixed_relay,101,1,0.5077546296296296,21,25.528034177642926,5,0.8,119.0
171,fixed_relay,101,1,0.5083333333333333,21,25.456722338674755,5,0.8,119.0
172,fixed_relay,101,1,0.5090277777777777,21,25.403857793815924,5,0.8,119.0
173,fixed_relay,101,1,0.5090277777777777,20,26.61631824673118,5,0.8,119.0
174,fixed_relay,101,1,0.5094907407407407,20,26.567393018339466,5,0.8,119.0
175,fixed_relay,101,1,0.5097222222222222,20,26.51405991941698,5,0.8,119.0
176,fixed_relay,101,1,0.5097222222222222,20,26.453836428794936,5,0.8,119.0
177,fixed_relay,101,1,0.5097222222222222,20,26.387039348599252,5,0.8,119.0
178,fixed_relay,101,1,0.5098379629629629,20,26.324866019353113,5,0.8,119.0
179,fixed_relay,101,1,0.5098379629629629,20,26.260142575606288,5,0.8,119.0
180,fixed_relay,101,1,0.5098379629629629,20,26.18621161055281,5,0.8,119.0
181,fixed_relay,101,1,0.5100694444444445,20,26.11428724230903,5,0.8,119.0
182,fixed_relay,101,1,0.5100694444444445,19,27.42193832256487,5,0.8,119.0
183,fixed_relay,101,1,0.5103009259259259,19,27.36242026437889,5,0.8,119.0
184,fixed_relay,101,1,0.5104166666666666,19,27.29400412197606,5,0.8,119.0
185,fixed_relay,101,1,0.5105324074074075,19,27.2320645833017,5,0.8,119.0
186,fixed_relay,101,1,0.5109953703703703,19,27.162567697174975,5,0.8,119.0
187,fixed_relay,101,1,0.5113425925925926,19,27.086081922690745,5,0.8,119.0
188,fixed_relay,101,1,0.5114583333333333,19,27.00172063410879,5,0.8,119.0
189,fixed_relay,101,1,0.5114583333333333,19,26.90628300292618,5,0.8,119.0
190,fixed_relay,101,1,0.5114583333333333,19,26.81388194895536,5,0.8,119.0
191,fixed_relay,101,1,0.5114583333333333,19,26.73046835412964,5,0.8,119.0
192,fixed_relay,101,1,0.5114583333333333,19,26.637849515409275,5,0.8,119.0
193,fixed_relay,101,1,0.5115740740740741,19,26.51671704269298,5,0.8,119.0
194,fixed_relay,101,1,0.5115740740740741,19,26.408363804448353,5,0.8,119.0
195,fixed_relay,101,1,0.5115740740740741,19,26.270090591892348,5,0.8,119.0
196,fixed_relay,101,1,0.5115740740740741,19,26.11807812581685,5,0.8,119.0
197,fixed_relay,101,1,0.5115740740740741,19,25.96550972205158,5,0.8,119.0
198,fixed_relay,101,1,0.5115740740740741,19,25.798400687513745,5,0.8,119.0
199,fixed_relay,101,1,0.5115740740740741,19,25.652394882845737,5,0.8,119.0
200,fixed_relay,101,1,0.5115740740740741,19,26.147201342021763,6,0.8333333333333334,119.0
201,fixed_relay,101,1,0.5115740740740741,19,26.55189399561256,6,0.8333333333333334,119.0
202,fixed_relay,101,1,0.5115740740740741,19,26.895669743549472,6,0.8333333333333334,119.0
203,fixed_relay,101,1,0.5115740740740741,19,27.15016813187633,6,0.8333333333333334,119.0
204,fixed_relay,101,1,0.5115740740740741,19,27.338133159078712,6,0.8333333333333334,119.0
205,fixed_relay,101,1,0.5115740740740741,19,27.519648375770156,6,0.8333333333333334,119.0
206,fixed_relay,101,1,0.5115740740740741,19,27.69374841659823,6,0.8333333333333334,119.0
207,fixed_relay,101,1,0.5115740740740741,19,27.876081980021947,6,0.8333333333333334,119.0
208,fixed_relay,101,1,0.5115740740740741,19,28.05972070868553,6,0.8333333333333334,119.0
209,fixed_relay,101,1,0.5115740740740741,19,28.2525880529475,6,0.8333333333333334,119.0
210,fixed_relay,101,1,0.5115740740740741,19,28.430738507819484,6,0.8333333333333334,119.0
211,fixed_relay,101,1,0.5115740740740741,19,28.597132343167278,6,0.8333333333333334,119.0
212,fixed_relay,101,1,0.5115740740740741,19,28.764310843464376,6,0.8333333333333334,119.0
213,fixed_relay,101,1,0.5115740740740741,19,28.93258301273775,6,0.8333333333333334,119.0
214,fixed_relay,101,1,0.5115740740740741,19,29.128903437072523,6,0.8333333333333334,119.0
215,fixed_relay,101,1,0.5115740740740741,19,29.282065795617644,6,0.8333333333333334,119.0
216,fixed_relay,101,1,0.5115740740740741,19,29.396709350474207,6,0.8333333333333334,119.0
217,fixed_relay,101,1,0.5115740740740741,19,29.524596094277296,6,0.8333333333333334,119.0
218,fixed_relay,101,1,0.5115740740740741,19,29.643354403156895,6,0.8333333333333334,119.0
219,fixed_relay,101,1,0.5115740740740741,19,29.759131774957286,6,0.8333333333333334,119.0
220,fixed_relay,101,1,0.5115740740740741,19,29.885751580903975,6,0.8333333333333334,119.0
221,fixed_relay,101,1,0.5115740740740741,19,30.008956629887063,6,0.8333333333333334,119.0
222,fixed_relay,101,1,0.5115740740740741,19,30.14229249504533,6,0.8333333333333334,119.0
223,fixed_relay,101,1,0.5115740740740741,19,30.27030073962194,6,0.8333333333333334,119.0
224,fixed_relay,101,1,0.5115740740740741,19,30.379483552303107,6,0.8333333333333334,119.0
225,fixed_relay,101,1,0.5115740740740741,19,30.491707430351276,6,0.8333333333333334,119.0
226,fixed_relay,101,1,0.5115740740740741,19,30.586735616903585,6,0.8333333333333334,119.0
227,fixed_relay,101,1,0.5115740740740741,19,30.6768482308931,6,0.8333333333333334,119.0
228,fixed_relay,101,1,0.5115740740740741,19,30.776068930413743,6,0.8333333333333334,119.0
229,fixed_relay,101,1,0.5115740740740741,19,30.857157971994873,6,0.8333333333333334,119.0
230,fixed_relay,101,1,0.5115740740740741,19,30.938721336081198,6,0.8333333333333334,119.0
231,fixed_relay,101,1,0.5115740740740741,19,30.997015087298557,6,0.8333333333333334,119.0
232,fixed_relay,101,1,0.5115740740740741,19,31.050221469799716,6,0.8333333333333334,119.0
233,fixed_relay,101,1,0.5115740740740741,19,31.113221993786976,6,0.8333333333333334,119.0
234,fixed_relay,101,1,0.5115740740740741,19,31.16908246478507,6,0.8333333333333334,119.0
235,fixed_relay,101,1,0.5115740740740741,19,31.233688545860947,6,0.8333333333333334,119.0
236,fixed_relay,101,1,0.5115740740740741,19,31.288968270342636,6,0.8333333333333334,119.0
237,fixed_relay,101,1,0.5115740740740741,19,31.351253417372863,6,0.8333333333333334,119.0
238,fixed_relay,101,1,0.5115740740740741,19,31.412110160716338,6,0.8333333333333334,119.0
239,fixed_relay,101,1,0.5115740740740741,19,31.467194885522137,6,0.8333333333333334,119.0
0,adaptive_frontier,7,0,0.007291666666666667,24,32.0,1,1.0,10.523415570254752
1,adaptive_frontier,7,0,0.009375,24,32.0,1,1.0,11.03811125843981
2,adaptive_frontier,7,0,0.011226851851851852,24,32.0,1,1.0,11.744940399351227
3,adaptive_frontier,7,0,0.012962962962962963,24,32.0,1,1.0,12.56225772201615
4,adaptive_frontier,7,0,0.015393518518518518,24,32.0,1,1.0,13.216748133429373
5,adaptive_frontier,7,0,0.017361111111111112,24,32.0,1,1.0,13.935300605601844
6,adaptive_frontier,7,0,0.019212962962962963,24,32.0,1,1.0,14.59213979231648
7,adaptive_frontier,7,0,0.02141203703703704,24,32.0,1,1.0,15.329010437758837
8,adaptive_frontier,7,0,0.02326388888888889,24,32.0,1,1.0,16.492619252676096
9,adaptive_frontier,7,0,0.025347222222222222,24,32.0,1,1.0,16.97735321501842
10,adaptive_frontier,7,0,0.026851851851851852,24,32.0,1,1.0,17.5445651002802
11,adaptive_frontier,7,0,0.028587962962962964,24,32.0,1,1.0,18.429691372581278
12,adaptive_frontier,7,0,0.031018518518518518,24,32.0,1,1.0,19.629102636323275
13,adaptive_frontier,7,0,0.03356481481481482,24,32.0,1,1.0,20.197718342843338
14,adaptive_frontier,7,0,0.03599537037037037,24,32.0,1,1.0,21.44971808098547
15,adaptive_frontier,7,0,0.03831018518518518,24,32.0,1,1.0,22.294080655826384
16,adaptive_frontier,7,0,0.03981481481481482,24,32.0,1,1.0,22.983055208268944
17,adaptive_frontier,7,0,0.04212962962962963,24,32.0,1,1.0,23.69021605450056
18,adaptive_frontier,7,0,0.043287037037037034,24,32.0,1,1.0,24.11127115165771
19,adaptive_frontier,7,0,0.04594907407407407,24,32.0,1,1.0,24.944658357586466
20,adaptive_frontier,7,0,0.047453703703703706,24,32.0,1,1.0,25.381683262762692
21,adaptive_frontier,7,0,0.049652777777777775,24,32.0,1,1.0,26.329050614795083
22,adaptive_frontier,7,0,0.05219907407407407,24,32.0,1,1.0,27.42821943157296
23,adaptive_frontier,7,0,0.053703703703703705,24,32.0,1,1.0,27.72007144558275
24,adaptive_frontier,7,0,0.05555555555555555,24,32.0,1,1.0,28.467770222375133
25,adaptive_frontier,7,0,0.057060185185185186,24,32.0,1,1.0,28.96007714621999
26,adaptive_frontier,7,0,0.05949074074074074,24,31.99979361535455,1,1.0,29.29401793969977
27,adaptive_frontier,7,0,0.06157407407407407,24,32.0,1,1.0,30.170666051322147
28,adaptive_frontier,7,0,0.06435185185185185,24,31.99790673439996,1,1.0,30.947602744364886
29,adaptive_frontier,7,0,0.06701388888888889,24,31.993420095161422,1,1.0,31.477446794092042
30,adaptive_frontier,7,0,0.07013888888888889,24,31.975769937139876,1,1.0,32.6148471663465
31,adaptive_frontier,7,0,0.07256944444444445,24,31.963314114215052,1,1.0,32.934657379136134
32,adaptive_frontier,7,0,0.07615740740740741,24,31.94892271940779,1,1.0,33.30041588318566
33,adaptive_frontier,7,0,0.07847222222222222,24,31.9316896404727,1,1.0,34.01750430731918
34,adaptive_frontier,7,0,0.08252314814814815,24,31.895858093524065,1,1.0,35.17316751877583
35,adaptive_frontier,7,0,0.08599537037037037,24,31.862947829561637,1,1.0,35.95546165909636
36,adaptive_frontier,7,0,0.08923611111111111,24,31.81704947423255,1,1.0,36.48375013323566
37,adaptive_frontier,7,0,0.09270833333333334,24,31.762298806972392,1,1.0,37.26882315168717
38,adaptive_frontier,7,0,0.09513888888888888,24,31.723207609835466,1,1.0,37.985737501768945
39,adaptive_frontier,7,0,0.09780092592592593,24,31.66296860431523,1,1.0,38.32043125096964
40,adaptive_frontier,7,0,0.10104166666666667,24,31.842361635925432,2,1.0,39.52432453465373
41,adaptive_frontier,7,0,0.103125,24,31.917282161110535,2,1.0,40.150930056960796
42,adaptive_frontier,7,0,0.10717592592592592,24,31.964954108981264,2,1.0,41.20279672355951
43,adaptive_frontier,7,0,0.1099537037037037,24,31.984141924038465,2,1.0,41.768734519449914
44,adaptive_frontier,7,0,0.11296296296296296,24,32.0,2,1.0,42.665280111362875
45,adaptive_frontier,7,0,0.11550925925925926,24,32.0,2,1.0,43.35363098658913
46,adaptive_frontier,7,0,0.11898148148148148,24,32.0,2,1.0,43.7690344923435
47,adaptive_frontier,7,0,0.12175925925925926,24,32.0,2,1.0,44.55570509035923
48,adaptive_frontier,7,0,0.1244212962962963,24,32.0,2,1.0,45.1332874950659
49,adaptive_frontier,7,0,0.12777777777777777,24,32.0,2,1.0,45.59612356413964
50,adaptive_frontier,7,0,0.1310185185185185,24,32.0,2,1.0,46.324401752755776
51,adaptive_frontier,7,0,0.1335648148148148,24,32.0,2,1.0,47.467898347198094
52,adaptive_frontier,7,0,0.13668981481481482,24,32.0,2,1.0,47.768814245450244
53,adaptive_frontier,7,0,0.1398148148148148,24,32.0,2,1.0,48.717401315222304
54,adaptive_frontier,7,0,0.1431712962962963,24,32.0,2,1.0,49.21481918625788
55,adaptive_frontier,7,0,0.14560185185185184,24,32.0,2,1.0,49.703111709910026
56,adaptive_frontier,7,0,0.14872685185185186,24,32.0,2,1.0,50.377742695180366
57,adaptive_frontier,7,0,0.15150462962962963,24,32.0,2,1.0,51.029491600947075
58,adaptive_frontier,7,0,0.1542824074074074,24,32.0,2,1.0,51.93566628516674
59,adaptive_frontier,7,0,0.15590277777777778,24,32.0,2,1.0,52.59722969698908
60,adaptive_frontier,7,0,0.1582175925925926,24,32.0,2,1.0,53.241041709634935
61,adaptive_frontier,7,0,0.16018518518518518,24,32.0,2,1.0,53.75015785729428
62,adaptive_frontier,7,0,0.16261574074074073,24,32.0,2,1.0,54.30918150501721
63,adaptive_frontier,7,0,0.16469907407407408,24,31.99803654256358,2,1.0,54.93490873621806
64,adaptive_frontier,7,0,0.16782407407407407,24,31.996962348274725,2,1.0,55.9308365901176
65,adaptive_frontier,7,0,0.1709490740740741,24,31.99338506713781,2,1.0,56.83787951494098
66,adaptive_frontier,7,0,0.17418981481481483,24,31.994411923403337,2,1.0,57.63800821318638
67,adaptive_frontier,7,0,0.1763888888888889,24,31.99547227453179,2,1.0,57.84697551925082
68,adaptive_frontier,7,0,0.1795138888888889,24,31.990663792275694,2,1.0,58.42510313681155
69,adaptive_frontier,7,0,0.18252314814814816,24,31.983674000582777,2,1.0,59.28515573678066
70,adaptive_frontier,7,0,0.18460648148148148,24,31.97509752443011,2,1.0,60.18258691171601
71,adaptive_frontier,7,0,0.18715277777777778,24,31.96308305224059,2,1.0,60.81566877106382
72,adaptive_frontier,7,0,0.18969907407407408,24,31.96113981586031,2,1.0,61.39645054140674
73,adaptive_frontier,7,0,0.19155092592592593,24,31.950709299718255,2,1.0,62.199759003621416
74,adaptive_frontier,7,0,0.19398148148148148,24,31.933291430473485,2,1.0,63.05615805831009
75,adaptive_frontier,7,0,0.19664351851851852,24,31.906326709483256,2,1.0,63.869658273351426
76,adaptive_frontier,7,0,0.19895833333333332,24,31.879410665631678,2,1.0,64.4577447177143
77,adaptive_frontier,7,0,0.20150462962962962,24,31.852038062786438,2,1.0,64.73717510526328
78,adaptive_frontier,7,0,0.20462962962962963,24,31.817309736446106,2,1.0,65.5431011781585
79,adaptive_frontier,7,0,0.20694444444444443,24,31.77624478812328,2,1.0,66.08056960525983
80,adaptive_frontier,7,0,0.209375,24,31.907575704322014,3,1.0,66.82856981869391
81,adaptive_frontier,7,0,0.21180555555555555,24,31.962305344908476,3,1.0,67.29865626834395
82,adaptive_frontier,7,0,0.21435185185185185,24,31.98272885063541,3,1.0,68.29269977955178
83,adaptive_frontier,7,0,0.21724537037037037,24,32.0,3,1.0,69.23738528971384
84,adaptive_frontier,7,0,0.22025462962962963,24,32.0,3,1.0,69.81731732055151
85,adaptive_frontier,7,0,0.22291666666666668,24,32.0,3,1.0,70.67641471920639
86,adaptive_frontier,7,0,0.22546296296296298,24,32.0,3,1.0,71.46469070377174
87,adaptive_frontier,7,0,0.2283564814814815,24,32.0,3,1.0,71.97171877579609
88,adaptive_frontier,7,0,0.23148148148148148,24,32.0,3,1.0,72.70594157686381
89,adaptive_frontier,7,0,0.23425925925925925,24,32.0,3,1.0,73.60422729874624
90,adaptive_frontier,7,0,0.23587962962962963,24,32.0,3,1.0,74.02416399224576
91,adaptive_frontier,7,0,0.23819444444444443,24,32.0,3,1.0,74.99142689186715
92,adaptive_frontier,7,0,0.24085648148148148,24,32.0,3,1.0,75.85653827578011
93,adaptive_frontier,7,0,0.24340277777777777,24,32.0,3,1.0,76.92976040225938
94,adaptive_frontier,7,0,0.24537037037037038,24,32.0,3,1.0,77.46805182069299
95,adaptive_frontier,7,0,0.24861111111111112,24,32.0,3,1.0,78.12170099170734
96,adaptive_frontier,7,0,0.2515046296296296,24,32.0,3,1.0,79.19064869966053
97,adaptive_frontier,7,0,0.2545138888888889,24,32.0,3,1.0,80.22453341938882
98,adaptive_frontier,7,0,0.25752314814814814,24,32.0,3,1.0,80.72765266117473
99,adaptive_frontier,7,0,0.259375,24,32.0,3,1.0,81.5829474451649
100,adaptive_frontier,7,0,0.26238425925925923,24,32.0,3,1.0,82.42799347411844
101,adaptive_frontier,7,0,0.26435185185185184,24,32.0,3,1.0,83.56045245467796
102,adaptive_frontier,7,0,0.2672453703703704,24,32.0,3,1.0,84.53182073878862
103,adaptive_frontier,7,0,0.2695601851851852,24,32.0,3,1.0,85.31058790214911
104,adaptive_frontier,7,0,0.271875,24,32.0,3,1.0,85.81796248520921
105,adaptive_frontier,7,0,0.275,24,31.998805258598832,3,1.0,86.89000669975813
106,adaptive_frontier,7,0,0.27708333333333335,24,31.997914827160812,3,1.0,87.41582079846229
107,adaptive_frontier,7,0,0.2792824074074074,24,31.99598019175529,3,1.0,88.47854510551247
108,adaptive_frontier,7,0,0.2809027777777778,24,31.991845359974562,3,1.0,89.11713245486646
109,adaptive_frontier,7,0,0.2831018518518518,24,31.98889948504046,3,1.0,90.09419498765767
110,adaptive_frontier,7,0,0.28599537037037037,24,31.980334378169022,3,1.0,91.3559087842201
111,adaptive_frontier,7,0,0.2877314814814815,24,31.977358596372017,3,1.0,91.65088582307042
112,adaptive_frontier,7,0,0.2900462962962963,24,31.964930876903768,3,1.0,92.52607614312825
113,adaptive_frontier,7,0,0.29247685185185185,24,31.95497620171264,3,1.0,93.33773423004891
114,adaptive_frontier,7,0,0.2950231481481482,24,31.929204517847722,3,1.0,94.47034363477752
115,adaptive_frontier,7,0,0.2969907407407407,24,31.909796601313392,3,1.0,94.8765601225566
116,adaptive_frontier,7,0,0.29907407407407405,24,31.89314552923088,3,1.0,95.18559149119746
117,adaptive_frontier,7,0,0.30150462962962965,24,31.87215376577991,3,1.0,96.15128599266687
118,adaptive_frontier,7,0,0.30324074074074076,24,31.844189430076224,3,1.0,96.89069484634987
119,adaptive_frontier,7,0,0.30486111111111114,24,31.81152207166723,3,1.0,97.93888435799023
120,adaptive_frontier,7,0,0.30613425925925924,24,31.917161444424135,4,1.0,98.69882705603987
121,adaptive_frontier,7,0,0.30821759259259257,24,31.97584942698342,4,1.0,99.56993403748932
122,adaptive_frontier,7,0,0.30995370370370373,24,32.0,4,1.0,100.4052877281195
123,adaptive_frontier,7,0,0.3113425925925926,24,32.0,4,1.0,101.21066280882783
124,adaptive_frontier,7,0,0.31342592592592594,24,32.0,4,1.0,101.58432008024666
125,adaptive_frontier,7,0,0.316087962962963,24,32.0,4,1.0,102.65567767533837
126,adaptive_frontier,7,0,0.31840277777777776,24,32.0,4,1.0,103.04293980859624
127,adaptive_frontier,7,0,0.3196759259259259,24,32.0,4,1.0,103.33676131563223
128,adaptive_frontier,7,0,0.32175925925925924,24,32.0,4,1.0,104.30059478585606
129,adaptive_frontier,7,0,0.32372685185185185,24,32.0,4,1.0,105.22678742565023
130,adaptive_frontier,7,0,0.32546296296296295,24,32.0,4,1.0,106.06837556086316
131,adaptive_frontier,7,0,0.32708333333333334,24,32.0,4,1.0,107.18957756411521
132,adaptive_frontier,7,0,0.32905092592592594,24,32.0,4,1.0,107.47977033009879
133,adaptive_frontier,7,0,0.3304398148148148,24,32.0,4,1.0,108.08210627175406
134,adaptive_frontier,7,0,0.33252314814814815,24,32.0,4,1.0,108.78492465504907
135,adaptive_frontier,7,0,0.3349537037037037,24,32.0,4,1.0,109.31096431773925
136,adaptive_frontier,7,0,0.3368055555555556,24,32.0,4,1.0,110.24814441742498
137,adaptive_frontier,7,0,0.33935185185185185,24,32.0,4,1.0,111.3033430325616
138,adaptive_frontier,7,0,0.34131944444444445,24,32.0,4,1.0,112.0306458244677
139,adaptive_frontier,7,0,0.3438657407407407,24,32.0,4,1.0,113.262078157399
140,adaptive_frontier,7,0,0.3456018518518518,24,32.0,4,1.0,114.40664577874159
141,adaptive_frontier,7,0,0.3471064814814815,24,32.0,4,1.0,115.3016642835544
142,adaptive_frontier,7,0,0.34791666666666665,24,31.999179604326454,4,1.0,116.3743634883597
143,adaptive_frontier,7,0,0.3489583333333333,24,32.0,4,1.0,116.574936794014
144,adaptive_frontier,7,0,0.35011574074074076,24,31.998436330619985,4,1.0,117.47471978519103
145,adaptive_frontier,7,0,0.35162037037037036,24,32.0,4,1.0,118.00365941104533
146,adaptive_frontier,7,0,0.3528935185185185,24,31.995943746378853,4,1.0,118.42429027100303
147,adaptive_frontier,7,0,0.3539351851851852,24,31.99406673240731,4,1.0,119.0
148,adaptive_frontier,7,0,0.3556712962962963,24,31.997067191199715,4,1.0,119.0
149,adaptive_frontier,7,0,0.35659722222222223,24,31.992331635892906,4,1.0,119.0
150,adaptive_frontier,7,0,0.3570601851851852,24,31.99523365911168,4,1.0,119.0
151,adaptive_frontier,7,0,0.3578703703703704,24,31.997928270347604,4,1.0,119.0
152,adaptive_frontier,7,0,0.35868055555555556,24,32.0,4,1.0,119.0
153,adaptive_frontier,7,0,0.3587962962962963,24,32.0,4,1.0,119.0
154,adaptive_frontier,7,0,0.3587962962962963,24,31.99756247143851,4,1.0,119.0
155,adaptive_frontier,7,0,0.3590277777777778,24,31.999963419606548,4,1.0,119.0
156,adaptive_frontier,7,0,0.3596064814814815,24,31.995274593947585,4,1.0,119.0
157,adaptive_frontier,7,0,0.36006944444444444,24,31.997532357211494,4,1.0,119.0
158,adaptive_frontier,7,0,0.36030092592592594,24,31.998022206642915,4,1.0,119.0
159,adaptive_frontier,7,0,0.36041666666666666,24,31.993643425843402,4,1.0,119.0
160,adaptive_frontier,7,0,0.3609953703703704,24,32.0,5,1.0,119.0
161,adaptive_frontier,7,0,0.36157407407407405,24,32.0,5,1.0,119.0
162,adaptive_frontier,7,0,0.36157407407407405,24,32.0,5,1.0,119.0
163,adaptive_frontier,7,0,0.36157407407407405,24,32.0,5,1.0,119.0
164,adaptive_frontier,7,0,0.36157407407407405,24,32.0,5,1.0,119.0
165,adaptive_frontier,7,0,0.36157407407407405,24,32.0,5,1.0,119.0
166,adaptive_frontier,7,0,0.36157407407407405,24,32.0,5,1.0,119.0
167,adaptive_frontier,7,0,0.36157407407407405,24,32.0,5,1.0,119.0
168,adaptive_frontier,7,0,0.36157407407407405,24,32.0,5,1.0,119.0
169,adaptive_frontier,7,0,0.36157407407407405,24,32.0,5,1.0,119.0
170,adaptive_frontier,7,0,0.36157407407407405,24,32.0,5,1.0,119.0
171,adaptive_frontier,7,0,0.36157407407407405,24,32.0,5,1.0,119.0
172,adaptive_frontier,7,0,0.36157407407407405,24,32.0,5,1.0,119.0
173,adaptive_frontier,7,0,0.36157407407407405,24,32.0,5,1.0,119.0
174,adaptive_frontier,7,0,0.36157407407407405,24,32.0,5,1.0,119.0
175,adaptive_frontier,7,0,0.36157407407407405,24,32.0,5,1.0,119.0
176,adaptive_frontier,7,0,0.36157407407407405,24,32.0,5,1.0,119.0
177,adaptive_frontier,7,0,0.36157407407407405,24,32.0,5,1.0,119.0
178,adaptive_frontier,7,0,0.36157407407407405,24,32.0,5,1.0,119.0
179,adaptive_frontier,7,0,0.36157407407407405,24,32.0,5,1.0,119.0
180,adaptive_frontier,7,0,0.36180555555555555,24,32.0,5,1.0,119.0
181,adaptive_frontier,7,0,0.36180555555555555,24,32.0,5,1.0,119.0
182,adaptive_frontier,7,0,0.36180555555555555,24,32.0,5,1.0,119.0
183,adaptive_frontier,7,0,0.36215277777777777,24,32.0,5,1.0,119.0
184,adaptive_frontier,7,0,0.36215277777777777,24,32.0,5,1.0,119.0
185,adaptive_frontier,7,0,0.36215277777777777,24,32.0,5,1.0,119.0
186,adaptive_frontier,7,0,0.36215277777777777,24,32.0,5,1.0,119.0
187,adaptive_frontier,7,0,0.36215277777777777,24,32.0,5,1.0,119.0
188,adaptive_frontier,7,0,0.36215277777777777,24,32.0,5,1.0,119.0
189,adaptive_frontier,7,0,0.36215277777777777,24,32.0,5,1.0,119.0
190,adaptive_frontier,7,0,0.36215277777777777,24,32.0,5,1.0,119.0
191,adaptive_frontier,7,0,0.36215277777777777,24,32.0,5,1.0,119.0
192,adaptive_frontier,7,0,0.36215277777777777,24,32.0,5,1.0,119.0
193,adaptive_frontier,7,0,0.36215277777777777,24,32.0,5,1.0,119.0
194,adaptive_frontier,7,0,0.36215277777777777,24,32.0,5,1.0,119.0
195,adaptive_frontier,7,0,0.36215277777777777,24,32.0,5,1.0,119.0
196,adaptive_frontier,7,0,0.36215277777777777,24,32.0,5,1.0,119.0
197,adaptive_frontier,7,0,0.36226851851851855,24,32.0,5,1.0,119.0
198,adaptive_frontier,7,0,0.36226851851851855,24,32.0,5,1.0,119.0
199,adaptive_frontier,7,0,0.36226851851851855,24,32.0,5,1.0,119.0
200,adaptive_frontier,7,0,0.36226851851851855,24,32.0,5,1.0,119.0
201,adaptive_frontier,7,0,0.36226851851851855,24,32.0,5,1.0,119.0
202,adaptive_frontier,7,0,0.36226851851851855,24,32.0,5,1.0,119.0
203,adaptive_frontier,7,0,0.36226851851851855,24,32.0,5,1.0,119.0
204,adaptive_frontier,7,0,0.36226851851851855,24,32.0,5,1.0,119.0
205,adaptive_frontier,7,0,0.36226851851851855,24,32.0,5,1.0,119.0
206,adaptive_frontier,7,0,0.36226851851851855,24,32.0,5,1.0,119.0
207,adaptive_frontier,7,0,0.36226851851851855,24,32.0,5,1.0,119.0
208,adaptive_frontier,7,0,0.36226851851851855,24,32.0,5,1.0,119.0
209,adaptive_frontier,7,0,0.36226851851851855,24,32.0,5,1.0,119.0
210,adaptive_frontier,7,0,0.36226851851851855,24,32.0,5,1.0,119.0
211,adaptive_frontier,7,0,0.36226851851851855,24,32.0,5,1.0,119.0
212,adaptive_frontier,7,0,0.36226851851851855,24,32.0,5,1.0,119.0
213,adaptive_frontier,7,0,0.36226851851851855,24,32.0,5,1.0,119.0
214,adaptive_frontier,7,0,0.36226851851851855,24,32.0,5,1.0,119.0
215,adaptive_frontier,7,0,0.36226851851851855,24,32.0,5,1.0,119.0
216,adaptive_frontier,7,0,0.36226851851851855,24,32.0,5,1.0,119.0
217,adaptive_frontier,7,0,0.36226851851851855,24,32.0,5,1.0,119.0
218,adaptive_frontier,7,0,0.36226851851851855,24,32.0,5,1.0,119.0
219,adaptive_frontier,7,0,0.36226851851851855,24,32.0,5,1.0,119.0
220,adaptive_frontier,7,0,0.36226851851851855,24,32.0,5,1.0,119.0
221,adaptive_frontier,7,0,0.36226851851851855,24,32.0,5,1.0,119.0
222,adaptive_frontier,7,0,0.36226851851851855,24,32.0,5,1.0,119.0
223,adaptive_frontier,7,0,0.36226851851851855,24,32.0,5,1.0,119.0
224,adaptive_frontier,7,0,0.36226851851851855,24,32.0,5,1.0,119.0
225,adaptive_frontier,7,0,0.36226851851851855,24,32.0,5,1.0,119.0
226,adaptive_frontier,7,0,0.36226851851851855,24,32.0,5,1.0,119.0
227,adaptive_frontier,7,0,0.36226851851851855,24,32.0,5,1.0,119.0
228,adaptive_frontier,7,0,0.36226851851851855,24,32.0,5,1.0,119.0
229,adaptive_frontier,7,0,0.36226851851851855,24,32.0,5,1.0,119.0
230,adaptive_frontier,7,0,0.36226851851851855,24,32.0,5,1.0,119.0
231,adaptive_frontier,7,0,0.36226851851851855,24,32.0,5,1.0,119.0
232,adaptive_frontier,7,0,0.36226851851851855,24,32.0,5,1.0,119.0
233,adaptive_frontier,7,0,0.36226851851851855,24,32.0,5,1.0,119.0
234,adaptive_frontier,7,0,0.36226851851851855,24,32.0,5,1.0,119.0
235,adaptive_frontier,7,0,0.36226851851851855,24,32.0,5,1.0,119.0
236,adaptive_frontier,7,0,0.36226851851851855,24,32.0,5,1.0,119.0
237,adaptive_frontier,7,0,0.36226851851851855,24,32.0,5,1.0,119.0
238,adaptive_frontier,7,0,0.36226851851851855,24,32.0,5,1.0,119.0
239,adaptive_frontier,7,0,0.36226851851851855,24,32.0,5,1.0,119.0
0,adaptive_frontier,21,0,0.008796296296296297,24,32.0,1,1.0,11.743577619240815
1,adaptive_frontier,21,0,0.010416666666666666,24,32.0,1,1.0,12.34010504964782
2,adaptive_frontier,21,0,0.012268518518518519,24,32.0,1,1.0,12.823360139920094
3,adaptive_frontier,21,0,0.013888888888888888,24,32.0,1,1.0,13.406740917064061
4,adaptive_frontier,21,0,0.01574074074074074,24,32.0,1,1.0,14.373231593028443
5,adaptive_frontier,21,0,0.018171296296296297,24,32.0,1,1.0,15.064335461313512
6,adaptive_frontier,21,0,0.02048611111111111,24,32.0,1,1.0,15.71873835461078
7,adaptive_frontier,21,0,0.022337962962962962,24,32.0,1,1.0,16.548172197688313
8,adaptive_frontier,21,0,0.024652777777777777,24,32.0,1,1.0,17.474455837945875
9,adaptive_frontier,21,0,0.027199074074074073,24,32.0,1,1.0,18.268351832363656
10,adaptive_frontier,21,0,0.02974537037037037,24,32.0,1,1.0,19.057305244877185
11,adaptive_frontier,21,0,0.03194444444444444,24,32.0,1,1.0,19.809290384996572
12,adaptive_frontier,21,0,0.03460648148148148,24,32.0,1,1.0,20.59388454118244
13,adaptive_frontier,21,0,0.03715277777777778,24,32.0,1,1.0,21.36310508249279
14,adaptive_frontier,21,0,0.040393518518518516,24,32.0,1,1.0,22.34883308909575
15,adaptive_frontier,21,0,0.043055555555555555,24,32.0,1,1.0,23.459385110511374
16,adaptive_frontier,21,0,0.046064814814814815,24,32.0,1,1.0,24.196331811409358
17,adaptive_frontier,21,0,0.04918981481481482,24,32.0,1,1.0,25.225055042163255
18,adaptive_frontier,21,0,0.05196759259259259,24,32.0,1,1.0,26.169579782509995
19,adaptive_frontier,21,0,0.05439814814814815,24,32.0,1,1.0,26.779925060914227
20,adaptive_frontier,21,0,0.05717592592592593,24,32.0,1,1.0,27.415834393588877
21,adaptive_frontier,21,0,0.05925925925925926,24,32.0,1,1.0,27.733197922958652
22,adaptive_frontier,21,0,0.061342592592592594,24,32.0,1,1.0,28.10991474959899
23,adaptive_frontier,21,0,0.06458333333333334,24,32.0,1,1.0,29.023011986689497
24,adaptive_frontier,21,0,0.06747685185185186,24,32.0,1,1.0,30.157892620241405
25,adaptive_frontier,21,0,0.07094907407407407,24,31.997445911401257,1,1.0,31.242667807533664
26,adaptive_frontier,21,0,0.07418981481481482,24,31.989669375369953,1,1.0,32.02481414209547
27,adaptive_frontier,21,0,0.07685185185185185,24,31.991752560331715,1,1.0,32.259803660911224
28,adaptive_frontier,21,0,0.07951388888888888,24,31.98386599545509,1,1.0,32.772988571834105
29,adaptive_frontier,21,0,0.08217592592592593,24,31.97095698327861,1,1.0,33.429655955537754
30,adaptive_frontier,21,0,0.0849537037037037,24,31.953245540383545,1,1.0,34.277673292242746
31,adaptive_frontier,21,0,0.08784722222222222,24,31.925471399361086,1,1.0,34.73431496405433
32,adaptive_frontier,21,0,0.09166666666666666,24,31.89395138249638,1,1.0,35.40464695855643
33,adaptive_frontier,21,0,0.09502314814814815,24,31.86458388555973,1,1.0,35.7960503128315
34,adaptive_frontier,21,0,0.09768518518518518,24,31.8298940602117,1,1.0,36.54667987396356
35,adaptive_frontier,21,0,0.10150462962962963,24,31.77863432460491,1,1.0,37.24810217801765
36,adaptive_frontier,21,0,0.10451388888888889,24,31.74079508104013,1,1.0,38.21947399890159
37,adaptive_frontier,21,0,0.10844907407407407,24,31.690885020769752,1,1.0,38.4034719872046
38,adaptive_frontier,21,0,0.11157407407407408,24,31.622587414472324,1,1.0,39.1769192227656
39,adaptive_frontier,21,0,0.11446759259259259,24,31.56043867299465,1,1.0,40.137385085994794
40,adaptive_frontier,21,0,0.11782407407407407,24,31.748261081713313,2,1.0,40.487705815684045
41,adaptive_frontier,21,0,0.12037037037037036,24,31.898685892594226,2,1.0,41.17768330553998
42,adaptive_frontier,21,0,0.12430555555555556,24,31.995451402591726,2,1.0,42.466186823900415
43,adaptive_frontier,21,0,0.1275462962962963,24,32.0,2,1.0,42.98700731120744
44,adaptive_frontier,21,0,0.13055555555555556,24,32.0,2,1.0,43.56254542781523
45,adaptive_frontier,21,0,0.13333333333333333,24,32.0,2,1.0,44.023227995369254
46,adaptive_frontier,21,0,0.13703703703703704,24,32.0,2,1.0,44.74271446746252
47,adaptive_frontier,21,0,0.14074074074074075,24,32.0,2,1.0,45.508937878971764
48,adaptive_frontier,21,0,0.14421296296296296,24,32.0,2,1.0,46.41211528839114
49,adaptive_frontier,21,0,0.1474537037037037,24,32.0,2,1.0,47.52803916674165
50,adaptive_frontier,21,0,0.15162037037037038,24,32.0,2,1.0,48.33932955420617
51,adaptive_frontier,21,0,0.15416666666666667,24,32.0,2,1.0,48.553456381359155
52,adaptive_frontier,21,0,0.1568287037037037,24,32.0,2,1.0,49.24176340541132
53,adaptive_frontier,21,0,0.15983796296296296,24,32.0,2,1.0,50.01914776056379
54,adaptive_frontier,21,0,0.16261574074074073,24,32.0,2,1.0,50.45221588570464
55,adaptive_frontier,21,0,0.165625,24,32.0,2,1.0,50.82188480581601
56,adaptive_frontier,21,0,0.16909722222222223,24,32.0,2,1.0,51.32483889517473
57,adaptive_frontier,21,0,0.17164351851851853,24,32.0,2,1.0,51.98525521882829
58,adaptive_frontier,21,0,0.1744212962962963,24,32.0,2,1.0,52.62714621731704
59,adaptive_frontier,21,0,0.17719907407407406,24,32.0,2,1.0,52.98840828804108
60,adaptive_frontier,21,0,0.18055555555555555,24,32.0,2,1.0,53.58260143137872
61,adaptive_frontier,21,0,0.18275462962962963,24,32.0,2,1.0,54.238947365226274
62,adaptive_frontier,21,0,0.18564814814814815,24,32.0,2,1.0,54.45568766622941
63,adaptive_frontier,21,0,0.18819444444444444,24,32.0,2,1.0,55.33310485838583
64,adaptive_frontier,21,0,0.190625,24,32.0,2,1.0,56.27809866849076
65,adaptive_frontier,21,0,0.1925925925925926,24,31.998427802354872,2,1.0,56.98693346238955
66,adaptive_frontier,21,0,0.1954861111111111,24,32.0,2,1.0,57.763853019964436
67,adaptive_frontier,21,0,0.19791666666666666,24,31.997725110965565,2,1.0,58.37749094101636
68,adaptive_frontier,21,0,0.1997685185185185,24,31.993170189146507,2,1.0,58.89921602199837
69,adaptive_frontier,21,0,0.20243055555555556,24,31.99072670682882,2,1.0,59.82096677730933
70,adaptive_frontier,21,0,0.2048611111111111,24,31.988200272676067,2,1.0,60.034594468836474
71,adaptive_frontier,21,0,0.20729166666666668,24,31.988715040754514,2,1.0,60.78884129066783
72,adaptive_frontier,21,0,0.20949074074074073,24,31.987200371730548,2,1.0,61.14758655215814
73,adaptive_frontier,21,0,0.2125,24,31.97648741901948,2,1.0,62.34411408943147
74,adaptive_frontier,21,0,0.2144675925925926,24,31.97359634954743,2,1.0,62.59033725891073
75,adaptive_frontier,21,0,0.2170138888888889,24,31.96086985045855,2,1.0,63.37829549084215
76,adaptive_frontier,21,0,0.2193287037037037,24,31.950414504522968,2,1.0,63.62926863840934
77,adaptive_frontier,21,0,0.22083333333333333,24,31.949961296106096,2,1.0,64.20916096631541
78,adaptive_frontier,21,0,0.22280092592592593,24,31.929913017014076,2,1.0,65.29013947885251
79,adaptive_frontier,21,0,0.22604166666666667,24,31.898437988768936,2,1.0,66.33845897322159
80,adaptive_frontier,21,0,0.22847222222222222,24,31.97002782716079,3,1.0,67.08910116460959
81,adaptive_frontier,21,0,0.2306712962962963,24,31.99700312973523,3,1.0,68.14876365114547
82,adaptive_frontier,21,0,0.2335648148148148,24,32.0,3,1.0,68.81612936585414
83,adaptive_frontier,21,0,0.2361111111111111,24,32.0,3,1.0,69.84836196584041
84,adaptive_frontier,21,0,0.2386574074074074,24,32.0,3,1.0,70.9038672095126
85,adaptive_frontier,21,0,0.24074074074074073,24,32.0,3,1.0,71.30630886851108
86,adaptive_frontier,21,0,0.2423611111111111,24,32.0,3,1.0,72.1967327713316
87,adaptive_frontier,21,0,0.2454861111111111,24,32.0,3,1.0,73.05031674562726
88,adaptive_frontier,21,0,0.24814814814814815,24,32.0,3,1.0,73.79735835644478
89,adaptive_frontier,21,0,0.25,24,32.0,3,1.0,74.34983554435111
90,adaptive_frontier,21,0,0.25254629629629627,24,32.0,3,1.0,75.23372639389913
91,adaptive_frontier,21,0,0.25497685185185187,24,32.0,3,1.0,76.26786793460607
92,adaptive_frontier,21,0,0.25752314814814814,24,32.0,3,1.0,77.42984628983001
93,adaptive_frontier,21,0,0.25949074074074074,24,32.0,3,1.0,78.53903495140031
94,adaptive_frontier,21,0,0.26157407407407407,24,32.0,3,1.0,79.41414716799619
95,adaptive_frontier,21,0,0.2633101851851852,24,32.0,3,1.0,80.18620665742726
96,adaptive_frontier,21,0,0.26608796296296294,24,32.0,3,1.0,81.22213838605947
97,adaptive_frontier,21,0,0.26863425925925927,24,32.0,3,1.0,81.50713084314786
98,adaptive_frontier,21,0,0.2710648148148148,24,32.0,3,1.0,82.40340629962907
99,adaptive_frontier,21,0,0.27314814814814814,24,32.0,3,1.0,83.13348991276634
100,adaptive_frontier,21,0,0.27511574074074074,24,32.0,3,1.0,83.41910902786248
101,adaptive_frontier,21,0,0.2763888888888889,24,32.0,3,1.0,84.10655261599395
102,adaptive_frontier,21,0,0.278125,24,32.0,3,1.0,84.78552564669725
103,adaptive_frontier,21,0,0.2796296296296296,24,31.99852043911226,3,1.0,85.9052398177819
104,adaptive_frontier,21,0,0.28078703703703706,24,32.0,3,1.0,86.4795151857502
105,adaptive_frontier,21,0,0.28252314814814816,24,31.999198312190902,3,1.0,86.70607984768044
106,adaptive_frontier,21,0,0.28368055555555555,24,32.0,3,1.0,87.30438651479685
107,adaptive_frontier,21,0,0.28530092592592593,24,31.99755401586687,3,1.0,88.44884829052589
108,adaptive_frontier,21,0,0.2864583333333333,24,31.993967289062073,3,1.0,89.15523569385513
109,adaptive_frontier,21,0,0.2881944444444444,24,31.991126778389173,3,1.0,89.95230122672059
110,adaptive_frontier,21,0,0.28935185185185186,24,31.988298111222406,3,1.0,90.28872153099705
111,adaptive_frontier,21,0,0.29085648148148147,24,31.985247854904397,3,1.0,91.27285744284664
112,adaptive_frontier,21,0,0.29259259259259257,24,31.981257205086937,3,1.0,91.74051671591955
113,adaptive_frontier,21,0,0.2934027777777778,24,31.966325225670726,3,1.0,92.67885318214637
114,adaptive_frontier,21,0,0.29444444444444445,24,31.963272920058742,3,1.0,93.34320966048422
115,adaptive_frontier,21,0,0.2962962962962963,24,31.94836111436436,3,1.0,94.04762720140073
116,adaptive_frontier,21,0,0.2982638888888889,24,31.922948527480145,3,1.0,95.17226182636676
117,adaptive_frontier,21,0,0.3002314814814815,24,31.892864088617454,3,1.0,96.35199252951456
118,adaptive_frontier,21,0,0.30162037037037037,24,31.87033923727135,3,1.0,97.36988266349881
119,adaptive_frontier,21,0,0.3037037037037037,24,31.84886771716692,3,1.0,97.59491012237471
120,adaptive_frontier,21,0,0.3060185185185185,24,31.949046351724917,4,1.0,98.42931417049333
121,adaptive_frontier,21,0,0.3076388888888889,24,31.982556564183866,4,1.0,99.0545925366888
122,adaptive_frontier,21,0,0.30972222222222223,24,32.0,4,1.0,99.84581319590711
123,adaptive_frontier,21,0,0.3119212962962963,24,32.0,4,1.0,100.79079528496817
124,adaptive_frontier,21,0,0.3143518518518518,24,32.0,4,1.0,101.37809442825775
125,adaptive_frontier,21,0,0.31631944444444443,24,32.0,4,1.0,101.55379413391508
126,adaptive_frontier,21,0,0.3178240740740741,24,32.0,4,1.0,102.33388551014335
127,adaptive_frontier,21,0,0.3195601851851852,24,32.0,4,1.0,103.25698187945702
128,adaptive_frontier,21,0,0.3216435185185185,24,32.0,4,1.0,104.0006307812353
129,adaptive_frontier,21,0,0.32314814814814813,24,32.0,4,1.0,104.5843410957466
130,adaptive_frontier,21,0,0.32523148148148145,24,32.0,4,1.0,105.70713935871737
131,adaptive_frontier,21,0,0.3275462962962963,24,32.0,4,1.0,106.70501948021182
132,adaptive_frontier,21,0,0.3292824074074074,24,32.0,4,1.0,107.08777290825218
133,adaptive_frontier,21,0,0.33090277777777777,24,32.0,4,1.0,108.07187025839553
134,adaptive_frontier,21,0,0.3332175925925926,24,32.0,4,1.0,109.06224215368958
135,adaptive_frontier,21,0,0.334837962962963,24,32.0,4,1.0,110.35364478079285
136,adaptive_frontier,21,0,0.3369212962962963,24,32.0,4,1.0,110.66856604775077
137,adaptive_frontier,21,0,0.33877314814814813,24,32.0,4,1.0,111.4935536713477
138,adaptive_frontier,21,0,0.340625,24,32.0,4,1.0,112.17549457558437
139,adaptive_frontier,21,0,0.34270833333333334,24,32.0,4,1.0,113.45019874382652
140,adaptive_frontier,21,0,0.34456018518518516,24,32.0,4,1.0,114.40458616492222
141,adaptive_frontier,21,0,0.34594907407407405,24,32.0,4,1.0,115.15009578137281
142,adaptive_frontier,21,0,0.34780092592592593,24,31.999896958004438,4,1.0,116.28083629287396
143,adaptive_frontier,21,0,0.3489583333333333,24,32.0,4,1.0,116.68844847826442
144,adaptive_frontier,21,0,0.35011574074074076,24,31.999328256746754,4,1.0,117.64442715193408
145,adaptive_frontier,21,0,0.3508101851851852,24,32.0,4,1.0,118.18432458957048
146,adaptive_frontier,21,0,0.35173611111111114,24,31.99659614981336,4,1.0,119.0
147,adaptive_frontier,21,0,0.3525462962962963,24,31.997456395528246,4,1.0,119.0
148,adaptive_frontier,21,0,0.35300925925925924,24,31.997767713996694,4,1.0,119.0
149,adaptive_frontier,21,0,0.35300925925925924,24,32.0,4,1.0,119.0
150,adaptive_frontier,21,0,0.35335648148148147,24,31.994482165504365,4,1.0,119.0
151,adaptive_frontier,21,0,0.35381944444444446,24,31.995965954091634,4,1.0,119.0
152,adaptive_frontier,21,0,0.3540509259259259,24,31.99662236097681,4,1.0,119.0
153,adaptive_frontier,21,0,0.3540509259259259,24,31.99966855604913,4,1.0,119.0
154,adaptive_frontier,21,0,0.3540509259259259,24,32.0,4,1.0,119.0
155,adaptive_frontier,21,0,0.3540509259259259,24,32.0,4,1.0,119.0
156,adaptive_frontier,21,0,0.3540509259259259,24,31.998941992223735,4,1.0,119.0
157,adaptive_frontier,21,0,0.35497685185185185,24,31.999649990004343,4,1.0,119.0
158,adaptive_frontier,21,0,0.35532407407407407,24,31.996280007197683,4,1.0,119.0
159,adaptive_frontier,21,0,0.355787037037037,24,31.987786669467614,4,1.0,119.0
160,adaptive_frontier,21,0,0.3560185185185185,24,32.0,5,1.0,119.0
161,adaptive_frontier,21,0,0.35636574074074073,24,32.0,5,1.0,119.0
162,adaptive_frontier,21,0,0.35648148148148145,24,32.0,5,1.0,119.0
163,adaptive_frontier,21,0,0.35717592592592595,24,32.0,5,1.0,119.0
164,adaptive_frontier,21,0,0.3574074074074074,24,32.0,5,1.0,119.0
165,adaptive_frontier,21,0,0.3579861111111111,24,32.0,5,1.0,119.0
166,adaptive_frontier,21,0,0.3579861111111111,24,32.0,5,1.0,119.0
167,adaptive_frontier,21,0,0.3579861111111111,24,32.0,5,1.0,119.0
168,adaptive_frontier,21,0,0.3579861111111111,24,32.0,5,1.0,119.0
169,adaptive_frontier,21,0,0.3579861111111111,24,32.0,5,1.0,119.0
170,adaptive_frontier,21,0,0.3579861111111111,24,32.0,5,1.0,119.0
171,adaptive_frontier,21,0,0.3579861111111111,24,32.0,5,1.0,119.0
172,adaptive_frontier,21,0,0.3579861111111111,24,32.0,5,1.0,119.0
173,adaptive_frontier,21,0,0.3579861111111111,24,32.0,5,1.0,119.0
174,adaptive_frontier,21,0,0.3579861111111111,24,32.0,5,1.0,119.0
175,adaptive_frontier,21,0,0.3579861111111111,24,32.0,5,1.0,119.0
176,adaptive_frontier,21,0,0.3579861111111111,24,32.0,5,1.0,119.0
177,adaptive_frontier,21,0,0.3579861111111111,24,32.0,5,1.0,119.0
178,adaptive_frontier,21,0,0.3579861111111111,24,32.0,5,1.0,119.0
179,adaptive_frontier,21,0,0.3579861111111111,24,32.0,5,1.0,119.0
180,adaptive_frontier,21,0,0.35810185185185184,24,32.0,5,1.0,119.0
181,adaptive_frontier,21,0,0.35810185185185184,24,32.0,5,1.0,119.0
182,adaptive_frontier,21,0,0.35810185185185184,24,32.0,5,1.0,119.0
183,adaptive_frontier,21,0,0.35810185185185184,24,32.0,5,1.0,119.0
184,adaptive_frontier,21,0,0.35810185185185184,24,32.0,5,1.0,119.0
185,adaptive_frontier,21,0,0.35810185185185184,24,32.0,5,1.0,119.0
186,adaptive_frontier,21,0,0.35810185185185184,24,32.0,5,1.0,119.0
187,adaptive_frontier,21,0,0.35810185185185184,24,32.0,5,1.0,119.0
188,adaptive_frontier,21,0,0.35810185185185184,24,32.0,5,1.0,119.0
189,adaptive_frontier,21,0,0.3582175925925926,24,32.0,5,1.0,119.0
190,adaptive_frontier,21,0,0.35844907407407406,24,32.0,5,1.0,119.0
191,adaptive_frontier,21,0,0.35844907407407406,24,32.0,5,1.0,119.0
192,adaptive_frontier,21,0,0.35856481481481484,24,32.0,5,1.0,119.0
193,adaptive_frontier,21,0,0.35856481481481484,24,32.0,5,1.0,119.0
194,adaptive_frontier,21,0,0.35856481481481484,24,32.0,5,1.0,119.0
195,adaptive_frontier,21,0,0.35856481481481484,24,32.0,5,1.0,119.0
196,adaptive_frontier,21,0,0.35856481481481484,24,32.0,5,1.0,119.0
197,adaptive_frontier,21,0,0.35856481481481484,24,32.0,5,1.0,119.0
198,adaptive_frontier,21,0,0.35856481481481484,24,32.0,5,1.0,119.0
199,adaptive_frontier,21,0,0.35856481481481484,24,32.0,5,1.0,119.0
200,adaptive_frontier,21,0,0.35856481481481484,24,32.0,5,1.0,119.0
201,adaptive_frontier,21,0,0.35856481481481484,24,32.0,5,1.0,119.0
202,adaptive_frontier,21,0,0.35856481481481484,24,32.0,5,1.0,119.0
203,adaptive_frontier,21,0,0.35856481481481484,24,32.0,5,1.0,119.0
204,adaptive_frontier,21,0,0.35856481481481484,24,32.0,5,1.0,119.0
205,adaptive_frontier,21,0,0.35856481481481484,24,32.0,5,1.0,119.0
206,adaptive_frontier,21,0,0.35856481481481484,24,32.0,5,1.0,119.0
207,adaptive_frontier,21,0,0.35856481481481484,24,32.0,5,1.0,119.0
208,adaptive_frontier,21,0,0.35856481481481484,24,32.0,5,1.0,119.0
209,adaptive_frontier,21,0,0.35856481481481484,24,32.0,5,1.0,119.0
210,adaptive_frontier,21,0,0.35856481481481484,24,32.0,5,1.0,119.0
211,adaptive_frontier,21,0,0.35868055555555556,24,32.0,5,1.0,119.0
212,adaptive_frontier,21,0,0.3587962962962963,24,32.0,5,1.0,119.0
213,adaptive_frontier,21,0,0.3587962962962963,24,32.0,5,1.0,119.0
214,adaptive_frontier,21,0,0.3587962962962963,24,32.0,5,1.0,119.0
215,adaptive_frontier,21,0,0.3587962962962963,24,32.0,5,1.0,119.0
216,adaptive_frontier,21,0,0.3587962962962963,24,32.0,5,1.0,119.0
217,adaptive_frontier,21,0,0.3587962962962963,24,32.0,5,1.0,119.0
218,adaptive_frontier,21,0,0.3587962962962963,24,32.0,5,1.0,119.0
219,adaptive_frontier,21,0,0.3587962962962963,24,32.0,5,1.0,119.0
220,adaptive_frontier,21,0,0.3587962962962963,24,32.0,5,1.0,119.0
221,adaptive_frontier,21,0,0.3587962962962963,24,32.0,5,1.0,119.0
222,adaptive_frontier,21,0,0.3587962962962963,24,32.0,5,1.0,119.0
223,adaptive_frontier,21,0,0.3587962962962963,24,32.0,5,1.0,119.0
224,adaptive_frontier,21,0,0.3587962962962963,24,32.0,5,1.0,119.0
225,adaptive_frontier,21,0,0.3587962962962963,24,32.0,5,1.0,119.0
226,adaptive_frontier,21,0,0.3587962962962963,24,32.0,5,1.0,119.0
227,adaptive_frontier,21,0,0.3587962962962963,24,32.0,5,1.0,119.0
228,adaptive_frontier,21,0,0.3587962962962963,24,32.0,5,1.0,119.0
229,adaptive_frontier,21,0,0.3587962962962963,24,32.0,5,1.0,119.0
230,adaptive_frontier,21,0,0.3587962962962963,24,32.0,5,1.0,119.0
231,adaptive_frontier,21,0,0.3587962962962963,24,32.0,5,1.0,119.0
232,adaptive_frontier,21,0,0.3587962962962963,24,32.0,5,1.0,119.0
233,adaptive_frontier,21,0,0.3587962962962963,24,32.0,5,1.0,119.0
234,adaptive_frontier,21,0,0.3587962962962963,24,32.0,5,1.0,119.0
235,adaptive_frontier,21,0,0.3587962962962963,24,32.0,5,1.0,119.0
236,adaptive_frontier,21,0,0.3587962962962963,24,32.0,5,1.0,119.0
237,adaptive_frontier,21,0,0.3587962962962963,24,32.0,5,1.0,119.0
238,adaptive_frontier,21,0,0.3587962962962963,24,32.0,5,1.0,119.0
239,adaptive_frontier,21,0,0.3587962962962963,24,32.0,5,1.0,119.0
0,adaptive_frontier,42,0,0.009027777777777777,24,32.0,1,1.0,11.357305470253031
1,adaptive_frontier,42,0,0.01087962962962963,24,32.0,1,1.0,12.165962375072668
2,adaptive_frontier,42,0,0.012268518518518519,24,32.0,1,1.0,12.478388257181633
3,adaptive_frontier,42,0,0.014004629629629629,24,32.0,1,1.0,13.576947761679378
4,adaptive_frontier,42,0,0.01597222222222222,24,32.0,1,1.0,14.536723880387745
5,adaptive_frontier,42,0,0.018055555555555554,24,32.0,1,1.0,15.190843508526086
6,adaptive_frontier,42,0,0.020717592592592593,24,32.0,1,1.0,16.04161542633854
7,adaptive_frontier,42,0,0.02337962962962963,24,32.0,1,1.0,17.053758802335512
8,adaptive_frontier,42,0,0.025925925925925925,24,32.0,1,1.0,17.841877154184782
9,adaptive_frontier,42,0,0.02847222222222222,24,32.0,1,1.0,18.816085215862646
10,adaptive_frontier,42,0,0.030208333333333334,24,32.0,1,1.0,19.375883311952506
11,adaptive_frontier,42,0,0.03287037037037037,24,32.0,1,1.0,19.805377762174395
12,adaptive_frontier,42,0,0.0349537037037037,24,32.0,1,1.0,20.359055416009564
13,adaptive_frontier,42,0,0.03715277777777778,24,32.0,1,1.0,21.590564428681304
14,adaptive_frontier,42,0,0.039467592592592596,24,32.0,1,1.0,22.34060910613984
15,adaptive_frontier,42,0,0.04224537037037037,24,32.0,1,1.0,23.081694655954916
16,adaptive_frontier,42,0,0.04513888888888889,24,32.0,1,1.0,24.27033049107567
17,adaptive_frontier,42,0,0.04791666666666667,24,32.0,1,1.0,25.316350637912905
18,adaptive_frontier,42,0,0.050347222222222224,24,32.0,1,1.0,25.896477517329544
19,adaptive_frontier,42,0,0.053009259259259256,24,32.0,1,1.0,26.800198312588755
20,adaptive_frontier,42,0,0.055671296296296295,24,32.0,1,1.0,27.49684643986375
21,adaptive_frontier,42,0,0.05856481481481481,24,32.0,1,1.0,28.138305204122766
22,adaptive_frontier,42,0,0.06180555555555556,24,32.0,1,1.0,28.71041332816581
23,adaptive_frontier,42,0,0.06435185185185185,24,32.0,1,1.0,29.094655816404256
24,adaptive_frontier,42,0,0.06782407407407408,24,32.0,1,1.0,29.349450886795157
25,adaptive_frontier,42,0,0.07002314814814815,24,31.99482184092355,1,1.0,30.047048806871288
26,adaptive_frontier,42,0,0.07337962962962963,24,31.993286536854697,1,1.0,31.02533225162936
27,adaptive_frontier,42,0,0.07685185185185185,24,31.9856547449846,1,1.0,31.353372967293904
28,adaptive_frontier,42,0,0.07997685185185185,24,31.97491482214586,1,1.0,32.48401646690751
29,adaptive_frontier,42,0,0.0824074074074074,24,31.960267568211805,1,1.0,33.48313713585107
30,adaptive_frontier,42,0,0.0855324074074074,24,31.941332790149662,1,1.0,34.44484692597108
31,adaptive_frontier,42,0,0.0880787037037037,24,31.912615709508685,1,1.0,34.65573673864364
32,adaptive_frontier,42,0,0.09108796296296297,24,31.88356898296964,1,1.0,34.81592411766937
33,adaptive_frontier,42,0,0.0943287037037037,24,31.834727659932906,1,1.0,35.31759859532216
34,adaptive_frontier,42,0,0.09641203703703703,24,31.80205799886374,1,1.0,36.04029285711022
35,adaptive_frontier,42,0,0.10023148148148148,24,31.757947819287647,1,1.0,36.73251014148896
36,adaptive_frontier,42,0,0.10405092592592592,24,31.70088958316884,1,1.0,37.184430474631654
37,adaptive_frontier,42,0,0.10810185185185185,24,31.643576882877785,1,1.0,38.33611570697053
38,adaptive_frontier,42,0,0.11145833333333334,24,31.586281512954674,1,1.0,39.32812091367262
39,adaptive_frontier,42,0,0.11446759259259259,24,31.520342806091367,1,1.0,40.21886921129134
40,adaptive_frontier,42,0,0.11782407407407407,24,31.711413573008077,2,1.0,40.856040161395214
41,adaptive_frontier,42,0,0.12025462962962963,24,31.858022663072507,2,1.0,41.18544873236649
42,adaptive_frontier,42,0,0.12395833333333334,24,31.96470976532881,2,1.0,42.28267172191953
43,adaptive_frontier,42,0,0.1261574074074074,24,32.0,2,1.0,43.078452677125675
44,adaptive_frontier,42,0,0.12962962962962962,24,32.0,2,1.0,44.03362516679359
45,adaptive_frontier,42,0,0.1335648148148148,24,32.0,2,1.0,44.43381812955815
46,adaptive_frontier,42,0,0.13703703703703704,24,32.0,2,1.0,45.262898060679916
47,adaptive_frontier,42,0,0.1400462962962963,24,32.0,2,1.0,45.95031268755967
48,adaptive_frontier,42,0,0.14305555555555555,24,32.0,2,1.0,46.82768112792324
49,adaptive_frontier,42,0,0.14629629629629629,24,32.0,2,1.0,47.519278444382785
50,adaptive_frontier,42,0,0.1494212962962963,24,32.0,2,1.0,48.384613986700714
51,adaptive_frontier,42,0,0.15266203703703704,24,32.0,2,1.0,49.49541818070078
52,adaptive_frontier,42,0,0.15555555555555556,24,32.0,2,1.0,50.37707350811588
53,adaptive_frontier,42,0,0.15891203703703705,24,32.0,2,1.0,51.457210216475744
54,adaptive_frontier,42,0,0.16215277777777778,24,32.0,2,1.0,51.68681544620266
55,adaptive_frontier,42,0,0.16527777777777777,24,32.0,2,1.0,52.46275685557856
56,adaptive_frontier,42,0,0.16724537037037038,24,32.0,2,1.0,53.132924081201644
57,adaptive_frontier,42,0,0.17037037037037037,24,32.0,2,1.0,54.18483521408376
58,adaptive_frontier,42,0,0.17291666666666666,24,32.0,2,1.0,54.887040919273446
59,adaptive_frontier,42,0,0.17511574074074074,24,32.0,2,1.0,55.542420706426306
60,adaptive_frontier,42,0,0.17743055555555556,24,32.0,2,1.0,55.970426163822836
61,adaptive_frontier,42,0,0.1798611111111111,24,32.0,2,1.0,56.61969359251038
62,adaptive_frontier,42,0,0.18171296296296297,24,32.0,2,1.0,56.902203853017845
63,adaptive_frontier,42,0,0.18425925925925926,24,32.0,2,1.0,57.56832121460023
64,adaptive_frontier,42,0,0.1869212962962963,24,32.0,2,1.0,58.611735789959376
65,adaptive_frontier,42,0,0.18912037037037038,24,32.0,2,1.0,58.96043055057555
66,adaptive_frontier,42,0,0.19305555555555556,24,31.994402256519592,2,1.0,59.442123535804754
67,adaptive_frontier,42,0,0.1954861111111111,24,31.99352753495101,2,1.0,59.727178439562955
68,adaptive_frontier,42,0,0.19780092592592594,24,31.995115448871744,2,1.0,59.96373805421476
69,adaptive_frontier,42,0,0.1996527777777778,24,31.989155145678485,2,1.0,60.302641899956136
70,adaptive_frontier,42,0,0.20162037037037037,24,31.988732382387763,2,1.0,60.956450323969456
71,adaptive_frontier,42,0,0.20358796296296297,24,31.98551775137858,2,1.0,61.71046725729973
72,adaptive_frontier,42,0,0.20543981481481483,24,31.979026832761004,2,1.0,62.47317965202341
73,adaptive_frontier,42,0,0.2076388888888889,24,31.970336501241714,2,1.0,63.39742504696182
74,adaptive_frontier,42,0,0.20983796296296298,24,31.962600369231243,2,1.0,64.41634297271345
75,adaptive_frontier,42,0,0.21215277777777777,24,31.94786352532773,2,1.0,65.34794742304886
76,adaptive_frontier,42,0,0.21435185185185185,24,31.940127650243056,2,1.0,66.05382214175155
77,adaptive_frontier,42,0,0.21689814814814815,24,31.924247474647512,2,1.0,67.00773147601976
78,adaptive_frontier,42,0,0.21944444444444444,24,31.900771121316627,2,1.0,67.89120155966766
79,adaptive_frontier,42,0,0.22106481481481483,24,31.883110432927698,2,1.0,68.19707572724953
80,adaptive_frontier,42,0,0.22372685185185184,24,31.95267542866293,3,1.0,69.14821929937246
81,adaptive_frontier,42,0,0.22615740740740742,24,31.97941063844802,3,1.0,70.10661244936479
82,adaptive_frontier,42,0,0.22881944444444444,24,32.0,3,1.0,70.96318814107562
83,adaptive_frontier,42,0,0.23159722222222223,24,32.0,3,1.0,72.14323701445984
84,adaptive_frontier,42,0,0.23425925925925925,24,32.0,3,1.0,73.3474506675444
85,adaptive_frontier,42,0,0.23622685185185185,24,32.0,3,1.0,74.09868609650573
86,adaptive_frontier,42,0,0.23854166666666668,24,32.0,3,1.0,74.5195033084506
87,adaptive_frontier,42,0,0.24074074074074073,24,32.0,3,1.0,75.42998943279181
88,adaptive_frontier,42,0,0.24351851851851852,24,32.0,3,1.0,75.8703681873519
89,adaptive_frontier,42,0,0.2457175925925926,24,32.0,3,1.0,76.45076054230283
90,adaptive_frontier,42,0,0.2480324074074074,24,32.0,3,1.0,77.23548903417402
91,adaptive_frontier,42,0,0.2501157407407407,24,32.0,3,1.0,77.90735898508774
92,adaptive_frontier,42,0,0.2523148148148148,24,32.0,3,1.0,78.67850646660142
93,adaptive_frontier,42,0,0.2552083333333333,24,32.0,3,1.0,79.44798280385795
94,adaptive_frontier,42,0,0.2585648148148148,24,32.0,3,1.0,80.48601249722428
95,adaptive_frontier,42,0,0.2607638888888889,24,32.0,3,1.0,80.7538125844909
96,adaptive_frontier,42,0,0.26296296296296295,24,32.0,3,1.0,81.10292512102065
97,adaptive_frontier,42,0,0.2642361111111111,24,32.0,3,1.0,81.74060619396398
98,adaptive_frontier,42,0,0.2659722222222222,24,32.0,3,1.0,82.21993257198773
99,adaptive_frontier,42,0,0.26817129629629627,24,32.0,3,1.0,83.132414320501
100,adaptive_frontier,42,0,0.2704861111111111,24,32.0,3,1.0,84.33488056802045
101,adaptive_frontier,42,0,0.27291666666666664,24,32.0,3,1.0,85.47389342297579
102,adaptive_frontier,42,0,0.2747685185185185,24,32.0,3,1.0,85.90395313720498
103,adaptive_frontier,42,0,0.27743055555555557,24,32.0,3,1.0,86.73564954643537
104,adaptive_frontier,42,0,0.2791666666666667,24,32.0,3,1.0,87.19260292016155
105,adaptive_frontier,42,0,0.2811342592592593,24,32.0,3,1.0,87.65787965492065
106,adaptive_frontier,42,0,0.2832175925925926,24,31.999007178488046,3,1.0,88.62288406121068
107,adaptive_frontier,42,0,0.28541666666666665,24,31.994154205224245,3,1.0,89.80868670082756
108,adaptive_frontier,42,0,0.2869212962962963,24,31.991047689551156,3,1.0,90.26189402702113
109,adaptive_frontier,42,0,0.28923611111111114,24,31.9825531074499,3,1.0,91.45617983240099
110,adaptive_frontier,42,0,0.29131944444444446,24,31.977695499500783,3,1.0,91.82942735486327
111,adaptive_frontier,42,0,0.2934027777777778,24,31.972987972824892,3,1.0,92.5609225882314
112,adaptive_frontier,42,0,0.29606481481481484,24,31.972766954484673,3,1.0,93.12214906123117
113,adaptive_frontier,42,0,0.2983796296296296,24,31.960729314571307,3,1.0,94.30192086510294
114,adaptive_frontier,42,0,0.3,24,31.957077478920876,3,1.0,94.51856589570616
115,adaptive_frontier,42,0,0.3013888888888889,24,31.943433949231338,3,1.0,95.15870384059515
116,adaptive_frontier,42,0,0.30300925925925926,24,31.924660540658323,3,1.0,95.99918581897388
117,adaptive_frontier,42,0,0.30474537037037036,24,31.90599242921411,3,1.0,97.05808112509943
118,adaptive_frontier,42,0,0.30636574074074074,24,31.878963384532835,3,1.0,97.98575519791436
119,adaptive_frontier,42,0,0.30787037037037035,24,31.849825202413143,3,1.0,98.23789542651444
120,adaptive_frontier,42,0,0.30925925925925923,24,31.937736574359622,4,1.0,99.0798769497977
121,adaptive_frontier,42,0,0.3109953703703704,24,31.962248965120107,4,1.0,99.94591583009634
122,adaptive_frontier,42,0,0.3121527777777778,24,31.98667176919734,4,1.0,100.7838187411028
123,adaptive_frontier,42,0,0.31319444444444444,24,32.0,4,1.0,101.34656723401383
124,adaptive_frontier,42,0,0.31527777777777777,24,32.0,4,1.0,102.52105960267973
125,adaptive_frontier,42,0,0.3170138888888889,24,32.0,4,1.0,103.40048859437906
126,adaptive_frontier,42,0,0.31875,24,32.0,4,1.0,104.21953874152331
127,adaptive_frontier,42,0,0.32083333333333336,24,32.0,4,1.0,105.18584468110463
128,adaptive_frontier,42,0,0.32349537037037035,24,32.0,4,1.0,106.1313825286103
129,adaptive_frontier,42,0,0.32546296296296295,24,32.0,4,1.0,107.18162294127004
130,adaptive_frontier,42,0,0.3277777777777778,24,32.0,4,1.0,108.38331952767948
131,adaptive_frontier,42,0,0.3295138888888889,24,32.0,4,1.0,109.61017993202694
132,adaptive_frontier,42,0,0.3318287037037037,24,32.0,4,1.0,110.1908169698808
133,adaptive_frontier,42,0,0.33414351851851853,24,32.0,4,1.0,111.35505789984948
134,adaptive_frontier,42,0,0.3368055555555556,24,32.0,4,1.0,112.53491665357454
135,adaptive_frontier,42,0,0.3385416666666667,24,32.0,4,1.0,113.55076517934671
136,adaptive_frontier,42,0,0.34050925925925923,24,32.0,4,1.0,114.09842678251441
137,adaptive_frontier,42,0,0.3436342592592593,24,32.0,4,1.0,114.61639328046648
138,adaptive_frontier,42,0,0.34502314814814816,24,32.0,4,1.0,115.00784110825576
139,adaptive_frontier,42,0,0.346875,24,32.0,4,1.0,116.0552554968912
140,adaptive_frontier,42,0,0.3490740740740741,24,32.0,4,1.0,116.83467523565227
141,adaptive_frontier,42,0,0.3506944444444444,24,32.0,4,1.0,117.41210434246678
142,adaptive_frontier,42,0,0.3521990740740741,24,31.99949585715873,4,1.0,117.76763563144868
143,adaptive_frontier,42,0,0.35347222222222224,24,31.997971840618607,4,1.0,118.04635969726493
144,adaptive_frontier,42,0,0.35381944444444446,24,31.99992516834534,4,1.0,118.78442784527614
145,adaptive_frontier,42,0,0.3548611111111111,24,31.997444594887686,4,1.0,119.0
146,adaptive_frontier,42,0,0.35532407407407407,24,31.999390737040383,4,1.0,119.0
147,adaptive_frontier,42,0,0.355787037037037,24,31.99894136079058,4,1.0,119.0
148,adaptive_frontier,42,0,0.35671296296296295,24,31.997569308885435,4,1.0,119.0
149,adaptive_frontier,42,0,0.35717592592592595,24,31.993832151964313,4,1.0,119.0
150,adaptive_frontier,42,0,0.3577546296296296,24,31.98962701105519,4,1.0,119.0
151,adaptive_frontier,42,0,0.35810185185185184,24,31.989341978472307,4,1.0,119.0
152,adaptive_frontier,42,0,0.3587962962962963,24,31.987887460502975,4,1.0,119.0
153,adaptive_frontier,42,0,0.3590277777777778,24,31.98815520295351,4,1.0,119.0
154,adaptive_frontier,42,0,0.36006944444444444,24,31.98817218502261,4,1.0,119.0
155,adaptive_frontier,42,0,0.36064814814814816,24,31.984397347842506,4,1.0,119.0
156,adaptive_frontier,42,0,0.3612268518518518,24,31.9806686825002,4,1.0,119.0
157,adaptive_frontier,42,0,0.3613425925925926,24,31.99107646465625,4,1.0,119.0
158,adaptive_frontier,42,0,0.36157407407407405,24,31.99646871061634,4,1.0,119.0
159,adaptive_frontier,42,0,0.36157407407407405,24,31.994808342360454,4,1.0,119.0
160,adaptive_frontier,42,0,0.36157407407407405,24,32.0,5,1.0,119.0
161,adaptive_frontier,42,0,0.36157407407407405,24,32.0,5,1.0,119.0
162,adaptive_frontier,42,0,0.36157407407407405,24,32.0,5,1.0,119.0
163,adaptive_frontier,42,0,0.3616898148148148,24,32.0,5,1.0,119.0
164,adaptive_frontier,42,0,0.3616898148148148,24,32.0,5,1.0,119.0
165,adaptive_frontier,42,0,0.3616898148148148,24,32.0,5,1.0,119.0
166,adaptive_frontier,42,0,0.3616898148148148,24,32.0,5,1.0,119.0
167,adaptive_frontier,42,0,0.36192129629629627,24,32.0,5,1.0,119.0
168,adaptive_frontier,42,0,0.36192129629629627,24,32.0,5,1.0,119.0
169,adaptive_frontier,42,0,0.36192129629629627,24,32.0,5,1.0,119.0
170,adaptive_frontier,42,0,0.36192129629629627,24,32.0,5,1.0,119.0
171,adaptive_frontier,42,0,0.36192129629629627,24,32.0,5,1.0,119.0
172,adaptive_frontier,42,0,0.36203703703703705,24,32.0,5,1.0,119.0
173,adaptive_frontier,42,0,0.36203703703703705,24,32.0,5,1.0,119.0
174,adaptive_frontier,42,0,0.36203703703703705,24,32.0,5,1.0,119.0
175,adaptive_frontier,42,0,0.36203703703703705,24,32.0,5,1.0,119.0
176,adaptive_frontier,42,0,0.36203703703703705,24,32.0,5,1.0,119.0
177,adaptive_frontier,42,0,0.36203703703703705,24,32.0,5,1.0,119.0
178,adaptive_frontier,42,0,0.36203703703703705,24,32.0,5,1.0,119.0
179,adaptive_frontier,42,0,0.36203703703703705,24,32.0,5,1.0,119.0
180,adaptive_frontier,42,0,0.36226851851851855,24,32.0,5,1.0,119.0
181,adaptive_frontier,42,0,0.36226851851851855,24,32.0,5,1.0,119.0
182,adaptive_frontier,42,0,0.36226851851851855,24,32.0,5,1.0,119.0
183,adaptive_frontier,42,0,0.36226851851851855,24,32.0,5,1.0,119.0
184,adaptive_frontier,42,0,0.36226851851851855,24,32.0,5,1.0,119.0
185,adaptive_frontier,42,0,0.36226851851851855,24,32.0,5,1.0,119.0
186,adaptive_frontier,42,0,0.36226851851851855,24,32.0,5,1.0,119.0
187,adaptive_frontier,42,0,0.36226851851851855,24,32.0,5,1.0,119.0
188,adaptive_frontier,42,0,0.36226851851851855,24,32.0,5,1.0,119.0
189,adaptive_frontier,42,0,0.36226851851851855,24,32.0,5,1.0,119.0
190,adaptive_frontier,42,0,0.36226851851851855,24,32.0,5,1.0,119.0
191,adaptive_frontier,42,0,0.36226851851851855,24,32.0,5,1.0,119.0
192,adaptive_frontier,42,0,0.36226851851851855,24,32.0,5,1.0,119.0
193,adaptive_frontier,42,0,0.36226851851851855,24,32.0,5,1.0,119.0
194,adaptive_frontier,42,0,0.36226851851851855,24,32.0,5,1.0,119.0
195,adaptive_frontier,42,0,0.36226851851851855,24,32.0,5,1.0,119.0
196,adaptive_frontier,42,0,0.36226851851851855,24,32.0,5,1.0,119.0
197,adaptive_frontier,42,0,0.36226851851851855,24,32.0,5,1.0,119.0
198,adaptive_frontier,42,0,0.36226851851851855,24,32.0,5,1.0,119.0
199,adaptive_frontier,42,0,0.36226851851851855,24,32.0,5,1.0,119.0
200,adaptive_frontier,42,0,0.36226851851851855,24,32.0,5,1.0,119.0
201,adaptive_frontier,42,0,0.36226851851851855,24,32.0,5,1.0,119.0
202,adaptive_frontier,42,0,0.36226851851851855,24,32.0,5,1.0,119.0
203,adaptive_frontier,42,0,0.36226851851851855,24,32.0,5,1.0,119.0
204,adaptive_frontier,42,0,0.36226851851851855,24,32.0,5,1.0,119.0
205,adaptive_frontier,42,0,0.36226851851851855,24,32.0,5,1.0,119.0
206,adaptive_frontier,42,0,0.36226851851851855,24,32.0,5,1.0,119.0
207,adaptive_frontier,42,0,0.3625,24,32.0,5,1.0,119.0
208,adaptive_frontier,42,0,0.36261574074074077,24,32.0,5,1.0,119.0
209,adaptive_frontier,42,0,0.36261574074074077,24,32.0,5,1.0,119.0
210,adaptive_frontier,42,0,0.36261574074074077,24,32.0,5,1.0,119.0
211,adaptive_frontier,42,0,0.36261574074074077,24,32.0,5,1.0,119.0
212,adaptive_frontier,42,0,0.36261574074074077,24,32.0,5,1.0,119.0
213,adaptive_frontier,42,0,0.36261574074074077,24,32.0,5,1.0,119.0
214,adaptive_frontier,42,0,0.36261574074074077,24,32.0,5,1.0,119.0
215,adaptive_frontier,42,0,0.362962962962963,24,32.0,5,1.0,119.0
216,adaptive_frontier,42,0,0.3633101851851852,24,32.0,5,1.0,119.0
217,adaptive_frontier,42,0,0.3633101851851852,24,32.0,5,1.0,119.0
218,adaptive_frontier,42,0,0.3633101851851852,24,32.0,5,1.0,119.0
219,adaptive_frontier,42,0,0.3633101851851852,24,32.0,5,1.0,119.0
220,adaptive_frontier,42,0,0.3633101851851852,24,32.0,5,1.0,119.0
221,adaptive_frontier,42,0,0.3633101851851852,24,32.0,5,1.0,119.0
222,adaptive_frontier,42,0,0.3633101851851852,24,32.0,5,1.0,119.0
223,adaptive_frontier,42,0,0.3633101851851852,24,32.0,5,1.0,119.0
224,adaptive_frontier,42,0,0.3633101851851852,24,32.0,5,1.0,119.0
225,adaptive_frontier,42,0,0.3633101851851852,24,32.0,5,1.0,119.0
226,adaptive_frontier,42,0,0.3633101851851852,24,32.0,5,1.0,119.0
227,adaptive_frontier,42,0,0.3633101851851852,24,32.0,5,1.0,119.0
228,adaptive_frontier,42,0,0.3633101851851852,24,32.0,5,1.0,119.0
229,adaptive_frontier,42,0,0.3633101851851852,24,32.0,5,1.0,119.0
230,adaptive_frontier,42,0,0.3633101851851852,24,32.0,5,1.0,119.0
231,adaptive_frontier,42,0,0.3633101851851852,24,32.0,5,1.0,119.0
232,adaptive_frontier,42,0,0.3633101851851852,24,32.0,5,1.0,119.0
233,adaptive_frontier,42,0,0.3633101851851852,24,32.0,5,1.0,119.0
234,adaptive_frontier,42,0,0.3633101851851852,24,32.0,5,1.0,119.0
235,adaptive_frontier,42,0,0.3633101851851852,24,32.0,5,1.0,119.0
236,adaptive_frontier,42,0,0.3633101851851852,24,32.0,5,1.0,119.0
237,adaptive_frontier,42,0,0.3633101851851852,24,32.0,5,1.0,119.0
238,adaptive_frontier,42,0,0.3633101851851852,24,32.0,5,1.0,119.0
239,adaptive_frontier,42,0,0.3633101851851852,24,32.0,5,1.0,119.0
0,adaptive_frontier,84,0,0.009606481481481481,24,32.0,1,1.0,10.811964822663965
1,adaptive_frontier,84,0,0.011689814814814814,24,32.0,1,1.0,11.829109174596441
2,adaptive_frontier,84,0,0.013888888888888888,24,32.0,1,1.0,12.853049049426948
3,adaptive_frontier,84,0,0.015856481481481482,24,32.0,1,1.0,13.633391585087654
4,adaptive_frontier,84,0,0.01724537037037037,24,32.0,1,1.0,14.217108446223358
5,adaptive_frontier,84,0,0.01863425925925926,24,32.0,1,1.0,15.034178577291598
6,adaptive_frontier,84,0,0.020717592592592593,24,32.0,1,1.0,16.217388818688878
7,adaptive_frontier,84,0,0.022569444444444444,24,32.0,1,1.0,17.132138390995607
8,adaptive_frontier,84,0,0.024537037037037038,24,32.0,1,1.0,18.185076878263715
9,adaptive_frontier,84,0,0.026504629629629628,24,32.0,1,1.0,19.014661384703967
10,adaptive_frontier,84,0,0.028819444444444446,24,32.0,1,1.0,19.73744962026524
11,adaptive_frontier,84,0,0.030555555555555555,24,32.0,1,1.0,20.173483216332716
12,adaptive_frontier,84,0,0.03321759259259259,24,32.0,1,1.0,21.159014366834487
13,adaptive_frontier,84,0,0.03564814814814815,24,32.0,1,1.0,22.33507058248438
14,adaptive_frontier,84,0,0.0375,24,32.0,1,1.0,22.900382179710082
15,adaptive_frontier,84,0,0.03958333333333333,24,32.0,1,1.0,23.47839802797512
16,adaptive_frontier,84,0,0.041087962962962965,24,32.0,1,1.0,24.164425917018992
17,adaptive_frontier,84,0,0.04351851851851852,24,32.0,1,1.0,24.638720952384972
18,adaptive_frontier,84,0,0.04594907407407407,24,32.0,1,1.0,25.3846404200814
19,adaptive_frontier,84,0,0.04826388888888889,24,32.0,1,1.0,26.392309567176024
20,adaptive_frontier,84,0,0.050347222222222224,24,32.0,1,1.0,26.818839883168394
21,adaptive_frontier,84,0,0.0525462962962963,24,32.0,1,1.0,27.428035096399817
22,adaptive_frontier,84,0,0.05497685185185185,24,32.0,1,1.0,28.36577523120362
23,adaptive_frontier,84,0,0.05763888888888889,24,32.0,1,1.0,29.355504635842035
24,adaptive_frontier,84,0,0.06041666666666667,24,31.995457683041987,1,1.0,29.851158827693965
25,adaptive_frontier,84,0,0.06342592592592593,24,31.996234288110358,1,1.0,30.84078895520566
26,adaptive_frontier,84,0,0.06585648148148149,24,31.98963956349313,1,1.0,31.841003237768764
27,adaptive_frontier,84,0,0.06782407407407408,24,31.983470293521602,1,1.0,32.21549935646983
28,adaptive_frontier,84,0,0.0712962962962963,24,31.96005896758901,1,1.0,33.47524862703212
29,adaptive_frontier,84,0,0.07418981481481482,24,31.938695267214232,1,1.0,34.26847305594466
30,adaptive_frontier,84,0,0.07673611111111112,24,31.930763988529407,1,1.0,34.7968299436427
31,adaptive_frontier,84,0,0.07974537037037037,24,31.900034261763494,1,1.0,35.84122439135443
32,adaptive_frontier,84,0,0.08287037037037037,24,31.879556388363323,1,1.0,36.16274753255026
33,adaptive_frontier,84,0,0.0855324074074074,24,31.852980932511525,1,1.0,36.69149496999004
34,adaptive_frontier,84,0,0.08877314814814814,24,31.82624590050803,1,1.0,37.648555679097996
35,adaptive_frontier,84,0,0.09166666666666666,24,31.78136704035296,1,1.0,38.07433465645812
36,adaptive_frontier,84,0,0.09560185185185185,24,31.740958560679474,1,1.0,38.845790370107245
37,adaptive_frontier,84,0,0.09826388888888889,24,31.684909028838092,1,1.0,39.33067476489296
38,adaptive_frontier,84,0,0.10162037037037037,24,31.63044438735629,1,1.0,40.2431194306226
39,adaptive_frontier,84,0,0.10335648148148148,24,31.57035165795659,1,1.0,41.154738056165634
40,adaptive_frontier,84,0,0.10636574074074075,24,31.74260990850547,2,1.0,41.48524494061612
41,adaptive_frontier,84,0,0.10914351851851851,24,31.851160498870403,2,1.0,41.93377891781548
42,adaptive_frontier,84,0,0.11226851851851852,24,31.9211558102045,2,1.0,42.58754381588764
43,adaptive_frontier,84,0,0.11493055555555555,24,31.972521719601257,2,1.0,43.230983229901796
44,adaptive_frontier,84,0,0.11770833333333333,24,31.999365756238962,2,1.0,43.87637466791454
45,adaptive_frontier,84,0,0.12141203703703704,24,32.0,2,1.0,44.37047941331556
46,adaptive_frontier,84,0,0.12430555555555556,24,32.0,2,1.0,45.19258537389974
47,adaptive_frontier,84,0,0.12766203703703705,24,32.0,2,1.0,45.89183788978025
48,adaptive_frontier,84,0,0.13043981481481481,24,32.0,2,1.0,46.459653292417784
49,adaptive_frontier,84,0,0.13287037037037036,24,32.0,2,1.0,47.094989396373656
50,adaptive_frontier,84,0,0.13564814814814816,24,32.0,2,1.0,48.08404093189029
51,adaptive_frontier,84,0,0.13819444444444445,24,32.0,2,1.0,48.80137438298845
52,adaptive_frontier,84,0,0.140625,24,32.0,2,1.0,49.459078493204615
53,adaptive_frontier,84,0,0.14351851851851852,24,32.0,2,1.0,50.44831748361943
54,adaptive_frontier,84,0,0.14548611111111112,24,32.0,2,1.0,51.08014169625676
55,adaptive_frontier,84,0,0.1474537037037037,24,32.0,2,1.0,51.74300163725681
56,adaptive_frontier,84,0,0.15,24,32.0,2,1.0,52.15463941258054
57,adaptive_frontier,84,0,0.1528935185185185,24,32.0,2,1.0,52.958204319192355
58,adaptive_frontier,84,0,0.15648148148148147,24,32.0,2,1.0,53.31610937222526
59,adaptive_frontier,84,0,0.1582175925925926,24,32.0,2,1.0,53.82322004164527
60,adaptive_frontier,84,0,0.16064814814814815,24,32.0,2,1.0,54.30369350476252
61,adaptive_frontier,84,0,0.16319444444444445,24,31.998212978117863,2,1.0,54.83350543475376
62,adaptive_frontier,84,0,0.16620370370370371,24,31.995364624975746,2,1.0,55.51370343494479
63,adaptive_frontier,84,0,0.1693287037037037,24,31.992895847521513,2,1.0,56.16177255586542
64,adaptive_frontier,84,0,0.171875,24,31.99426813144574,2,1.0,56.721161772470275
65,adaptive_frontier,84,0,0.1755787037037037,24,31.990279677745615,2,1.0,57.631378828494135
66,adaptive_frontier,84,0,0.17858796296296298,24,31.988065893082048,2,1.0,58.44845656242644
67,adaptive_frontier,84,0,0.1814814814814815,24,31.985103958970353,2,1.0,58.82774019889132
68,adaptive_frontier,84,0,0.18391203703703704,24,31.989092680690266,2,1.0,59.446130680658335
69,adaptive_frontier,84,0,0.18773148148148147,24,31.982980975798583,2,1.0,60.54490684305578
70,adaptive_frontier,84,0,0.190625,24,31.9813157373675,2,1.0,61.02254540893803
71,adaptive_frontier,84,0,0.19328703703703703,24,31.977210820518508,2,1.0,61.864080504594455
72,adaptive_frontier,84,0,0.19594907407407408,24,31.968789615327733,2,1.0,62.25637384412516
73,adaptive_frontier,84,0,0.1980324074074074,24,31.9613340370378,2,1.0,62.831606238970394
74,adaptive_frontier,84,0,0.20023148148148148,24,31.95264470563282,2,1.0,63.7304820311279
75,adaptive_frontier,84,0,0.2025462962962963,24,31.93733763575408,2,1.0,63.87713091348388
76,adaptive_frontier,84,0,0.20416666666666666,24,31.925421015754164,2,1.0,64.77252597483991
77,adaptive_frontier,84,0,0.20636574074074074,24,31.90557532787246,2,1.0,65.31810416392221
78,adaptive_frontier,84,0,0.20798611111111112,24,31.884869316597403,2,1.0,66.4155785360045
79,adaptive_frontier,84,0,0.20983796296296298,24,31.85987548499025,2,1.0,67.09765116335275
80,adaptive_frontier,84,0,0.21180555555555555,24,31.933543724886864,3,1.0,67.79310523995704
81,adaptive_frontier,84,0,0.21377314814814816,24,31.954863847819894,3,1.0,68.00103171451504
82,adaptive_frontier,84,0,0.2153935185185185,24,31.971331331851115,3,1.0,68.51785785267194
83,adaptive_frontier,84,0,0.21736111111111112,24,31.9871190702691,3,1.0,69.57153582146269
84,adaptive_frontier,84,0,0.2195601851851852,24,32.0,3,1.0,70.37032016424858
85,adaptive_frontier,84,0,0.22268518518518518,24,32.0,3,1.0,71.42458101578761
86,adaptive_frontier,84,0,0.22546296296296298,24,32.0,3,1.0,72.47699775037105
87,adaptive_frontier,84,0,0.22777777777777777,24,32.0,3,1.0,73.31572617801345
88,adaptive_frontier,84,0,0.22962962962962963,24,32.0,3,1.0,73.57660068744298
89,adaptive_frontier,84,0,0.23287037037037037,24,32.0,3,1.0,74.54858885515442
90,adaptive_frontier,84,0,0.23587962962962963,24,32.0,3,1.0,75.59078712969585
91,adaptive_frontier,84,0,0.2377314814814815,24,32.0,3,1.0,76.25548040953913
92,adaptive_frontier,84,0,0.2403935185185185,24,32.0,3,1.0,77.02814310102809
93,adaptive_frontier,84,0,0.24224537037037036,24,32.0,3,1.0,77.76022065191431
94,adaptive_frontier,84,0,0.2454861111111111,24,32.0,3,1.0,78.69393800311028
95,adaptive_frontier,84,0,0.2490740740740741,24,32.0,3,1.0,79.18094903496018
96,adaptive_frontier,84,0,0.25243055555555555,24,32.0,3,1.0,80.16447782852488
97,adaptive_frontier,84,0,0.25462962962962965,24,32.0,3,1.0,81.04722120485424
98,adaptive_frontier,84,0,0.2569444444444444,24,32.0,3,1.0,81.66357623544884
99,adaptive_frontier,84,0,0.25960648148148147,24,32.0,3,1.0,82.60972488630074
100,adaptive_frontier,84,0,0.26273148148148145,24,32.0,3,1.0,83.37681816644378
101,adaptive_frontier,84,0,0.26481481481481484,24,32.0,3,1.0,84.38211479773278
102,adaptive_frontier,84,0,0.2675925925925926,24,32.0,3,1.0,85.13167363097672
103,adaptive_frontier,84,0,0.2704861111111111,24,32.0,3,1.0,86.08911484433645
104,adaptive_frontier,84,0,0.27337962962962964,24,31.99621533029047,3,1.0,86.51321204663122
105,adaptive_frontier,84,0,0.2758101851851852,24,31.999774723680982,3,1.0,86.75485640033331
106,adaptive_frontier,84,0,0.27881944444444445,24,31.995568789224354,3,1.0,87.74123580634944
107,adaptive_frontier,84,0,0.2818287037037037,24,31.986011570182473,3,1.0,88.54150609162069
108,adaptive_frontier,84,0,0.28391203703703705,24,31.989996950557543,3,1.0,89.18371166210792
109,adaptive_frontier,84,0,0.28738425925925926,24,31.980900172638297,3,1.0,90.0603681235562
110,adaptive_frontier,84,0,0.28935185185185186,24,31.973999569588155,3,1.0,91.25852491998675
111,adaptive_frontier,84,0,0.29108796296296297,24,31.96360624009084,3,1.0,92.02393468097257
112,adaptive_frontier,84,0,0.2929398148148148,24,31.947246111583855,3,1.0,92.56149135047066
113,adaptive_frontier,84,0,0.2951388888888889,24,31.93573551933314,3,1.0,93.2616280395383
114,adaptive_frontier,84,0,0.29768518518518516,24,31.912900495262814,3,1.0,94.15986058721802
115,adaptive_frontier,84,0,0.29953703703703705,24,31.891526720768315,3,1.0,95.0639788157912
116,adaptive_frontier,84,0,0.30104166666666665,24,31.866526224293665,3,1.0,95.67042565474664
117,adaptive_frontier,84,0,0.30277777777777776,24,31.834862559922794,3,1.0,96.6895085456654
118,adaptive_frontier,84,0,0.30474537037037036,24,31.797222063409706,3,1.0,97.05696177311421
119,adaptive_frontier,84,0,0.30636574074074074,24,31.759063357472893,3,1.0,97.663574405252
120,adaptive_frontier,84,0,0.30810185185185185,24,31.882703534516924,4,1.0,98.2228155712444
121,adaptive_frontier,84,0,0.3101851851851852,24,31.939521648882305,4,1.0,98.92699945877112
122,adaptive_frontier,84,0,0.3128472222222222,24,31.983146549617246,4,1.0,99.53842276141135
123,adaptive_frontier,84,0,0.3159722222222222,24,32.0,4,1.0,100.50929766512309
124,adaptive_frontier,84,0,0.31840277777777776,24,32.0,4,1.0,101.50144406062927
125,adaptive_frontier,84,0,0.3210648148148148,24,32.0,4,1.0,102.1405431495154
126,adaptive_frontier,84,0,0.32314814814814813,24,32.0,4,1.0,102.87033931137613
127,adaptive_frontier,84,0,0.32523148148148145,24,32.0,4,1.0,103.44203340610692
128,adaptive_frontier,84,0,0.328125,24,32.0,4,1.0,104.02470095607144
129,adaptive_frontier,84,0,0.33032407407407405,24,32.0,4,1.0,105.17769602358925
130,adaptive_frontier,84,0,0.33252314814814815,24,32.0,4,1.0,106.03741393463473
131,adaptive_frontier,84,0,0.3351851851851852,24,32.0,4,1.0,106.5654614471289
132,adaptive_frontier,84,0,0.33738425925925924,24,32.0,4,1.0,107.67376776686798
133,adaptive_frontier,84,0,0.3403935185185185,24,32.0,4,1.0,108.48242432059047
134,adaptive_frontier,84,0,0.3416666666666667,24,32.0,4,1.0,109.22184010656993
135,adaptive_frontier,84,0,0.3440972222222222,24,32.0,4,1.0,109.85249377473149
136,adaptive_frontier,84,0,0.34618055555555555,24,32.0,4,1.0,111.00731196966184
137,adaptive_frontier,84,0,0.3482638888888889,24,32.0,4,1.0,111.46787955160376
138,adaptive_frontier,84,0,0.34976851851851853,24,32.0,4,1.0,112.2488542325823
139,adaptive_frontier,84,0,0.35162037037037036,24,32.0,4,1.0,112.96234422481224
140,adaptive_frontier,84,0,0.3542824074074074,24,32.0,4,1.0,113.75846129323146
141,adaptive_frontier,84,0,0.3574074074074074,24,32.0,4,1.0,114.87591927042958
142,adaptive_frontier,84,0,0.3591435185185185,24,32.0,4,1.0,115.49116906317462
143,adaptive_frontier,84,0,0.36041666666666666,24,32.0,4,1.0,116.15445061638698
144,adaptive_frontier,84,0,0.3625,24,32.0,4,1.0,117.03918593525331
145,adaptive_frontier,84,0,0.36365740740740743,24,32.0,4,1.0,117.75792736268583
146,adaptive_frontier,84,0,0.3642361111111111,24,31.998424935875494,4,1.0,118.58789238116358
147,adaptive_frontier,84,0,0.3648148148148148,24,31.99767519343776,4,1.0,119.0
148,adaptive_frontier,84,0,0.365625,24,31.999316846844664,4,1.0,119.0
149,adaptive_frontier,84,0,0.3662037037037037,24,32.0,4,1.0,119.0
150,adaptive_frontier,84,0,0.36701388888888886,24,32.0,4,1.0,119.0
151,adaptive_frontier,84,0,0.368287037037037,24,32.0,4,1.0,119.0
152,adaptive_frontier,84,0,0.36863425925925924,24,32.0,4,1.0,119.0
153,adaptive_frontier,84,0,0.36898148148148147,24,32.0,4,1.0,119.0
154,adaptive_frontier,84,0,0.36898148148148147,24,32.0,4,1.0,119.0
155,adaptive_frontier,84,0,0.36909722222222224,24,32.0,4,1.0,119.0
156,adaptive_frontier,84,0,0.36909722222222224,24,32.0,4,1.0,119.0
157,adaptive_frontier,84,0,0.36909722222222224,24,32.0,4,1.0,119.0
158,adaptive_frontier,84,0,0.36909722222222224,24,32.0,4,1.0,119.0
159,adaptive_frontier,84,0,0.36909722222222224,24,32.0,4,1.0,119.0
160,adaptive_frontier,84,0,0.36909722222222224,24,32.0,5,1.0,119.0
161,adaptive_frontier,84,0,0.36909722222222224,24,32.0,5,1.0,119.0
162,adaptive_frontier,84,0,0.36909722222222224,24,32.0,5,1.0,119.0
163,adaptive_frontier,84,0,0.36909722222222224,24,32.0,5,1.0,119.0
164,adaptive_frontier,84,0,0.3695601851851852,24,32.0,5,1.0,119.0
165,adaptive_frontier,84,0,0.3695601851851852,24,32.0,5,1.0,119.0
166,adaptive_frontier,84,0,0.3695601851851852,24,32.0,5,1.0,119.0
167,adaptive_frontier,84,0,0.3695601851851852,24,32.0,5,1.0,119.0
168,adaptive_frontier,84,0,0.3695601851851852,24,32.0,5,1.0,119.0
169,adaptive_frontier,84,0,0.3695601851851852,24,32.0,5,1.0,119.0
170,adaptive_frontier,84,0,0.3696759259259259,24,32.0,5,1.0,119.0
171,adaptive_frontier,84,0,0.3697916666666667,24,32.0,5,1.0,119.0
172,adaptive_frontier,84,0,0.3701388888888889,24,32.0,5,1.0,119.0
173,adaptive_frontier,84,0,0.3701388888888889,24,32.0,5,1.0,119.0
174,adaptive_frontier,84,0,0.3701388888888889,24,32.0,5,1.0,119.0
175,adaptive_frontier,84,0,0.3701388888888889,24,32.0,5,1.0,119.0
176,adaptive_frontier,84,0,0.3701388888888889,24,32.0,5,1.0,119.0
177,adaptive_frontier,84,0,0.3701388888888889,24,32.0,5,1.0,119.0
178,adaptive_frontier,84,0,0.3701388888888889,24,32.0,5,1.0,119.0
179,adaptive_frontier,84,0,0.3701388888888889,24,32.0,5,1.0,119.0
180,adaptive_frontier,84,0,0.3701388888888889,24,32.0,5,1.0,119.0
181,adaptive_frontier,84,0,0.3701388888888889,24,32.0,5,1.0,119.0
182,adaptive_frontier,84,0,0.3701388888888889,24,32.0,5,1.0,119.0
183,adaptive_frontier,84,0,0.3701388888888889,24,32.0,5,1.0,119.0
184,adaptive_frontier,84,0,0.3701388888888889,24,32.0,5,1.0,119.0
185,adaptive_frontier,84,0,0.37025462962962963,24,32.0,5,1.0,119.0
186,adaptive_frontier,84,0,0.37025462962962963,24,32.0,5,1.0,119.0
187,adaptive_frontier,84,0,0.37060185185185185,24,32.0,5,1.0,119.0
188,adaptive_frontier,84,0,0.37060185185185185,24,32.0,5,1.0,119.0
189,adaptive_frontier,84,0,0.37060185185185185,24,32.0,5,1.0,119.0
190,adaptive_frontier,84,0,0.37060185185185185,24,32.0,5,1.0,119.0
191,adaptive_frontier,84,0,0.37060185185185185,24,32.0,5,1.0,119.0
192,adaptive_frontier,84,0,0.37060185185185185,24,32.0,5,1.0,119.0
193,adaptive_frontier,84,0,0.37060185185185185,24,32.0,5,1.0,119.0
194,adaptive_frontier,84,0,0.37060185185185185,24,32.0,5,1.0,119.0
195,adaptive_frontier,84,0,0.37060185185185185,24,32.0,5,1.0,119.0
196,adaptive_frontier,84,0,0.37060185185185185,24,32.0,5,1.0,119.0
197,adaptive_frontier,84,0,0.37060185185185185,24,32.0,5,1.0,119.0
198,adaptive_frontier,84,0,0.37060185185185185,24,32.0,5,1.0,119.0
199,adaptive_frontier,84,0,0.37060185185185185,24,32.0,5,1.0,119.0
200,adaptive_frontier,84,0,0.37060185185185185,24,32.0,5,1.0,119.0
201,adaptive_frontier,84,0,0.37060185185185185,24,32.0,5,1.0,119.0
202,adaptive_frontier,84,0,0.37060185185185185,24,32.0,5,1.0,119.0
203,adaptive_frontier,84,0,0.37060185185185185,24,32.0,5,1.0,119.0
204,adaptive_frontier,84,0,0.37060185185185185,24,32.0,5,1.0,119.0
205,adaptive_frontier,84,0,0.37060185185185185,24,32.0,5,1.0,119.0
206,adaptive_frontier,84,0,0.37060185185185185,24,32.0,5,1.0,119.0
207,adaptive_frontier,84,0,0.37060185185185185,24,32.0,5,1.0,119.0
208,adaptive_frontier,84,0,0.37060185185185185,24,32.0,5,1.0,119.0
209,adaptive_frontier,84,0,0.37060185185185185,24,32.0,5,1.0,119.0
210,adaptive_frontier,84,0,0.37060185185185185,24,32.0,5,1.0,119.0
211,adaptive_frontier,84,0,0.37060185185185185,24,32.0,5,1.0,119.0
212,adaptive_frontier,84,0,0.37060185185185185,24,32.0,5,1.0,119.0
213,adaptive_frontier,84,0,0.37060185185185185,24,32.0,5,1.0,119.0
214,adaptive_frontier,84,0,0.37060185185185185,24,32.0,5,1.0,119.0
215,adaptive_frontier,84,0,0.37060185185185185,24,32.0,5,1.0,119.0
216,adaptive_frontier,84,0,0.37060185185185185,24,32.0,5,1.0,119.0
217,adaptive_frontier,84,0,0.37060185185185185,24,32.0,5,1.0,119.0
218,adaptive_frontier,84,0,0.37060185185185185,24,32.0,5,1.0,119.0
219,adaptive_frontier,84,0,0.37060185185185185,24,32.0,5,1.0,119.0
220,adaptive_frontier,84,0,0.37060185185185185,24,32.0,5,1.0,119.0
221,adaptive_frontier,84,0,0.37060185185185185,24,32.0,5,1.0,119.0
222,adaptive_frontier,84,0,0.37060185185185185,24,32.0,5,1.0,119.0
223,adaptive_frontier,84,0,0.37060185185185185,24,32.0,5,1.0,119.0
224,adaptive_frontier,84,0,0.37060185185185185,24,32.0,5,1.0,119.0
225,adaptive_frontier,84,0,0.37060185185185185,24,32.0,5,1.0,119.0
226,adaptive_frontier,84,0,0.37060185185185185,24,32.0,5,1.0,119.0
227,adaptive_frontier,84,0,0.37060185185185185,24,32.0,5,1.0,119.0
228,adaptive_frontier,84,0,0.37060185185185185,24,32.0,5,1.0,119.0
229,adaptive_frontier,84,0,0.37060185185185185,24,32.0,5,1.0,119.0
230,adaptive_frontier,84,0,0.37060185185185185,24,32.0,5,1.0,119.0
231,adaptive_frontier,84,0,0.37060185185185185,24,32.0,5,1.0,119.0
232,adaptive_frontier,84,0,0.37060185185185185,24,32.0,5,1.0,119.0
233,adaptive_frontier,84,0,0.37060185185185185,24,32.0,5,1.0,119.0
234,adaptive_frontier,84,0,0.37060185185185185,24,32.0,5,1.0,119.0
235,adaptive_frontier,84,0,0.37060185185185185,24,32.0,5,1.0,119.0
236,adaptive_frontier,84,0,0.37060185185185185,24,32.0,5,1.0,119.0
237,adaptive_frontier,84,0,0.37060185185185185,24,32.0,5,1.0,119.0
238,adaptive_frontier,84,0,0.37060185185185185,24,32.0,5,1.0,119.0
239,adaptive_frontier,84,0,0.37060185185185185,24,32.0,5,1.0,119.0
0,adaptive_frontier,101,0,0.009953703703703704,24,32.0,1,1.0,10.5131776610953
1,adaptive_frontier,101,0,0.011458333333333333,24,32.0,1,1.0,11.498793293854325
2,adaptive_frontier,101,0,0.012615740740740742,24,32.0,1,1.0,12.403499246762419
3,adaptive_frontier,101,0,0.014467592592592593,24,32.0,1,1.0,13.48396571654715
4,adaptive_frontier,101,0,0.016203703703703703,24,32.0,1,1.0,14.505236924226905
5,adaptive_frontier,101,0,0.017939814814814815,24,32.0,1,1.0,15.302712290694005
6,adaptive_frontier,101,0,0.019444444444444445,24,32.0,1,1.0,16.30143952764694
7,adaptive_frontier,101,0,0.021180555555555557,24,32.0,1,1.0,17.32417907542062
8,adaptive_frontier,101,0,0.023148148148148147,24,32.0,1,1.0,18.192024615115194
9,adaptive_frontier,101,0,0.025,24,32.0,1,1.0,19.305775231246788
10,adaptive_frontier,101,0,0.026504629629629628,24,32.0,1,1.0,19.75362939097775
11,adaptive_frontier,101,0,0.029050925925925924,24,32.0,1,1.0,20.619347541402885
12,adaptive_frontier,101,0,0.03125,24,32.0,1,1.0,21.386306202759762
13,adaptive_frontier,101,0,0.033449074074074076,24,32.0,1,1.0,21.612113578185014
14,adaptive_frontier,101,0,0.03518518518518519,24,32.0,1,1.0,22.41103941974267
15,adaptive_frontier,101,0,0.037384259259259256,24,32.0,1,1.0,23.1703564863331
16,adaptive_frontier,101,0,0.04027777777777778,24,32.0,1,1.0,24.088743901693036
17,adaptive_frontier,101,0,0.04282407407407408,24,32.0,1,1.0,24.931267658250043
18,adaptive_frontier,101,0,0.04525462962962963,24,32.0,1,1.0,25.259845532138815
19,adaptive_frontier,101,0,0.04849537037037037,24,32.0,1,1.0,26.320805518540684
20,adaptive_frontier,101,0,0.050347222222222224,24,32.0,1,1.0,26.51762639459491
21,adaptive_frontier,101,0,0.0525462962962963,24,32.0,1,1.0,27.153598786218097
22,adaptive_frontier,101,0,0.05451388888888889,24,32.0,1,1.0,28.249458343581093
23,adaptive_frontier,101,0,0.056712962962962965,24,32.0,1,1.0,28.424566866770782
24,adaptive_frontier,101,0,0.05925925925925926,24,32.0,1,1.0,29.295430000672436
25,adaptive_frontier,101,0,0.06296296296296296,24,31.999337739642325,1,1.0,29.784262048690216
26,adaptive_frontier,101,0,0.06550925925925925,24,32.0,1,1.0,30.38676333001842
27,adaptive_frontier,101,0,0.06782407407407408,24,31.999819835466635,1,1.0,30.704768727868974
28,adaptive_frontier,101,0,0.07048611111111111,24,31.99670432187475,1,1.0,30.882306268666042
29,adaptive_frontier,101,0,0.07361111111111111,24,31.989032013614036,1,1.0,31.2892285086834
30,adaptive_frontier,101,0,0.07708333333333334,24,31.97598025604077,1,1.0,31.76983844010403
31,adaptive_frontier,101,0,0.07893518518518519,24,31.966884261782536,1,1.0,32.468335493942554
32,adaptive_frontier,101,0,0.08136574074074074,24,31.950389432428096,1,1.0,33.05085124928906
33,adaptive_frontier,101,0,0.084375,24,31.928444370640467,1,1.0,33.518258600229366
34,adaptive_frontier,101,0,0.08784722222222222,24,31.900299841398077,1,1.0,34.403476774170656
35,adaptive_frontier,101,0,0.09027777777777778,24,31.863177876575946,1,1.0,35.11867687761359
36,adaptive_frontier,101,0,0.0931712962962963,24,31.822442382871326,1,1.0,35.937340669513475
37,adaptive_frontier,101,0,0.09606481481481481,24,31.780597431374815,1,1.0,36.56741320846534
38,adaptive_frontier,101,0,0.09849537037037037,24,31.73512253417839,1,1.0,37.16375361157394
39,adaptive_frontier,101,0,0.10162037037037037,24,31.669954439033813,1,1.0,38.24535625022018
40,adaptive_frontier,101,0,0.10405092592592592,24,31.847420451322524,2,1.0,38.72070597325083
41,adaptive_frontier,101,0,0.10636574074074075,24,31.939146025037246,2,1.0,39.33838872764746
42,adaptive_frontier,101,0,0.10983796296296296,24,31.998132824681893,2,1.0,40.17682890845909
43,adaptive_frontier,101,0,0.11319444444444444,24,32.0,2,1.0,40.703921729855345
44,adaptive_frontier,101,0,0.11643518518518518,24,32.0,2,1.0,41.61481631999142
45,adaptive_frontier,101,0,0.11944444444444445,24,32.0,2,1.0,42.434856149527235
46,adaptive_frontier,101,0,0.12268518518518519,24,32.0,2,1.0,42.73467391572427
47,adaptive_frontier,101,0,0.12546296296296297,24,32.0,2,1.0,43.20397894013963
48,adaptive_frontier,101,0,0.12858796296296296,24,32.0,2,1.0,44.04544687101065
49,adaptive_frontier,101,0,0.1310185185185185,24,32.0,2,1.0,44.71770128841357
50,adaptive_frontier,101,0,0.1346064814814815,24,32.0,2,1.0,45.2313076028476
51,adaptive_frontier,101,0,0.13773148148148148,24,32.0,2,1.0,45.7522192153758
52,adaptive_frontier,101,0,0.14050925925925925,24,32.0,2,1.0,46.27716549244687
53,adaptive_frontier,101,0,0.1439814814814815,24,32.0,2,1.0,47.085289374926575
54,adaptive_frontier,101,0,0.14722222222222223,24,32.0,2,1.0,47.747796905833034
55,adaptive_frontier,101,0,0.1502314814814815,24,32.0,2,1.0,48.2009224640577
56,adaptive_frontier,101,0,0.15393518518518517,24,32.0,2,1.0,49.398994354013155
57,adaptive_frontier,101,0,0.15763888888888888,24,32.0,2,1.0,50.13520871288684
58,adaptive_frontier,101,0,0.16087962962962962,24,32.0,2,1.0,51.33671783754311
59,adaptive_frontier,101,0,0.16435185185185186,24,32.0,2,1.0,51.70392146349712
60,adaptive_frontier,101,0,0.16747685185185185,24,32.0,2,1.0,52.894910362217935
61,adaptive_frontier,101,0,0.17002314814814815,24,32.0,2,1.0,53.170968022047774
62,adaptive_frontier,101,0,0.17337962962962963,24,31.998869939613755,2,1.0,54.045957603602155
63,adaptive_frontier,101,0,0.17650462962962962,24,31.992012685924873,2,1.0,54.550217827709425
64,adaptive_frontier,101,0,0.17916666666666667,24,31.988292942669336,2,1.0,55.64472495460027
65,adaptive_frontier,101,0,0.18171296296296297,24,31.984500774802,2,1.0,56.62649076523935
66,adaptive_frontier,101,0,0.18449074074074073,24,31.986439974994113,2,1.0,57.275112197179126
67,adaptive_frontier,101,0,0.18773148148148147,24,31.97642047733332,2,1.0,58.21512762617082
68,adaptive_frontier,101,0,0.19108796296296296,24,31.97002128880187,2,1.0,59.18625941051243
69,adaptive_frontier,101,0,0.19363425925925926,24,31.965303118050837,2,1.0,60.004479511778875
70,adaptive_frontier,101,0,0.19675925925925927,24,31.952014712320004,2,1.0,60.32029711603426
71,adaptive_frontier,101,0,0.19930555555555557,24,31.94684737394049,2,1.0,61.439190237649996
72,adaptive_frontier,101,0,0.20243055555555556,24,31.93296312061788,2,1.0,61.62642372784629
73,adaptive_frontier,101,0,0.20451388888888888,24,31.91758040044948,2,1.0,61.92030089015731
74,adaptive_frontier,101,0,0.2064814814814815,24,31.901121339827572,2,1.0,63.062235453774946
75,adaptive_frontier,101,0,0.20925925925925926,24,31.88160796938348,2,1.0,63.705821793369736
76,adaptive_frontier,101,0,0.21145833333333333,24,31.850354668012205,2,1.0,64.39936360069353
77,adaptive_frontier,101,0,0.21331018518518519,24,31.825370997663,2,1.0,64.95976361661697
78,adaptive_frontier,101,0,0.21574074074074073,24,31.798358804288416,2,1.0,65.80387761596741
79,adaptive_frontier,101,0,0.21724537037037037,24,31.755379366194912,2,1.0,66.29161098573307
80,adaptive_frontier,101,0,0.21979166666666666,24,31.89749027211089,3,1.0,67.53985136269772
81,adaptive_frontier,101,0,0.22199074074074074,24,31.946638740372837,3,1.0,68.2508930056602
82,adaptive_frontier,101,0,0.22372685185185184,24,31.97842721508128,3,1.0,68.86128385664358
83,adaptive_frontier,101,0,0.22650462962962964,24,32.0,3,1.0,69.80008655520628
84,adaptive_frontier,101,0,0.22916666666666666,24,32.0,3,1.0,70.54309134296297
85,adaptive_frontier,101,0,0.23078703703703704,24,32.0,3,1.0,71.25461896714451
86,adaptive_frontier,101,0,0.2326388888888889,24,32.0,3,1.0,72.09009026848896
87,adaptive_frontier,101,0,0.23506944444444444,24,32.0,3,1.0,72.73322531017335
88,adaptive_frontier,101,0,0.23715277777777777,24,32.0,3,1.0,73.61722181750234
89,adaptive_frontier,101,0,0.2386574074074074,24,32.0,3,1.0,74.13778035421936
90,adaptive_frontier,101,0,0.24097222222222223,24,32.0,3,1.0,75.02302515279288
91,adaptive_frontier,101,0,0.24247685185185186,24,32.0,3,1.0,75.74615406653132
92,adaptive_frontier,101,0,0.24467592592592594,24,32.0,3,1.0,76.78756557712896
93,adaptive_frontier,101,0,0.24641203703703704,24,32.0,3,1.0,77.47901381664896
94,adaptive_frontier,101,0,0.24791666666666667,24,32.0,3,1.0,77.99653556296794
95,adaptive_frontier,101,0,0.2502314814814815,24,32.0,3,1.0,78.63846422124494
96,adaptive_frontier,101,0,0.25266203703703705,24,32.0,3,1.0,79.13378354701618
97,adaptive_frontier,101,0,0.25462962962962965,24,32.0,3,1.0,80.35821301932737
98,adaptive_frontier,101,0,0.2568287037037037,24,32.0,3,1.0,80.88929337139896
99,adaptive_frontier,101,0,0.259375,24,32.0,3,1.0,81.76438357206742
100,adaptive_frontier,101,0,0.2616898148148148,24,32.0,3,1.0,82.63384275621499
101,adaptive_frontier,101,0,0.2641203703703704,24,32.0,3,1.0,83.370849188217
102,adaptive_frontier,101,0,0.2662037037037037,24,32.0,3,1.0,84.30588199421452
103,adaptive_frontier,101,0,0.26782407407407405,24,32.0,3,1.0,85.25133396190394
104,adaptive_frontier,101,0,0.27025462962962965,24,32.0,3,1.0,86.24929601782551
105,adaptive_frontier,101,0,0.27337962962962964,24,31.999876493131485,3,1.0,87.24794205067174
106,adaptive_frontier,101,0,0.27511574074074074,24,32.0,3,1.0,87.9935479929152
107,adaptive_frontier,101,0,0.2773148148148148,24,31.998368299396734,3,1.0,88.40498121003031
108,adaptive_frontier,101,0,0.2793981481481482,24,31.995275232720918,3,1.0,89.38133256681365
109,adaptive_frontier,101,0,0.28125,24,31.996699633366106,3,1.0,89.99397106964743
110,adaptive_frontier,101,0,0.2832175925925926,24,31.9917425802228,3,1.0,90.73696311001257
111,adaptive_frontier,101,0,0.28530092592592593,24,31.986056360706375,3,1.0,91.74553043665348
112,adaptive_frontier,101,0,0.28680555555555554,24,31.975409908697895,3,1.0,92.83260081749509
113,adaptive_frontier,101,0,0.28935185185185186,24,31.95250169638668,3,1.0,93.20893556937926
114,adaptive_frontier,101,0,0.2912037037037037,24,31.932931019668587,3,1.0,94.25501122274157
115,adaptive_frontier,101,0,0.29305555555555557,24,31.913437839985615,3,1.0,95.01521173222723
116,adaptive_frontier,101,0,0.29594907407407406,24,31.886355319950457,3,1.0,95.62898798633697
117,adaptive_frontier,101,0,0.29791666666666666,24,31.865360006564686,3,1.0,96.2728721300377
118,adaptive_frontier,101,0,0.29976851851851855,24,31.828363656998732,3,1.0,97.10897705667462
119,adaptive_frontier,101,0,0.3019675925925926,24,31.792504953814646,3,1.0,98.28551299956187
120,adaptive_frontier,101,0,0.3033564814814815,24,31.937623076503105,4,1.0,99.01754859671573
121,adaptive_frontier,101,0,0.30486111111111114,24,31.98339255128377,4,1.0,99.77812632956613
122,adaptive_frontier,101,0,0.30625,24,32.0,4,1.0,100.79967402076049
123,adaptive_frontier,101,0,0.3079861111111111,24,32.0,4,1.0,101.58495690784804
124,adaptive_frontier,101,0,0.30960648148148145,24,32.0,4,1.0,102.19221286114416
125,adaptive_frontier,101,0,0.3121527777777778,24,32.0,4,1.0,103.27393252141158
126,adaptive_frontier,101,0,0.3140046296296296,24,32.0,4,1.0,104.19153869116654
127,adaptive_frontier,101,0,0.3158564814814815,24,32.0,4,1.0,104.84296871603271
128,adaptive_frontier,101,0,0.31747685185185187,24,32.0,4,1.0,105.82164121687909
129,adaptive_frontier,101,0,0.3193287037037037,24,32.0,4,1.0,106.75991089677187
130,adaptive_frontier,101,0,0.3211805555555556,24,32.0,4,1.0,107.55638232990168
131,adaptive_frontier,101,0,0.32337962962962963,24,32.0,4,1.0,108.56735358402454
132,adaptive_frontier,101,0,0.325,24,32.0,4,1.0,108.82698156510985
133,adaptive_frontier,101,0,0.3266203703703704,24,32.0,4,1.0,109.41894625445383
134,adaptive_frontier,101,0,0.3282407407407407,24,32.0,4,1.0,110.31512698793671
135,adaptive_frontier,101,0,0.3300925925925926,24,32.0,4,1.0,111.16262272087108
136,adaptive_frontier,101,0,0.331712962962963,24,32.0,4,1.0,111.85939652422944
137,adaptive_frontier,101,0,0.3333333333333333,24,32.0,4,1.0,112.46958578215906
138,adaptive_frontier,101,0,0.3349537037037037,24,32.0,4,1.0,113.28157631115373
139,adaptive_frontier,101,0,0.3372685185185185,24,32.0,4,1.0,114.4203588704905
140,adaptive_frontier,101,0,0.33819444444444446,24,32.0,4,1.0,115.22334905149349
141,adaptive_frontier,101,0,0.33946759259259257,24,32.0,4,1.0,116.04601253974853
142,adaptive_frontier,101,0,0.34155092592592595,24,32.0,4,1.0,116.61869116680768
143,adaptive_frontier,101,0,0.34270833333333334,24,31.999736114867115,4,1.0,117.73626727533784
144,adaptive_frontier,101,0,0.34421296296296294,24,32.0,4,1.0,117.97368052029888
145,adaptive_frontier,101,0,0.3451388888888889,24,32.0,4,1.0,118.75708136956233
146,adaptive_frontier,101,0,0.3457175925925926,24,32.0,4,1.0,119.0
147,adaptive_frontier,101,0,0.34629629629629627,24,32.0,4,1.0,119.0
148,adaptive_frontier,101,0,0.34699074074074077,24,32.0,4,1.0,119.0
149,adaptive_frontier,101,0,0.34814814814814815,24,32.0,4,1.0,119.0
150,adaptive_frontier,101,0,0.34872685185185187,24,32.0,4,1.0,119.0
151,adaptive_frontier,101,0,0.34965277777777776,24,32.0,4,1.0,119.0
152,adaptive_frontier,101,0,0.3505787037037037,24,32.0,4,1.0,119.0
153,adaptive_frontier,101,0,0.3511574074074074,24,32.0,4,1.0,119.0
154,adaptive_frontier,101,0,0.35173611111111114,24,31.99995115726898,4,1.0,119.0
155,adaptive_frontier,101,0,0.3519675925925926,24,32.0,4,1.0,119.0
156,adaptive_frontier,101,0,0.35208333333333336,24,32.0,4,1.0,119.0
157,adaptive_frontier,101,0,0.35208333333333336,24,32.0,4,1.0,119.0
158,adaptive_frontier,101,0,0.35208333333333336,24,32.0,4,1.0,119.0
159,adaptive_frontier,101,0,0.35208333333333336,24,32.0,4,1.0,119.0
160,adaptive_frontier,101,0,0.35208333333333336,24,32.0,5,1.0,119.0
161,adaptive_frontier,101,0,0.35208333333333336,24,32.0,5,1.0,119.0
162,adaptive_frontier,101,0,0.35208333333333336,24,32.0,5,1.0,119.0
163,adaptive_frontier,101,0,0.35208333333333336,24,32.0,5,1.0,119.0
164,adaptive_frontier,101,0,0.35208333333333336,24,32.0,5,1.0,119.0
165,adaptive_frontier,101,0,0.35208333333333336,24,32.0,5,1.0,119.0
166,adaptive_frontier,101,0,0.35208333333333336,24,32.0,5,1.0,119.0
167,adaptive_frontier,101,0,0.35208333333333336,24,32.0,5,1.0,119.0
168,adaptive_frontier,101,0,0.35208333333333336,24,32.0,5,1.0,119.0
169,adaptive_frontier,101,0,0.35208333333333336,24,32.0,5,1.0,119.0
170,adaptive_frontier,101,0,0.35208333333333336,24,32.0,5,1.0,119.0
171,adaptive_frontier,101,0,0.35208333333333336,24,32.0,5,1.0,119.0
172,adaptive_frontier,101,0,0.35208333333333336,24,32.0,5,1.0,119.0
173,adaptive_frontier,101,0,0.35208333333333336,24,32.0,5,1.0,119.0
174,adaptive_frontier,101,0,0.35208333333333336,24,32.0,5,1.0,119.0
175,adaptive_frontier,101,0,0.35208333333333336,24,32.0,5,1.0,119.0
176,adaptive_frontier,101,0,0.35208333333333336,24,32.0,5,1.0,119.0
177,adaptive_frontier,101,0,0.35208333333333336,24,32.0,5,1.0,119.0
178,adaptive_frontier,101,0,0.35208333333333336,24,32.0,5,1.0,119.0
179,adaptive_frontier,101,0,0.35208333333333336,24,32.0,5,1.0,119.0
180,adaptive_frontier,101,0,0.35208333333333336,24,32.0,5,1.0,119.0
181,adaptive_frontier,101,0,0.3523148148148148,24,32.0,5,1.0,119.0
182,adaptive_frontier,101,0,0.3523148148148148,24,32.0,5,1.0,119.0
183,adaptive_frontier,101,0,0.3523148148148148,24,32.0,5,1.0,119.0
184,adaptive_frontier,101,0,0.3523148148148148,24,32.0,5,1.0,119.0
185,adaptive_frontier,101,0,0.3523148148148148,24,32.0,5,1.0,119.0
186,adaptive_frontier,101,0,0.3523148148148148,24,32.0,5,1.0,119.0
187,adaptive_frontier,101,0,0.3523148148148148,24,32.0,5,1.0,119.0
188,adaptive_frontier,101,0,0.3523148148148148,24,32.0,5,1.0,119.0
189,adaptive_frontier,101,0,0.3523148148148148,24,32.0,5,1.0,119.0
190,adaptive_frontier,101,0,0.3523148148148148,24,32.0,5,1.0,119.0
191,adaptive_frontier,101,0,0.3523148148148148,24,32.0,5,1.0,119.0
192,adaptive_frontier,101,0,0.3523148148148148,24,32.0,5,1.0,119.0
193,adaptive_frontier,101,0,0.3523148148148148,24,32.0,5,1.0,119.0
194,adaptive_frontier,101,0,0.3523148148148148,24,32.0,5,1.0,119.0
195,adaptive_frontier,101,0,0.3523148148148148,24,32.0,5,1.0,119.0
196,adaptive_frontier,101,0,0.3523148148148148,24,32.0,5,1.0,119.0
197,adaptive_frontier,101,0,0.3523148148148148,24,32.0,5,1.0,119.0
198,adaptive_frontier,101,0,0.3523148148148148,24,32.0,5,1.0,119.0
199,adaptive_frontier,101,0,0.3523148148148148,24,32.0,5,1.0,119.0
200,adaptive_frontier,101,0,0.3523148148148148,24,32.0,5,1.0,119.0
201,adaptive_frontier,101,0,0.3523148148148148,24,32.0,5,1.0,119.0
202,adaptive_frontier,101,0,0.3523148148148148,24,32.0,5,1.0,119.0
203,adaptive_frontier,101,0,0.352662037037037,24,32.0,5,1.0,119.0
204,adaptive_frontier,101,0,0.35300925925925924,24,32.0,5,1.0,119.0
205,adaptive_frontier,101,0,0.35300925925925924,24,32.0,5,1.0,119.0
206,adaptive_frontier,101,0,0.35300925925925924,24,32.0,5,1.0,119.0
207,adaptive_frontier,101,0,0.35300925925925924,24,32.0,5,1.0,119.0
208,adaptive_frontier,101,0,0.35300925925925924,24,32.0,5,1.0,119.0
209,adaptive_frontier,101,0,0.35300925925925924,24,32.0,5,1.0,119.0
210,adaptive_frontier,101,0,0.35300925925925924,24,32.0,5,1.0,119.0
211,adaptive_frontier,101,0,0.35300925925925924,24,32.0,5,1.0,119.0
212,adaptive_frontier,101,0,0.35300925925925924,24,32.0,5,1.0,119.0
213,adaptive_frontier,101,0,0.35300925925925924,24,32.0,5,1.0,119.0
214,adaptive_frontier,101,0,0.35300925925925924,24,32.0,5,1.0,119.0
215,adaptive_frontier,101,0,0.35300925925925924,24,32.0,5,1.0,119.0
216,adaptive_frontier,101,0,0.35300925925925924,24,32.0,5,1.0,119.0
217,adaptive_frontier,101,0,0.35300925925925924,24,32.0,5,1.0,119.0
218,adaptive_frontier,101,0,0.35300925925925924,24,32.0,5,1.0,119.0
219,adaptive_frontier,101,0,0.35300925925925924,24,32.0,5,1.0,119.0
220,adaptive_frontier,101,0,0.35300925925925924,24,32.0,5,1.0,119.0
221,adaptive_frontier,101,0,0.35300925925925924,24,32.0,5,1.0,119.0
222,adaptive_frontier,101,0,0.35300925925925924,24,32.0,5,1.0,119.0
223,adaptive_frontier,101,0,0.35300925925925924,24,32.0,5,1.0,119.0
224,adaptive_frontier,101,0,0.35300925925925924,24,32.0,5,1.0,119.0
225,adaptive_frontier,101,0,0.35300925925925924,24,32.0,5,1.0,119.0
226,adaptive_frontier,101,0,0.35300925925925924,24,32.0,5,1.0,119.0
227,adaptive_frontier,101,0,0.35300925925925924,24,32.0,5,1.0,119.0
228,adaptive_frontier,101,0,0.35300925925925924,24,32.0,5,1.0,119.0
229,adaptive_frontier,101,0,0.35300925925925924,24,32.0,5,1.0,119.0
230,adaptive_frontier,101,0,0.35300925925925924,24,32.0,5,1.0,119.0
231,adaptive_frontier,101,0,0.35300925925925924,24,32.0,5,1.0,119.0
232,adaptive_frontier,101,0,0.35300925925925924,24,32.0,5,1.0,119.0
233,adaptive_frontier,101,0,0.35300925925925924,24,32.0,5,1.0,119.0
234,adaptive_frontier,101,0,0.35300925925925924,24,32.0,5,1.0,119.0
235,adaptive_frontier,101,0,0.35300925925925924,24,32.0,5,1.0,119.0
236,adaptive_frontier,101,0,0.35300925925925924,24,32.0,5,1.0,119.0
237,adaptive_frontier,101,0,0.35300925925925924,24,32.0,5,1.0,119.0
238,adaptive_frontier,101,0,0.35300925925925924,24,32.0,5,1.0,119.0
239,adaptive_frontier,101,0,0.35300925925925924,24,32.0,5,1.0,119.0
0,adaptive_frontier,7,1,0.007291666666666667,24,32.0,1,1.0,10.523415570254752
1,adaptive_frontier,7,1,0.009375,24,32.0,1,1.0,11.03811125843981
2,adaptive_frontier,7,1,0.011226851851851852,24,32.0,1,1.0,11.744940399351227
3,adaptive_frontier,7,1,0.012962962962962963,24,32.0,1,1.0,12.56225772201615
4,adaptive_frontier,7,1,0.015393518518518518,24,32.0,1,1.0,13.216748133429373
5,adaptive_frontier,7,1,0.017361111111111112,24,32.0,1,1.0,13.935300605601844
6,adaptive_frontier,7,1,0.019212962962962963,24,32.0,1,1.0,14.59213979231648
7,adaptive_frontier,7,1,0.02141203703703704,24,32.0,1,1.0,15.329010437758837
8,adaptive_frontier,7,1,0.02326388888888889,24,32.0,1,1.0,16.492619252676096
9,adaptive_frontier,7,1,0.025347222222222222,24,32.0,1,1.0,16.97735321501842
10,adaptive_frontier,7,1,0.026851851851851852,24,32.0,1,1.0,17.5445651002802
11,adaptive_frontier,7,1,0.028587962962962964,24,32.0,1,1.0,18.429691372581278
12,adaptive_frontier,7,1,0.031018518518518518,24,32.0,1,1.0,19.629102636323275
13,adaptive_frontier,7,1,0.03356481481481482,24,32.0,1,1.0,20.197718342843338
14,adaptive_frontier,7,1,0.03599537037037037,24,32.0,1,1.0,21.44971808098547
15,adaptive_frontier,7,1,0.03831018518518518,24,32.0,1,1.0,22.294080655826384
16,adaptive_frontier,7,1,0.03981481481481482,24,32.0,1,1.0,22.983055208268944
17,adaptive_frontier,7,1,0.04212962962962963,24,32.0,1,1.0,23.69021605450056
18,adaptive_frontier,7,1,0.043287037037037034,24,32.0,1,1.0,24.11127115165771
19,adaptive_frontier,7,1,0.04594907407407407,24,32.0,1,1.0,24.944658357586466
20,adaptive_frontier,7,1,0.047453703703703706,24,32.0,1,1.0,25.381683262762692
21,adaptive_frontier,7,1,0.049652777777777775,24,32.0,1,1.0,26.329050614795083
22,adaptive_frontier,7,1,0.05219907407407407,24,32.0,1,1.0,27.42821943157296
23,adaptive_frontier,7,1,0.053703703703703705,24,32.0,1,1.0,27.72007144558275
24,adaptive_frontier,7,1,0.05555555555555555,24,32.0,1,1.0,28.467770222375133
25,adaptive_frontier,7,1,0.057060185185185186,24,32.0,1,1.0,28.96007714621999
26,adaptive_frontier,7,1,0.05949074074074074,24,31.99979361535455,1,1.0,29.29401793969977
27,adaptive_frontier,7,1,0.06157407407407407,24,32.0,1,1.0,30.170666051322147
28,adaptive_frontier,7,1,0.06435185185185185,24,31.99790673439996,1,1.0,30.947602744364886
29,adaptive_frontier,7,1,0.06701388888888889,24,31.993420095161422,1,1.0,31.477446794092042
30,adaptive_frontier,7,1,0.07013888888888889,24,31.975769937139876,1,1.0,32.6148471663465
31,adaptive_frontier,7,1,0.07256944444444445,24,31.963314114215052,1,1.0,32.934657379136134
32,adaptive_frontier,7,1,0.07615740740740741,24,31.94892271940779,1,1.0,33.30041588318566
33,adaptive_frontier,7,1,0.07847222222222222,24,31.9316896404727,1,1.0,34.01750430731918
34,adaptive_frontier,7,1,0.08252314814814815,24,31.895858093524065,1,1.0,35.17316751877583
35,adaptive_frontier,7,1,0.08599537037037037,24,31.862947829561637,1,1.0,35.95546165909636
36,adaptive_frontier,7,1,0.08923611111111111,24,31.81704947423255,1,1.0,36.48375013323566
37,adaptive_frontier,7,1,0.09270833333333334,24,31.762298806972392,1,1.0,37.26882315168717
38,adaptive_frontier,7,1,0.09513888888888888,24,31.723207609835466,1,1.0,37.985737501768945
39,adaptive_frontier,7,1,0.09780092592592593,24,31.66296860431523,1,1.0,38.32043125096964
40,adaptive_frontier,7,1,0.10104166666666667,24,31.842361635925432,2,1.0,39.52432453465373
41,adaptive_frontier,7,1,0.103125,24,31.917282161110535,2,1.0,40.150930056960796
42,adaptive_frontier,7,1,0.10717592592592592,24,31.964954108981264,2,1.0,41.20279672355951
43,adaptive_frontier,7,1,0.1099537037037037,24,31.984141924038465,2,1.0,41.768734519449914
44,adaptive_frontier,7,1,0.11296296296296296,24,32.0,2,1.0,42.665280111362875
45,adaptive_frontier,7,1,0.11550925925925926,24,32.0,2,1.0,43.35363098658913
46,adaptive_frontier,7,1,0.11898148148148148,24,32.0,2,1.0,43.7690344923435
47,adaptive_frontier,7,1,0.12175925925925926,24,32.0,2,1.0,44.55570509035923
48,adaptive_frontier,7,1,0.1244212962962963,24,32.0,2,1.0,45.1332874950659
49,adaptive_frontier,7,1,0.12777777777777777,24,32.0,2,1.0,45.59612356413964
50,adaptive_frontier,7,1,0.1310185185185185,24,32.0,2,1.0,46.324401752755776
51,adaptive_frontier,7,1,0.1335648148148148,24,32.0,2,1.0,47.467898347198094
52,adaptive_frontier,7,1,0.13668981481481482,24,32.0,2,1.0,47.768814245450244
53,adaptive_frontier,7,1,0.1398148148148148,24,32.0,2,1.0,48.717401315222304
54,adaptive_frontier,7,1,0.1431712962962963,24,32.0,2,1.0,49.21481918625788
55,adaptive_frontier,7,1,0.14560185185185184,24,32.0,2,1.0,49.703111709910026
56,adaptive_frontier,7,1,0.14872685185185186,24,32.0,2,1.0,50.377742695180366
57,adaptive_frontier,7,1,0.15150462962962963,24,32.0,2,1.0,51.029491600947075
58,adaptive_frontier,7,1,0.1542824074074074,24,32.0,2,1.0,51.93566628516674
59,adaptive_frontier,7,1,0.15590277777777778,24,32.0,2,1.0,52.59722969698908
60,adaptive_frontier,7,1,0.1582175925925926,24,32.0,2,1.0,53.241041709634935
61,adaptive_frontier,7,1,0.16018518518518518,24,32.0,2,1.0,53.75015785729428
62,adaptive_frontier,7,1,0.16261574074074073,24,32.0,2,1.0,54.30918150501721
63,adaptive_frontier,7,1,0.16469907407407408,24,31.99803654256358,2,1.0,54.93490873621806
64,adaptive_frontier,7,1,0.16782407407407407,24,31.996962348274725,2,1.0,55.9308365901176
65,adaptive_frontier,7,1,0.1709490740740741,24,31.99338506713781,2,1.0,56.83787951494098
66,adaptive_frontier,7,1,0.17418981481481483,24,31.994411923403337,2,1.0,57.63800821318638
67,adaptive_frontier,7,1,0.1763888888888889,24,31.99547227453179,2,1.0,57.84697551925082
68,adaptive_frontier,7,1,0.1795138888888889,24,31.990663792275694,2,1.0,58.42510313681155
69,adaptive_frontier,7,1,0.18252314814814816,24,31.983674000582777,2,1.0,59.28515573678066
70,adaptive_frontier,7,1,0.18460648148148148,24,31.97509752443011,2,1.0,60.18258691171601
71,adaptive_frontier,7,1,0.18715277777777778,24,31.96308305224059,2,1.0,60.81566877106382
72,adaptive_frontier,7,1,0.18969907407407408,24,31.96113981586031,2,1.0,61.39645054140674
73,adaptive_frontier,7,1,0.19155092592592593,24,31.950709299718255,2,1.0,62.199759003621416
74,adaptive_frontier,7,1,0.19398148148148148,24,31.933291430473485,2,1.0,63.05615805831009
75,adaptive_frontier,7,1,0.19664351851851852,24,31.906326709483256,2,1.0,63.869658273351426
76,adaptive_frontier,7,1,0.19895833333333332,24,31.879410665631678,2,1.0,64.4577447177143
77,adaptive_frontier,7,1,0.20150462962962962,24,31.852038062786438,2,1.0,64.73717510526328
78,adaptive_frontier,7,1,0.20462962962962963,24,31.817309736446106,2,1.0,65.5431011781585
79,adaptive_frontier,7,1,0.20694444444444443,24,31.77624478812328,2,1.0,66.08056960525983
80,adaptive_frontier,7,1,0.209375,24,31.907575704322014,3,1.0,66.82856981869391
81,adaptive_frontier,7,1,0.21180555555555555,24,31.962305344908476,3,1.0,67.29865626834395
82,adaptive_frontier,7,1,0.21435185185185185,24,31.98272885063541,3,1.0,68.29269977955178
83,adaptive_frontier,7,1,0.21724537037037037,24,32.0,3,1.0,69.23738528971384
84,adaptive_frontier,7,1,0.22025462962962963,24,32.0,3,1.0,69.81731732055151
85,adaptive_frontier,7,1,0.22291666666666668,24,32.0,3,1.0,70.67641471920639
86,adaptive_frontier,7,1,0.22546296296296298,24,32.0,3,1.0,71.46469070377174
87,adaptive_frontier,7,1,0.2283564814814815,24,32.0,3,1.0,71.97171877579609
88,adaptive_frontier,7,1,0.23148148148148148,24,32.0,3,1.0,72.70594157686381
89,adaptive_frontier,7,1,0.23425925925925925,24,32.0,3,1.0,73.60422729874624
90,adaptive_frontier,7,1,0.23587962962962963,24,32.0,3,1.0,74.02416399224576
91,adaptive_frontier,7,1,0.23819444444444443,24,32.0,3,1.0,74.99142689186715
92,adaptive_frontier,7,1,0.24085648148148148,24,32.0,3,1.0,75.85653827578011
93,adaptive_frontier,7,1,0.24340277777777777,24,32.0,3,1.0,76.92976040225938
94,adaptive_frontier,7,1,0.24537037037037038,24,32.0,3,1.0,77.46805182069299
95,adaptive_frontier,7,1,0.24861111111111112,24,32.0,3,1.0,78.12170099170734
96,adaptive_frontier,7,1,0.2515046296296296,24,32.0,3,1.0,79.19064869966053
97,adaptive_frontier,7,1,0.2545138888888889,24,32.0,3,1.0,80.22453341938882
98,adaptive_frontier,7,1,0.25752314814814814,24,32.0,3,1.0,80.72765266117473
99,adaptive_frontier,7,1,0.259375,24,32.0,3,1.0,81.5829474451649
100,adaptive_frontier,7,1,0.26238425925925923,24,32.0,3,1.0,82.42799347411844
101,adaptive_frontier,7,1,0.26435185185185184,24,32.0,3,1.0,83.56045245467796
102,adaptive_frontier,7,1,0.2672453703703704,24,32.0,3,1.0,84.53182073878862
103,adaptive_frontier,7,1,0.2695601851851852,24,32.0,3,1.0,85.31058790214911
104,adaptive_frontier,7,1,0.271875,24,32.0,3,1.0,85.81796248520921
105,adaptive_frontier,7,1,0.275,24,31.998805258598832,3,1.0,86.89000669975813
106,adaptive_frontier,7,1,0.27708333333333335,24,31.997914827160812,3,1.0,87.41582079846229
107,adaptive_frontier,7,1,0.2792824074074074,24,31.99598019175529,3,1.0,88.47854510551247
108,adaptive_frontier,7,1,0.2809027777777778,24,31.991845359974562,3,1.0,89.11713245486646
109,adaptive_frontier,7,1,0.2831018518518518,24,31.98889948504046,3,1.0,90.09419498765767
110,adaptive_frontier,7,1,0.28599537037037037,24,31.980334378169022,3,1.0,91.3559087842201
111,adaptive_frontier,7,1,0.2877314814814815,24,31.977358596372017,3,1.0,91.65088582307042
112,adaptive_frontier,7,1,0.2900462962962963,24,31.964930876903768,3,1.0,92.52607614312825
113,adaptive_frontier,7,1,0.29247685185185185,24,31.95497620171264,3,1.0,93.33773423004891
114,adaptive_frontier,7,1,0.2950231481481482,24,31.929204517847722,3,1.0,94.47034363477752
115,adaptive_frontier,7,1,0.2969907407407407,24,31.909796601313392,3,1.0,94.8765601225566
116,adaptive_frontier,7,1,0.29907407407407405,24,31.89314552923088,3,1.0,95.18559149119746
117,adaptive_frontier,7,1,0.30150462962962965,24,31.87215376577991,3,1.0,96.15128599266687
118,adaptive_frontier,7,1,0.30324074074074076,24,31.844189430076224,3,1.0,96.89069484634987
119,adaptive_frontier,7,1,0.30486111111111114,24,31.81152207166723,3,1.0,97.93888435799023
120,adaptive_frontier,7,1,0.30613425925925924,24,31.413943407808958,4,0.25,98.69882705603987
121,adaptive_frontier,7,1,0.30821759259259257,24,31.01367442830227,4,0.25,99.56993403748932
122,adaptive_frontier,7,1,0.30995370370370373,24,30.613593338661563,4,0.25,100.4052877281195
123,adaptive_frontier,7,1,0.3113425925925926,24,30.191967643021133,4,0.25,101.21066280882783
124,adaptive_frontier,7,1,0.31342592592592594,24,29.79177786401195,4,0.25,101.58432008024666
125,adaptive_frontier,7,1,0.316087962962963,24,29.373833086836754,4,0.25,102.65567767533837
126,adaptive_frontier,7,1,0.31840277777777776,24,28.9674180078247,4,0.25,103.04293980859624
127,adaptive_frontier,7,1,0.3196759259259259,24,28.565746216102216,4,0.25,103.33676131563223
128,adaptive_frontier,7,1,0.32175925925925924,24,28.15214946385645,4,0.25,104.30059478585606
129,adaptive_frontier,7,1,0.32372685185185185,24,27.755569514808673,4,0.25,105.22678742565023
130,adaptive_frontier,7,1,0.32546296296296295,24,27.344800086421156,4,0.25,106.06837556086316
131,adaptive_frontier,7,1,0.32708333333333334,24,26.929000790306034,4,0.25,107.18957756411521
132,adaptive_frontier,7,1,0.32905092592592594,24,26.517935210375033,4,0.25,107.47977033009879
133,adaptive_frontier,7,1,0.3304398148148148,24,26.110116330208054,4,0.25,108.08210627175406
134,adaptive_frontier,7,1,0.33252314814814815,24,25.695367094721686,4,0.25,108.78492465504907
135,adaptive_frontier,7,1,0.3349537037037037,24,25.29837186481089,4,0.25,109.31096431773925
136,adaptive_frontier,7,1,0.3368055555555556,24,24.891098941496963,4,0.25,110.24814441742498
137,adaptive_frontier,7,1,0.33935185185185185,24,24.462480077061382,4,0.25,111.3033430325616
138,adaptive_frontier,7,1,0.34131944444444445,24,24.045920418556236,4,0.25,112.0306458244677
139,adaptive_frontier,7,1,0.3438657407407407,24,23.616546211768593,4,0.25,113.262078157399
140,adaptive_frontier,7,1,0.3456018518518518,24,23.194937116596194,4,0.25,114.40664577874159
141,adaptive_frontier,7,1,0.3471064814814815,24,22.762696897183034,4,0.25,115.3016642835544
142,adaptive_frontier,7,1,0.34791666666666665,24,22.352865742734622,4,0.25,116.3743634883597
143,adaptive_frontier,7,1,0.3489583333333333,24,21.973940163113838,4,0.25,116.574936794014
144,adaptive_frontier,7,1,0.35011574074074076,24,21.543393269190307,4,0.25,117.47471978519103
145,adaptive_frontier,7,1,0.35162037037037036,24,21.14826558240627,4,0.25,118.00365941104533
146,adaptive_frontier,7,1,0.3528935185185185,24,20.748448294404458,4,0.25,118.42429027100303
147,adaptive_frontier,7,1,0.3539351851851852,24,20.329363652212805,4,0.25,119.0
148,adaptive_frontier,7,1,0.3556712962962963,24,19.888824131072628,4,0.25,119.0
149,adaptive_frontier,7,1,0.35659722222222223,24,19.456922516577492,4,0.25,119.0
150,adaptive_frontier,7,1,0.3570601851851852,24,19.049565369706535,4,0.25,119.0
151,adaptive_frontier,7,1,0.3578703703703704,24,18.647717820100443,4,0.25,119.0
152,adaptive_frontier,7,1,0.35868055555555556,24,18.26186409366809,4,0.25,119.0
153,adaptive_frontier,7,1,0.3587962962962963,24,17.869546038889847,4,0.25,119.0
154,adaptive_frontier,7,1,0.3587962962962963,24,17.461140222971682,4,0.25,119.0
155,adaptive_frontier,7,1,0.3590277777777778,24,17.024960335760365,4,0.25,119.0
156,adaptive_frontier,7,1,0.3596064814814815,24,16.616726918017303,4,0.25,119.0
157,adaptive_frontier,7,1,0.36006944444444444,24,16.189004448701937,4,0.25,119.0
158,adaptive_frontier,7,1,0.36030092592592594,24,15.767984382859524,4,0.25,119.0
159,adaptive_frontier,7,1,0.36041666666666666,24,15.352897863871513,4,0.25,119.0
160,adaptive_frontier,7,1,0.3609953703703704,24,14.930922519639095,5,0.2,119.0
161,adaptive_frontier,7,1,0.36157407407407405,24,14.504297027169608,5,0.2,119.0
162,adaptive_frontier,7,1,0.36157407407407405,24,14.097503860273568,5,0.2,119.0
163,adaptive_frontier,7,1,0.36157407407407405,24,13.689654076776568,5,0.2,119.0
164,adaptive_frontier,7,1,0.36157407407407405,24,13.287882972927306,5,0.2,119.0
165,adaptive_frontier,7,1,0.36157407407407405,24,12.880835198733601,5,0.2,119.0
166,adaptive_frontier,7,1,0.36157407407407405,24,12.484213935854394,5,0.2,119.0
167,adaptive_frontier,7,1,0.36157407407407405,24,12.087327953003284,5,0.2,119.0
168,adaptive_frontier,7,1,0.36157407407407405,24,11.689699734836308,5,0.2,119.0
169,adaptive_frontier,7,1,0.36157407407407405,24,11.28595632158757,5,0.2,119.0
170,adaptive_frontier,7,1,0.36157407407407405,24,10.880107045055318,5,0.2,119.0
171,adaptive_frontier,7,1,0.36157407407407405,24,10.454327665005616,5,0.2,119.0
172,adaptive_frontier,7,1,0.36157407407407405,24,10.045660763840274,5,0.2,119.0
173,adaptive_frontier,7,1,0.36157407407407405,24,9.644014812225562,5,0.2,119.0
174,adaptive_frontier,7,1,0.36157407407407405,24,9.238913828728695,5,0.2,119.0
175,adaptive_frontier,7,1,0.36157407407407405,24,8.821685984121023,5,0.2,119.0
176,adaptive_frontier,7,1,0.36157407407407405,24,8.40952877986152,5,0.2,119.0
177,adaptive_frontier,7,1,0.36157407407407405,24,7.991543868951439,5,0.2,119.0
178,adaptive_frontier,7,1,0.36157407407407405,24,7.574505172831138,5,0.2,119.0
179,adaptive_frontier,7,1,0.36157407407407405,24,7.169398868125946,5,0.2,119.0
180,adaptive_frontier,7,1,0.36180555555555555,24,6.750732985262883,5,0.2,119.0
181,adaptive_frontier,7,1,0.36180555555555555,24,6.353192952531438,5,0.2,119.0
182,adaptive_frontier,7,1,0.36180555555555555,24,5.93762417431829,5,0.2,119.0
183,adaptive_frontier,7,1,0.36215277777777777,24,5.543551029662587,5,0.2,119.0
184,adaptive_frontier,7,1,0.36215277777777777,24,5.1526576363180885,5,0.2,119.0
185,adaptive_frontier,7,1,0.36215277777777777,24,4.748738553876609,5,0.2,119.0
186,adaptive_frontier,7,1,0.36215277777777777,24,4.328556255092274,5,0.2,119.0
187,adaptive_frontier,7,1,0.36215277777777777,24,3.9250342344584133,5,0.2,119.0
188,adaptive_frontier,7,1,0.36215277777777777,24,3.5183026507514206,5,0.2,119.0
189,adaptive_frontier,7,1,0.36215277777777777,24,3.122239246676878,5,0.2,119.0
190,adaptive_frontier,7,1,0.36215277777777777,24,2.706325808647877,5,0.2,119.0
191,adaptive_frontier,7,1,0.36215277777777777,24,2.2960255570864434,5,0.2,119.0
192,adaptive_frontier,7,1,0.36215277777777777,23,1.9900870131355857,5,0.2,119.0
193,adaptive_frontier,7,1,0.36215277777777777,23,1.5616083435449608,5,0.2,119.0
194,adaptive_frontier,7,1,0.36215277777777777,22,1.1867310027524847,5,0.2,119.0
195,adaptive_frontier,7,1,0.36215277777777777,22,0.7951975208202455,5,0.2,119.0
196,adaptive_frontier,7,1,0.36215277777777777,17,0.5592394797015985,5,0.2,119.0
197,adaptive_frontier,7,1,0.36215277777777777,9,0.4548674066674389,5,0.2,119.0
198,adaptive_frontier,7,1,0.36215277777777777,4,0.3577156106168718,5,0.2,119.0
199,adaptive_frontier,7,1,0.36215277777777777,2,0.03754696334580951,5,0.2,119.0
200,adaptive_frontier,7,1,0.36215277777777777,0,0.0,5,0.2,119.0
201,adaptive_frontier,7,1,0.36215277777777777,0,0.0,5,0.2,119.0
202,adaptive_frontier,7,1,0.36215277777777777,0,0.0,5,0.2,119.0
203,adaptive_frontier,7,1,0.36215277777777777,0,0.0,5,0.2,119.0
204,adaptive_frontier,7,1,0.36215277777777777,0,0.0,5,0.2,119.0
205,adaptive_frontier,7,1,0.36215277777777777,0,0.0,5,0.2,119.0
206,adaptive_frontier,7,1,0.36215277777777777,0,0.0,5,0.2,119.0
207,adaptive_frontier,7,1,0.36215277777777777,0,0.0,5,0.2,119.0
208,adaptive_frontier,7,1,0.36215277777777777,0,0.0,5,0.2,119.0
209,adaptive_frontier,7,1,0.36215277777777777,0,0.0,5,0.2,119.0
210,adaptive_frontier,7,1,0.36215277777777777,0,0.0,5,0.2,119.0
211,adaptive_frontier,7,1,0.36215277777777777,0,0.0,5,0.2,119.0
212,adaptive_frontier,7,1,0.36215277777777777,0,0.0,5,0.2,119.0
213,adaptive_frontier,7,1,0.36215277777777777,0,0.0,5,0.2,119.0
214,adaptive_frontier,7,1,0.36215277777777777,0,0.0,5,0.2,119.0
215,adaptive_frontier,7,1,0.36215277777777777,0,0.0,5,0.2,119.0
216,adaptive_frontier,7,1,0.36215277777777777,0,0.0,5,0.2,119.0
217,adaptive_frontier,7,1,0.36215277777777777,0,0.0,5,0.2,119.0
218,adaptive_frontier,7,1,0.36215277777777777,0,0.0,5,0.2,119.0
219,adaptive_frontier,7,1,0.36215277777777777,0,0.0,5,0.2,119.0
220,adaptive_frontier,7,1,0.36215277777777777,0,0.0,5,0.2,119.0
221,adaptive_frontier,7,1,0.36215277777777777,0,0.0,5,0.2,119.0
222,adaptive_frontier,7,1,0.36215277777777777,0,0.0,5,0.2,119.0
223,adaptive_frontier,7,1,0.36215277777777777,0,0.0,5,0.2,119.0
224,adaptive_frontier,7,1,0.36215277777777777,0,0.0,5,0.2,119.0
225,adaptive_frontier,7,1,0.36215277777777777,0,0.0,5,0.2,119.0
226,adaptive_frontier,7,1,0.36215277777777777,0,0.0,5,0.2,119.0
227,adaptive_frontier,7,1,0.36215277777777777,0,0.0,5,0.2,119.0
228,adaptive_frontier,7,1,0.36215277777777777,0,0.0,5,0.2,119.0
229,adaptive_frontier,7,1,0.36215277777777777,0,0.0,5,0.2,119.0
230,adaptive_frontier,7,1,0.36215277777777777,0,0.0,5,0.2,119.0
231,adaptive_frontier,7,1,0.36215277777777777,0,0.0,5,0.2,119.0
232,adaptive_frontier,7,1,0.36215277777777777,0,0.0,5,0.2,119.0
233,adaptive_frontier,7,1,0.36215277777777777,0,0.0,5,0.2,119.0
234,adaptive_frontier,7,1,0.36215277777777777,0,0.0,5,0.2,119.0
235,adaptive_frontier,7,1,0.36215277777777777,0,0.0,5,0.2,119.0
236,adaptive_frontier,7,1,0.36215277777777777,0,0.0,5,0.2,119.0
237,adaptive_frontier,7,1,0.36215277777777777,0,0.0,5,0.2,119.0
238,adaptive_frontier,7,1,0.36215277777777777,0,0.0,5,0.2,119.0
239,adaptive_frontier,7,1,0.36215277777777777,0,0.0,5,0.2,119.0
0,adaptive_frontier,21,1,0.008796296296296297,24,32.0,1,1.0,11.743577619240815
1,adaptive_frontier,21,1,0.010416666666666666,24,32.0,1,1.0,12.34010504964782
2,adaptive_frontier,21,1,0.012268518518518519,24,32.0,1,1.0,12.823360139920094
3,adaptive_frontier,21,1,0.013888888888888888,24,32.0,1,1.0,13.406740917064061
4,adaptive_frontier,21,1,0.01574074074074074,24,32.0,1,1.0,14.373231593028443
5,adaptive_frontier,21,1,0.018171296296296297,24,32.0,1,1.0,15.064335461313512
6,adaptive_frontier,21,1,0.02048611111111111,24,32.0,1,1.0,15.71873835461078
7,adaptive_frontier,21,1,0.022337962962962962,24,32.0,1,1.0,16.548172197688313
8,adaptive_frontier,21,1,0.024652777777777777,24,32.0,1,1.0,17.474455837945875
9,adaptive_frontier,21,1,0.027199074074074073,24,32.0,1,1.0,18.268351832363656
10,adaptive_frontier,21,1,0.02974537037037037,24,32.0,1,1.0,19.057305244877185
11,adaptive_frontier,21,1,0.03194444444444444,24,32.0,1,1.0,19.809290384996572
12,adaptive_frontier,21,1,0.03460648148148148,24,32.0,1,1.0,20.59388454118244
13,adaptive_frontier,21,1,0.03715277777777778,24,32.0,1,1.0,21.36310508249279
14,adaptive_frontier,21,1,0.040393518518518516,24,32.0,1,1.0,22.34883308909575
15,adaptive_frontier,21,1,0.043055555555555555,24,32.0,1,1.0,23.459385110511374
16,adaptive_frontier,21,1,0.046064814814814815,24,32.0,1,1.0,24.196331811409358
17,adaptive_frontier,21,1,0.04918981481481482,24,32.0,1,1.0,25.225055042163255
18,adaptive_frontier,21,1,0.05196759259259259,24,32.0,1,1.0,26.169579782509995
19,adaptive_frontier,21,1,0.05439814814814815,24,32.0,1,1.0,26.779925060914227
20,adaptive_frontier,21,1,0.05717592592592593,24,32.0,1,1.0,27.415834393588877
21,adaptive_frontier,21,1,0.05925925925925926,24,32.0,1,1.0,27.733197922958652
22,adaptive_frontier,21,1,0.061342592592592594,24,32.0,1,1.0,28.10991474959899
23,adaptive_frontier,21,1,0.06458333333333334,24,32.0,1,1.0,29.023011986689497
24,adaptive_frontier,21,1,0.06747685185185186,24,32.0,1,1.0,30.157892620241405
25,adaptive_frontier,21,1,0.07094907407407407,24,31.997445911401257,1,1.0,31.242667807533664
26,adaptive_frontier,21,1,0.07418981481481482,24,31.989669375369953,1,1.0,32.02481414209547
27,adaptive_frontier,21,1,0.07685185185185185,24,31.991752560331715,1,1.0,32.259803660911224
28,adaptive_frontier,21,1,0.07951388888888888,24,31.98386599545509,1,1.0,32.772988571834105
29,adaptive_frontier,21,1,0.08217592592592593,24,31.97095698327861,1,1.0,33.429655955537754
30,adaptive_frontier,21,1,0.0849537037037037,24,31.953245540383545,1,1.0,34.277673292242746
31,adaptive_frontier,21,1,0.08784722222222222,24,31.925471399361086,1,1.0,34.73431496405433
32,adaptive_frontier,21,1,0.09166666666666666,24,31.89395138249638,1,1.0,35.40464695855643
33,adaptive_frontier,21,1,0.09502314814814815,24,31.86458388555973,1,1.0,35.7960503128315
34,adaptive_frontier,21,1,0.09768518518518518,24,31.8298940602117,1,1.0,36.54667987396356
35,adaptive_frontier,21,1,0.10150462962962963,24,31.77863432460491,1,1.0,37.24810217801765
36,adaptive_frontier,21,1,0.10451388888888889,24,31.74079508104013,1,1.0,38.21947399890159
37,adaptive_frontier,21,1,0.10844907407407407,24,31.690885020769752,1,1.0,38.4034719872046
38,adaptive_frontier,21,1,0.11157407407407408,24,31.622587414472324,1,1.0,39.1769192227656
39,adaptive_frontier,21,1,0.11446759259259259,24,31.56043867299465,1,1.0,40.137385085994794
40,adaptive_frontier,21,1,0.11782407407407407,24,31.748261081713313,2,1.0,40.487705815684045
41,adaptive_frontier,21,1,0.12037037037037036,24,31.898685892594226,2,1.0,41.17768330553998
42,adaptive_frontier,21,1,0.12430555555555556,24,31.995451402591726,2,1.0,42.466186823900415
43,adaptive_frontier,21,1,0.1275462962962963,24,32.0,2,1.0,42.98700731120744
44,adaptive_frontier,21,1,0.13055555555555556,24,32.0,2,1.0,43.56254542781523
45,adaptive_frontier,21,1,0.13333333333333333,24,32.0,2,1.0,44.023227995369254
46,adaptive_frontier,21,1,0.13703703703703704,24,32.0,2,1.0,44.74271446746252
47,adaptive_frontier,21,1,0.14074074074074075,24,32.0,2,1.0,45.508937878971764
48,adaptive_frontier,21,1,0.14421296296296296,24,32.0,2,1.0,46.41211528839114
49,adaptive_frontier,21,1,0.1474537037037037,24,32.0,2,1.0,47.52803916674165
50,adaptive_frontier,21,1,0.15162037037037038,24,32.0,2,1.0,48.33932955420617
51,adaptive_frontier,21,1,0.15416666666666667,24,32.0,2,1.0,48.553456381359155
52,adaptive_frontier,21,1,0.1568287037037037,24,32.0,2,1.0,49.24176340541132
53,adaptive_frontier,21,1,0.15983796296296296,24,32.0,2,1.0,50.01914776056379
54,adaptive_frontier,21,1,0.16261574074074073,24,32.0,2,1.0,50.45221588570464
55,adaptive_frontier,21,1,0.165625,24,32.0,2,1.0,50.82188480581601
56,adaptive_frontier,21,1,0.16909722222222223,24,32.0,2,1.0,51.32483889517473
57,adaptive_frontier,21,1,0.17164351851851853,24,32.0,2,1.0,51.98525521882829
58,adaptive_frontier,21,1,0.1744212962962963,24,32.0,2,1.0,52.62714621731704
59,adaptive_frontier,21,1,0.17719907407407406,24,32.0,2,1.0,52.98840828804108
60,adaptive_frontier,21,1,0.18055555555555555,24,32.0,2,1.0,53.58260143137872
61,adaptive_frontier,21,1,0.18275462962962963,24,32.0,2,1.0,54.238947365226274
62,adaptive_frontier,21,1,0.18564814814814815,24,32.0,2,1.0,54.45568766622941
63,adaptive_frontier,21,1,0.18819444444444444,24,32.0,2,1.0,55.33310485838583
64,adaptive_frontier,21,1,0.190625,24,32.0,2,1.0,56.27809866849076
65,adaptive_frontier,21,1,0.1925925925925926,24,31.998427802354872,2,1.0,56.98693346238955
66,adaptive_frontier,21,1,0.1954861111111111,24,32.0,2,1.0,57.763853019964436
67,adaptive_frontier,21,1,0.19791666666666666,24,31.997725110965565,2,1.0,58.37749094101636
68,adaptive_frontier,21,1,0.1997685185185185,24,31.993170189146507,2,1.0,58.89921602199837
69,adaptive_frontier,21,1,0.20243055555555556,24,31.99072670682882,2,1.0,59.82096677730933
70,adaptive_frontier,21,1,0.2048611111111111,24,31.988200272676067,2,1.0,60.034594468836474
71,adaptive_frontier,21,1,0.20729166666666668,24,31.988715040754514,2,1.0,60.78884129066783
72,adaptive_frontier,21,1,0.20949074074074073,24,31.987200371730548,2,1.0,61.14758655215814
73,adaptive_frontier,21,1,0.2125,24,31.97648741901948,2,1.0,62.34411408943147
74,adaptive_frontier,21,1,0.2144675925925926,24,31.97359634954743,2,1.0,62.59033725891073
75,adaptive_frontier,21,1,0.2170138888888889,24,31.96086985045855,2,1.0,63.37829549084215
76,adaptive_frontier,21,1,0.2193287037037037,24,31.950414504522968,2,1.0,63.62926863840934
77,adaptive_frontier,21,1,0.22083333333333333,24,31.949961296106096,2,1.0,64.20916096631541
78,adaptive_frontier,21,1,0.22280092592592593,24,31.929913017014076,2,1.0,65.29013947885251
79,adaptive_frontier,21,1,0.22604166666666667,24,31.898437988768936,2,1.0,66.33845897322159
80,adaptive_frontier,21,1,0.22847222222222222,24,31.97002782716079,3,1.0,67.08910116460959
81,adaptive_frontier,21,1,0.2306712962962963,24,31.99700312973523,3,1.0,68.14876365114547
82,adaptive_frontier,21,1,0.2335648148148148,24,32.0,3,1.0,68.81612936585414
83,adaptive_frontier,21,1,0.2361111111111111,24,32.0,3,1.0,69.84836196584041
84,adaptive_frontier,21,1,0.2386574074074074,24,32.0,3,1.0,70.9038672095126
85,adaptive_frontier,21,1,0.24074074074074073,24,32.0,3,1.0,71.30630886851108
86,adaptive_frontier,21,1,0.2423611111111111,24,32.0,3,1.0,72.1967327713316
87,adaptive_frontier,21,1,0.2454861111111111,24,32.0,3,1.0,73.05031674562726
88,adaptive_frontier,21,1,0.24814814814814815,24,32.0,3,1.0,73.79735835644478
89,adaptive_frontier,21,1,0.25,24,32.0,3,1.0,74.34983554435111
90,adaptive_frontier,21,1,0.25254629629629627,24,32.0,3,1.0,75.23372639389913
91,adaptive_frontier,21,1,0.25497685185185187,24,32.0,3,1.0,76.26786793460607
92,adaptive_frontier,21,1,0.25752314814814814,24,32.0,3,1.0,77.42984628983001
93,adaptive_frontier,21,1,0.25949074074074074,24,32.0,3,1.0,78.53903495140031
94,adaptive_frontier,21,1,0.26157407407407407,24,32.0,3,1.0,79.41414716799619
95,adaptive_frontier,21,1,0.2633101851851852,24,32.0,3,1.0,80.18620665742726
96,adaptive_frontier,21,1,0.26608796296296294,24,32.0,3,1.0,81.22213838605947
97,adaptive_frontier,21,1,0.26863425925925927,24,32.0,3,1.0,81.50713084314786
98,adaptive_frontier,21,1,0.2710648148148148,24,32.0,3,1.0,82.40340629962907
99,adaptive_frontier,21,1,0.27314814814814814,24,32.0,3,1.0,83.13348991276634
100,adaptive_frontier,21,1,0.27511574074074074,24,32.0,3,1.0,83.41910902786248
101,adaptive_frontier,21,1,0.2763888888888889,24,32.0,3,1.0,84.10655261599395
102,adaptive_frontier,21,1,0.278125,24,32.0,3,1.0,84.78552564669725
103,adaptive_frontier,21,1,0.2796296296296296,24,31.99852043911226,3,1.0,85.9052398177819
104,adaptive_frontier,21,1,0.28078703703703706,24,32.0,3,1.0,86.4795151857502
105,adaptive_frontier,21,1,0.28252314814814816,24,31.999198312190902,3,1.0,86.70607984768044
106,adaptive_frontier,21,1,0.28368055555555555,24,32.0,3,1.0,87.30438651479685
107,adaptive_frontier,21,1,0.28530092592592593,24,31.99755401586687,3,1.0,88.44884829052589
108,adaptive_frontier,21,1,0.2864583333333333,24,31.993967289062073,3,1.0,89.15523569385513
109,adaptive_frontier,21,1,0.2881944444444444,24,31.991126778389173,3,1.0,89.95230122672059
110,adaptive_frontier,21,1,0.28935185185185186,24,31.988298111222406,3,1.0,90.28872153099705
111,adaptive_frontier,21,1,0.29085648148148147,24,31.985247854904397,3,1.0,91.27285744284664
112,adaptive_frontier,21,1,0.29259259259259257,24,31.981257205086937,3,1.0,91.74051671591955
113,adaptive_frontier,21,1,0.2934027777777778,24,31.966325225670726,3,1.0,92.67885318214637
114,adaptive_frontier,21,1,0.29444444444444445,24,31.963272920058742,3,1.0,93.34320966048422
115,adaptive_frontier,21,1,0.2962962962962963,24,31.94836111436436,3,1.0,94.04762720140073
116,adaptive_frontier,21,1,0.2982638888888889,24,31.922948527480145,3,1.0,95.17226182636676
117,adaptive_frontier,21,1,0.3002314814814815,24,31.892864088617454,3,1.0,96.35199252951456
118,adaptive_frontier,21,1,0.30162037037037037,24,31.87033923727135,3,1.0,97.36988266349881
119,adaptive_frontier,21,1,0.3037037037037037,24,31.84886771716692,3,1.0,97.59491012237471
120,adaptive_frontier,21,1,0.3060185185185185,24,31.431087586221484,4,0.25,98.42931417049333
121,adaptive_frontier,21,1,0.3076388888888889,24,30.987232754955745,4,0.25,99.0545925366888
122,adaptive_frontier,21,1,0.30972222222222223,24,30.556708299880132,4,0.25,99.84581319590711
123,adaptive_frontier,21,1,0.3119212962962963,24,30.14118957969546,4,0.25,100.79079528496817
124,adaptive_frontier,21,1,0.3143518518518518,24,29.732370215964504,4,0.25,101.37809442825775
125,adaptive_frontier,21,1,0.31631944444444443,24,29.319795907858737,4,0.25,101.55379413391508
126,adaptive_frontier,21,1,0.3178240740740741,24,28.927111540145557,4,0.25,102.33388551014335
127,adaptive_frontier,21,1,0.3195601851851852,24,28.52184392355314,4,0.25,103.25698187945702
128,adaptive_frontier,21,1,0.3216435185185185,24,28.106335308071237,4,0.25,104.0006307812353
129,adaptive_frontier,21,1,0.32314814814814813,24,27.68831114453963,4,0.25,104.5843410957466
130,adaptive_frontier,21,1,0.32523148148148145,24,27.255121326690347,4,0.25,105.70713935871737
131,adaptive_frontier,21,1,0.3275462962962963,24,26.834676836870795,4,0.25,106.70501948021182
132,adaptive_frontier,21,1,0.3292824074074074,24,26.389439410944487,4,0.25,107.08777290825218
133,adaptive_frontier,21,1,0.33090277777777777,24,25.981824081176104,4,0.25,108.07187025839553
134,adaptive_frontier,21,1,0.3332175925925926,24,25.539747548714853,4,0.25,109.06224215368958
135,adaptive_frontier,21,1,0.334837962962963,24,25.112015811986947,4,0.25,110.35364478079285
136,adaptive_frontier,21,1,0.3369212962962963,24,24.659446596896554,4,0.25,110.66856604775077
137,adaptive_frontier,21,1,0.33877314814814813,24,24.25497307643303,4,0.25,111.4935536713477
138,adaptive_frontier,21,1,0.340625,24,23.84794292458118,4,0.25,112.17549457558437
139,adaptive_frontier,21,1,0.34270833333333334,24,23.44707056038212,4,0.25,113.45019874382652
140,adaptive_frontier,21,1,0.34456018518518516,24,23.029731873220395,4,0.25,114.40458616492222
141,adaptive_frontier,21,1,0.34594907407407405,24,22.61469812512156,4,0.25,115.15009578137281
142,adaptive_frontier,21,1,0.34780092592592593,24,22.18495113999199,4,0.25,116.28083629287396
143,adaptive_frontier,21,1,0.3489583333333333,24,21.775447542930632,4,0.25,116.68844847826442
144,adaptive_frontier,21,1,0.35011574074074076,24,21.373381146075484,4,0.25,117.64442715193408
145,adaptive_frontier,21,1,0.3508101851851852,24,20.953056535867503,4,0.25,118.18432458957048
146,adaptive_frontier,21,1,0.35173611111111114,24,20.543424514391205,4,0.25,119.0
147,adaptive_frontier,21,1,0.3525462962962963,24,20.133555783063475,4,0.25,119.0
148,adaptive_frontier,21,1,0.35300925925925924,24,19.72515382272059,4,0.25,119.0
149,adaptive_frontier,21,1,0.35300925925925924,24,19.324953893293863,4,0.25,119.0
150,adaptive_frontier,21,1,0.35335648148148147,24,18.888044715869604,4,0.25,119.0
151,adaptive_frontier,21,1,0.35381944444444446,24,18.47282126338637,4,0.25,119.0
152,adaptive_frontier,21,1,0.3540509259259259,24,18.067680940283932,4,0.25,119.0
153,adaptive_frontier,21,1,0.3540509259259259,24,17.66595036674955,4,0.25,119.0
154,adaptive_frontier,21,1,0.3540509259259259,24,17.26883080312275,4,0.25,119.0
155,adaptive_frontier,21,1,0.3540509259259259,24,16.86338445918363,4,0.25,119.0
156,adaptive_frontier,21,1,0.3540509259259259,24,16.455117868250312,4,0.25,119.0
157,adaptive_frontier,21,1,0.35497685185185185,24,16.05924398855129,4,0.25,119.0
158,adaptive_frontier,21,1,0.35532407407407407,24,15.648071491598861,4,0.25,119.0
159,adaptive_frontier,21,1,0.355787037037037,24,15.20841807660319,4,0.25,119.0
160,adaptive_frontier,21,1,0.3560185185185185,24,14.808865671724789,5,0.2,119.0
161,adaptive_frontier,21,1,0.35636574074074073,24,14.404906178552721,5,0.2,119.0
162,adaptive_frontier,21,1,0.35648148148148145,24,13.991258860569689,5,0.2,119.0
163,adaptive_frontier,21,1,0.35717592592592595,24,13.599229018157843,5,0.2,119.0
164,adaptive_frontier,21,1,0.3574074074074074,24,13.20903124717583,5,0.2,119.0
165,adaptive_frontier,21,1,0.3579861111111111,24,12.793178353910584,5,0.2,119.0
166,adaptive_frontier,21,1,0.3579861111111111,24,12.36388650906492,5,0.2,119.0
167,adaptive_frontier,21,1,0.3579861111111111,24,11.960117050020784,5,0.2,119.0
168,adaptive_frontier,21,1,0.3579861111111111,24,11.555044827579252,5,0.2,119.0
169,adaptive_frontier,21,1,0.3579861111111111,24,11.15089028905768,5,0.2,119.0
170,adaptive_frontier,21,1,0.3579861111111111,24,10.726111686053933,5,0.2,119.0
171,adaptive_frontier,21,1,0.3579861111111111,24,10.301135840785063,5,0.2,119.0
172,adaptive_frontier,21,1,0.3579861111111111,24,9.897407962296738,5,0.2,119.0
173,adaptive_frontier,21,1,0.3579861111111111,24,9.504073722966737,5,0.2,119.0
174,adaptive_frontier,21,1,0.3579861111111111,24,9.088410843628472,5,0.2,119.0
175,adaptive_frontier,21,1,0.3579861111111111,24,8.675675342360499,5,0.2,119.0
176,adaptive_frontier,21,1,0.3579861111111111,24,8.252324311725559,5,0.2,119.0
177,adaptive_frontier,21,1,0.3579861111111111,24,7.8418635201759495,5,0.2,119.0
178,adaptive_frontier,21,1,0.3579861111111111,24,7.431915528225688,5,0.2,119.0
179,adaptive_frontier,21,1,0.3579861111111111,24,7.02272377806256,5,0.2,119.0
180,adaptive_frontier,21,1,0.35810185185185184,24,6.614797248722745,5,0.2,119.0
181,adaptive_frontier,21,1,0.35810185185185184,24,6.210800177132826,5,0.2,119.0
182,adaptive_frontier,21,1,0.35810185185185184,24,5.801555606160343,5,0.2,119.0
183,adaptive_frontier,21,1,0.35810185185185184,24,5.391034984053051,5,0.2,119.0
184,adaptive_frontier,21,1,0.35810185185185184,24,4.982524463246197,5,0.2,119.0
185,adaptive_frontier,21,1,0.35810185185185184,24,4.548871574639553,5,0.2,119.0
186,adaptive_frontier,21,1,0.35810185185185184,24,4.123477768808676,5,0.2,119.0
187,adaptive_frontier,21,1,0.35810185185185184,24,3.7058661089670846,5,0.2,119.0
188,adaptive_frontier,21,1,0.35810185185185184,24,3.3233842749291824,5,0.2,119.0
189,adaptive_frontier,21,1,0.3582175925925926,24,2.9131677324921856,5,0.2,119.0
190,adaptive_frontier,21,1,0.35844907407407406,24,2.499857484946174,5,0.2,119.0
191,adaptive_frontier,21,1,0.35844907407407406,23,2.184628770685976,5,0.2,119.0
192,adaptive_frontier,21,1,0.35856481481481484,23,1.7817699002591068,5,0.2,119.0
193,adaptive_frontier,21,1,0.35856481481481484,23,1.3781835523074681,5,0.2,119.0
194,adaptive_frontier,21,1,0.35891203703703706,23,0.9513174277948455,5,0.2,119.0
195,adaptive_frontier,21,1,0.3591435185185185,20,0.6442630004285479,5,0.2,119.0
196,adaptive_frontier,21,1,0.3592592592592593,14,0.41718020743624146,5,0.2,119.0
197,adaptive_frontier,21,1,0.3592592592592593,8,0.2664908094527605,5,0.2,119.0
198,adaptive_frontier,21,1,0.3592592592592593,2,0.07054967605989318,5,0.2,119.0
199,adaptive_frontier,21,1,0.3592592592592593,0,0.0,5,0.2,119.0
200,adaptive_frontier,21,1,0.3592592592592593,0,0.0,5,0.2,119.0
201,adaptive_frontier,21,1,0.3592592592592593,0,0.0,5,0.2,119.0
202,adaptive_frontier,21,1,0.3592592592592593,0,0.0,5,0.2,119.0
203,adaptive_frontier,21,1,0.3592592592592593,0,0.0,5,0.2,119.0
204,adaptive_frontier,21,1,0.3592592592592593,0,0.0,5,0.2,119.0
205,adaptive_frontier,21,1,0.3592592592592593,0,0.0,5,0.2,119.0
206,adaptive_frontier,21,1,0.3592592592592593,0,0.0,5,0.2,119.0
207,adaptive_frontier,21,1,0.3592592592592593,0,0.0,5,0.2,119.0
208,adaptive_frontier,21,1,0.3592592592592593,0,0.0,5,0.2,119.0
209,adaptive_frontier,21,1,0.3592592592592593,0,0.0,5,0.2,119.0
210,adaptive_frontier,21,1,0.3592592592592593,0,0.0,5,0.2,119.0
211,adaptive_frontier,21,1,0.3592592592592593,0,0.0,5,0.2,119.0
212,adaptive_frontier,21,1,0.3592592592592593,0,0.0,5,0.2,119.0
213,adaptive_frontier,21,1,0.3592592592592593,0,0.0,5,0.2,119.0
214,adaptive_frontier,21,1,0.3592592592592593,0,0.0,5,0.2,119.0
215,adaptive_frontier,21,1,0.3592592592592593,0,0.0,5,0.2,119.0
216,adaptive_frontier,21,1,0.3592592592592593,0,0.0,5,0.2,119.0
217,adaptive_frontier,21,1,0.3592592592592593,0,0.0,5,0.2,119.0
218,adaptive_frontier,21,1,0.3592592592592593,0,0.0,5,0.2,119.0
219,adaptive_frontier,21,1,0.3592592592592593,0,0.0,5,0.2,119.0
220,adaptive_frontier,21,1,0.3592592592592593,0,0.0,5,0.2,119.0
221,adaptive_frontier,21,1,0.3592592592592593,0,0.0,5,0.2,119.0
222,adaptive_frontier,21,1,0.3592592592592593,0,0.0,5,0.2,119.0
223,adaptive_frontier,21,1,0.3592592592592593,0,0.0,5,0.2,119.0
224,adaptive_frontier,21,1,0.3592592592592593,0,0.0,5,0.2,119.0
225,adaptive_frontier,21,1,0.3592592592592593,0,0.0,5,0.2,119.0
226,adaptive_frontier,21,1,0.3592592592592593,0,0.0,5,0.2,119.0
227,adaptive_frontier,21,1,0.3592592592592593,0,0.0,5,0.2,119.0
228,adaptive_frontier,21,1,0.3592592592592593,0,0.0,5,0.2,119.0
229,adaptive_frontier,21,1,0.3592592592592593,0,0.0,5,0.2,119.0
230,adaptive_frontier,21,1,0.3592592592592593,0,0.0,5,0.2,119.0
231,adaptive_frontier,21,1,0.3592592592592593,0,0.0,5,0.2,119.0
232,adaptive_frontier,21,1,0.3592592592592593,0,0.0,5,0.2,119.0
233,adaptive_frontier,21,1,0.3592592592592593,0,0.0,5,0.2,119.0
234,adaptive_frontier,21,1,0.3592592592592593,0,0.0,5,0.2,119.0
235,adaptive_frontier,21,1,0.3592592592592593,0,0.0,5,0.2,119.0
236,adaptive_frontier,21,1,0.3592592592592593,0,0.0,5,0.2,119.0
237,adaptive_frontier,21,1,0.3592592592592593,0,0.0,5,0.2,119.0
238,adaptive_frontier,21,1,0.3592592592592593,0,0.0,5,0.2,119.0
239,adaptive_frontier,21,1,0.3592592592592593,0,0.0,5,0.2,119.0
0,adaptive_frontier,42,1,0.009027777777777777,24,32.0,1,1.0,11.357305470253031
1,adaptive_frontier,42,1,0.01087962962962963,24,32.0,1,1.0,12.165962375072668
2,adaptive_frontier,42,1,0.012268518518518519,24,32.0,1,1.0,12.478388257181633
3,adaptive_frontier,42,1,0.014004629629629629,24,32.0,1,1.0,13.576947761679378
4,adaptive_frontier,42,1,0.01597222222222222,24,32.0,1,1.0,14.536723880387745
5,adaptive_frontier,42,1,0.018055555555555554,24,32.0,1,1.0,15.190843508526086
6,adaptive_frontier,42,1,0.020717592592592593,24,32.0,1,1.0,16.04161542633854
7,adaptive_frontier,42,1,0.02337962962962963,24,32.0,1,1.0,17.053758802335512
8,adaptive_frontier,42,1,0.025925925925925925,24,32.0,1,1.0,17.841877154184782
9,adaptive_frontier,42,1,0.02847222222222222,24,32.0,1,1.0,18.816085215862646
10,adaptive_frontier,42,1,0.030208333333333334,24,32.0,1,1.0,19.375883311952506
11,adaptive_frontier,42,1,0.03287037037037037,24,32.0,1,1.0,19.805377762174395
12,adaptive_frontier,42,1,0.0349537037037037,24,32.0,1,1.0,20.359055416009564
13,adaptive_frontier,42,1,0.03715277777777778,24,32.0,1,1.0,21.590564428681304
14,adaptive_frontier,42,1,0.039467592592592596,24,32.0,1,1.0,22.34060910613984
15,adaptive_frontier,42,1,0.04224537037037037,24,32.0,1,1.0,23.081694655954916
16,adaptive_frontier,42,1,0.04513888888888889,24,32.0,1,1.0,24.27033049107567
17,adaptive_frontier,42,1,0.04791666666666667,24,32.0,1,1.0,25.316350637912905
18,adaptive_frontier,42,1,0.050347222222222224,24,32.0,1,1.0,25.896477517329544
19,adaptive_frontier,42,1,0.053009259259259256,24,32.0,1,1.0,26.800198312588755
20,adaptive_frontier,42,1,0.055671296296296295,24,32.0,1,1.0,27.49684643986375
21,adaptive_frontier,42,1,0.05856481481481481,24,32.0,1,1.0,28.138305204122766
22,adaptive_frontier,42,1,0.06180555555555556,24,32.0,1,1.0,28.71041332816581
23,adaptive_frontier,42,1,0.06435185185185185,24,32.0,1,1.0,29.094655816404256
24,adaptive_frontier,42,1,0.06782407407407408,24,32.0,1,1.0,29.349450886795157
25,adaptive_frontier,42,1,0.07002314814814815,24,31.99482184092355,1,1.0,30.047048806871288
26,adaptive_frontier,42,1,0.07337962962962963,24,31.993286536854697,1,1.0,31.02533225162936
27,adaptive_frontier,42,1,0.07685185185185185,24,31.9856547449846,1,1.0,31.353372967293904
28,adaptive_frontier,42,1,0.07997685185185185,24,31.97491482214586,1,1.0,32.48401646690751
29,adaptive_frontier,42,1,0.0824074074074074,24,31.960267568211805,1,1.0,33.48313713585107
30,adaptive_frontier,42,1,0.0855324074074074,24,31.941332790149662,1,1.0,34.44484692597108
31,adaptive_frontier,42,1,0.0880787037037037,24,31.912615709508685,1,1.0,34.65573673864364
32,adaptive_frontier,42,1,0.09108796296296297,24,31.88356898296964,1,1.0,34.81592411766937
33,adaptive_frontier,42,1,0.0943287037037037,24,31.834727659932906,1,1.0,35.31759859532216
34,adaptive_frontier,42,1,0.09641203703703703,24,31.80205799886374,1,1.0,36.04029285711022
35,adaptive_frontier,42,1,0.10023148148148148,24,31.757947819287647,1,1.0,36.73251014148896
36,adaptive_frontier,42,1,0.10405092592592592,24,31.70088958316884,1,1.0,37.184430474631654
37,adaptive_frontier,42,1,0.10810185185185185,24,31.643576882877785,1,1.0,38.33611570697053
38,adaptive_frontier,42,1,0.11145833333333334,24,31.586281512954674,1,1.0,39.32812091367262
39,adaptive_frontier,42,1,0.11446759259259259,24,31.520342806091367,1,1.0,40.21886921129134
40,adaptive_frontier,42,1,0.11782407407407407,24,31.711413573008077,2,1.0,40.856040161395214
41,adaptive_frontier,42,1,0.12025462962962963,24,31.858022663072507,2,1.0,41.18544873236649
42,adaptive_frontier,42,1,0.12395833333333334,24,31.96470976532881,2,1.0,42.28267172191953
43,adaptive_frontier,42,1,0.1261574074074074,24,32.0,2,1.0,43.078452677125675
44,adaptive_frontier,42,1,0.12962962962962962,24,32.0,2,1.0,44.03362516679359
45,adaptive_frontier,42,1,0.1335648148148148,24,32.0,2,1.0,44.43381812955815
46,adaptive_frontier,42,1,0.13703703703703704,24,32.0,2,1.0,45.262898060679916
47,adaptive_frontier,42,1,0.1400462962962963,24,32.0,2,1.0,45.95031268755967
48,adaptive_frontier,42,1,0.14305555555555555,24,32.0,2,1.0,46.82768112792324
49,adaptive_frontier,42,1,0.14629629629629629,24,32.0,2,1.0,47.519278444382785
50,adaptive_frontier,42,1,0.1494212962962963,24,32.0,2,1.0,48.384613986700714
51,adaptive_frontier,42,1,0.15266203703703704,24,32.0,2,1.0,49.49541818070078
52,adaptive_frontier,42,1,0.15555555555555556,24,32.0,2,1.0,50.37707350811588
53,adaptive_frontier,42,1,0.15891203703703705,24,32.0,2,1.0,51.457210216475744
54,adaptive_frontier,42,1,0.16215277777777778,24,32.0,2,1.0,51.68681544620266
55,adaptive_frontier,42,1,0.16527777777777777,24,32.0,2,1.0,52.46275685557856
56,adaptive_frontier,42,1,0.16724537037037038,24,32.0,2,1.0,53.132924081201644
57,adaptive_frontier,42,1,0.17037037037037037,24,32.0,2,1.0,54.18483521408376
58,adaptive_frontier,42,1,0.17291666666666666,24,32.0,2,1.0,54.887040919273446
59,adaptive_frontier,42,1,0.17511574074074074,24,32.0,2,1.0,55.542420706426306
60,adaptive_frontier,42,1,0.17743055555555556,24,32.0,2,1.0,55.970426163822836
61,adaptive_frontier,42,1,0.1798611111111111,24,32.0,2,1.0,56.61969359251038
62,adaptive_frontier,42,1,0.18171296296296297,24,32.0,2,1.0,56.902203853017845
63,adaptive_frontier,42,1,0.18425925925925926,24,32.0,2,1.0,57.56832121460023
64,adaptive_frontier,42,1,0.1869212962962963,24,32.0,2,1.0,58.611735789959376
65,adaptive_frontier,42,1,0.18912037037037038,24,32.0,2,1.0,58.96043055057555
66,adaptive_frontier,42,1,0.19305555555555556,24,31.994402256519592,2,1.0,59.442123535804754
67,adaptive_frontier,42,1,0.1954861111111111,24,31.99352753495101,2,1.0,59.727178439562955
68,adaptive_frontier,42,1,0.19780092592592594,24,31.995115448871744,2,1.0,59.96373805421476
69,adaptive_frontier,42,1,0.1996527777777778,24,31.989155145678485,2,1.0,60.302641899956136
70,adaptive_frontier,42,1,0.20162037037037037,24,31.988732382387763,2,1.0,60.956450323969456
71,adaptive_frontier,42,1,0.20358796296296297,24,31.98551775137858,2,1.0,61.71046725729973
72,adaptive_frontier,42,1,0.20543981481481483,24,31.979026832761004,2,1.0,62.47317965202341
73,adaptive_frontier,42,1,0.2076388888888889,24,31.970336501241714,2,1.0,63.39742504696182
74,adaptive_frontier,42,1,0.20983796296296298,24,31.962600369231243,2,1.0,64.41634297271345
75,adaptive_frontier,42,1,0.21215277777777777,24,31.94786352532773,2,1.0,65.34794742304886
76,adaptive_frontier,42,1,0.21435185185185185,24,31.940127650243056,2,1.0,66.05382214175155
77,adaptive_frontier,42,1,0.21689814814814815,24,31.924247474647512,2,1.0,67.00773147601976
78,adaptive_frontier,42,1,0.21944444444444444,24,31.900771121316627,2,1.0,67.89120155966766
79,adaptive_frontier,42,1,0.22106481481481483,24,31.883110432927698,2,1.0,68.19707572724953
80,adaptive_frontier,42,1,0.22372685185185184,24,31.95267542866293,3,1.0,69.14821929937246
81,adaptive_frontier,42,1,0.22615740740740742,24,31.97941063844802,3,1.0,70.10661244936479
82,adaptive_frontier,42,1,0.22881944444444444,24,32.0,3,1.0,70.96318814107562
83,adaptive_frontier,42,1,0.23159722222222223,24,32.0,3,1.0,72.14323701445984
84,adaptive_frontier,42,1,0.23425925925925925,24,32.0,3,1.0,73.3474506675444
85,adaptive_frontier,42,1,0.23622685185185185,24,32.0,3,1.0,74.09868609650573
86,adaptive_frontier,42,1,0.23854166666666668,24,32.0,3,1.0,74.5195033084506
87,adaptive_frontier,42,1,0.24074074074074073,24,32.0,3,1.0,75.42998943279181
88,adaptive_frontier,42,1,0.24351851851851852,24,32.0,3,1.0,75.8703681873519
89,adaptive_frontier,42,1,0.2457175925925926,24,32.0,3,1.0,76.45076054230283
90,adaptive_frontier,42,1,0.2480324074074074,24,32.0,3,1.0,77.23548903417402
91,adaptive_frontier,42,1,0.2501157407407407,24,32.0,3,1.0,77.90735898508774
92,adaptive_frontier,42,1,0.2523148148148148,24,32.0,3,1.0,78.67850646660142
93,adaptive_frontier,42,1,0.2552083333333333,24,32.0,3,1.0,79.44798280385795
94,adaptive_frontier,42,1,0.2585648148148148,24,32.0,3,1.0,80.48601249722428
95,adaptive_frontier,42,1,0.2607638888888889,24,32.0,3,1.0,80.7538125844909
96,adaptive_frontier,42,1,0.26296296296296295,24,32.0,3,1.0,81.10292512102065
97,adaptive_frontier,42,1,0.2642361111111111,24,32.0,3,1.0,81.74060619396398
98,adaptive_frontier,42,1,0.2659722222222222,24,32.0,3,1.0,82.21993257198773
99,adaptive_frontier,42,1,0.26817129629629627,24,32.0,3,1.0,83.132414320501
100,adaptive_frontier,42,1,0.2704861111111111,24,32.0,3,1.0,84.33488056802045
101,adaptive_frontier,42,1,0.27291666666666664,24,32.0,3,1.0,85.47389342297579
102,adaptive_frontier,42,1,0.2747685185185185,24,32.0,3,1.0,85.90395313720498
103,adaptive_frontier,42,1,0.27743055555555557,24,32.0,3,1.0,86.73564954643537
104,adaptive_frontier,42,1,0.2791666666666667,24,32.0,3,1.0,87.19260292016155
105,adaptive_frontier,42,1,0.2811342592592593,24,32.0,3,1.0,87.65787965492065
106,adaptive_frontier,42,1,0.2832175925925926,24,31.999007178488046,3,1.0,88.62288406121068
107,adaptive_frontier,42,1,0.28541666666666665,24,31.994154205224245,3,1.0,89.80868670082756
108,adaptive_frontier,42,1,0.2869212962962963,24,31.991047689551156,3,1.0,90.26189402702113
109,adaptive_frontier,42,1,0.28923611111111114,24,31.9825531074499,3,1.0,91.45617983240099
110,adaptive_frontier,42,1,0.29131944444444446,24,31.977695499500783,3,1.0,91.82942735486327
111,adaptive_frontier,42,1,0.2934027777777778,24,31.972987972824892,3,1.0,92.5609225882314
112,adaptive_frontier,42,1,0.29606481481481484,24,31.972766954484673,3,1.0,93.12214906123117
113,adaptive_frontier,42,1,0.2983796296296296,24,31.960729314571307,3,1.0,94.30192086510294
114,adaptive_frontier,42,1,0.3,24,31.957077478920876,3,1.0,94.51856589570616
115,adaptive_frontier,42,1,0.3013888888888889,24,31.943433949231338,3,1.0,95.15870384059515
116,adaptive_frontier,42,1,0.30300925925925926,24,31.924660540658323,3,1.0,95.99918581897388
117,adaptive_frontier,42,1,0.30474537037037036,24,31.90599242921411,3,1.0,97.05808112509943
118,adaptive_frontier,42,1,0.30636574074074074,24,31.878963384532835,3,1.0,97.98575519791436
119,adaptive_frontier,42,1,0.30787037037037035,24,31.849825202413143,3,1.0,98.23789542651444
120,adaptive_frontier,42,1,0.30925925925925923,24,31.45303334905834,4,0.25,99.0798769497977
121,adaptive_frontier,42,1,0.3109953703703704,24,31.02759933101483,4,0.25,99.94591583009634
122,adaptive_frontier,42,1,0.3121527777777778,24,30.636097851198702,4,0.25,100.7838187411028
123,adaptive_frontier,42,1,0.31319444444444444,24,30.231338062305408,4,0.25,101.34656723401383
124,adaptive_frontier,42,1,0.31527777777777777,24,29.832323932383684,4,0.25,102.52105960267973
125,adaptive_frontier,42,1,0.3170138888888889,24,29.392554177372293,4,0.25,103.40048859437906
126,adaptive_frontier,42,1,0.31875,24,28.969034750323985,4,0.25,104.21953874152331
127,adaptive_frontier,42,1,0.32083333333333336,24,28.561329187662434,4,0.25,105.18584468110463
128,adaptive_frontier,42,1,0.32349537037037035,24,28.144375296122977,4,0.25,106.1313825286103
129,adaptive_frontier,42,1,0.32546296296296295,24,27.753108794239818,4,0.25,107.18162294127004
130,adaptive_frontier,42,1,0.3277777777777778,24,27.34389829206228,4,0.25,108.38331952767948
131,adaptive_frontier,42,1,0.3295138888888889,24,26.946371951469132,4,0.25,109.61017993202694
132,adaptive_frontier,42,1,0.3318287037037037,24,26.524278976661034,4,0.25,110.1908169698808
133,adaptive_frontier,42,1,0.33414351851851853,24,26.102011045181836,4,0.25,111.35505789984948
134,adaptive_frontier,42,1,0.3368055555555556,24,25.692067061721833,4,0.25,112.53491665357454
135,adaptive_frontier,42,1,0.3385416666666667,24,25.260973586925218,4,0.25,113.55076517934671
136,adaptive_frontier,42,1,0.34050925925925923,24,24.844490141470416,4,0.25,114.09842678251441
137,adaptive_frontier,42,1,0.3436342592592593,24,24.42842715779337,4,0.25,114.61639328046648
138,adaptive_frontier,42,1,0.34502314814814816,24,24.01599633096197,4,0.25,115.00784110825576
139,adaptive_frontier,42,1,0.346875,24,23.602638133521427,4,0.25,116.0552554968912
140,adaptive_frontier,42,1,0.3490740740740741,24,23.170522968018748,4,0.25,116.83467523565227
141,adaptive_frontier,42,1,0.3506944444444444,24,22.776091521310594,4,0.25,117.41210434246678
142,adaptive_frontier,42,1,0.3521990740740741,24,22.39090415494149,4,0.25,117.76763563144868
143,adaptive_frontier,42,1,0.35347222222222224,24,21.983884817350454,4,0.25,118.04635969726493
144,adaptive_frontier,42,1,0.35381944444444446,24,21.581975685853944,4,0.25,118.78442784527614
145,adaptive_frontier,42,1,0.3548611111111111,24,21.180803711066968,4,0.25,119.0
146,adaptive_frontier,42,1,0.35532407407407407,24,20.78174705444924,4,0.25,119.0
147,adaptive_frontier,42,1,0.355787037037037,24,20.36504773683912,4,0.25,119.0
148,adaptive_frontier,42,1,0.35671296296296295,24,19.937475628484954,4,0.25,119.0
149,adaptive_frontier,42,1,0.35717592592592595,24,19.53640916682545,4,0.25,119.0
150,adaptive_frontier,42,1,0.3577546296296296,24,19.117933562272693,4,0.25,119.0
151,adaptive_frontier,42,1,0.35810185185185184,24,18.71543410476778,4,0.25,119.0
152,adaptive_frontier,42,1,0.3587962962962963,24,18.293468918917352,4,0.25,119.0
153,adaptive_frontier,42,1,0.3590277777777778,24,17.87698146402914,4,0.25,119.0
154,adaptive_frontier,42,1,0.36006944444444444,24,17.46133664326805,4,0.25,119.0
155,adaptive_frontier,42,1,0.36064814814814816,24,17.043057873675252,4,0.25,119.0
156,adaptive_frontier,42,1,0.3612268518518518,24,16.645784012367326,4,0.25,119.0
157,adaptive_frontier,42,1,0.3613425925925926,24,16.249885652597023,4,0.25,119.0
158,adaptive_frontier,42,1,0.36157407407407405,24,15.850066542140487,4,0.25,119.0
159,adaptive_frontier,42,1,0.36157407407407405,24,15.439721750042244,4,0.25,119.0
160,adaptive_frontier,42,1,0.36157407407407405,24,15.02207235621548,5,0.2,119.0
161,adaptive_frontier,42,1,0.36157407407407405,24,14.618458140774356,5,0.2,119.0
162,adaptive_frontier,42,1,0.36157407407407405,24,14.1919498268637,5,0.2,119.0
163,adaptive_frontier,42,1,0.3616898148148148,24,13.753376516885979,5,0.2,119.0
164,adaptive_frontier,42,1,0.3616898148148148,24,13.341919297255304,5,0.2,119.0
165,adaptive_frontier,42,1,0.3616898148148148,24,12.95906860434942,5,0.2,119.0
166,adaptive_frontier,42,1,0.3616898148148148,24,12.532827401755654,5,0.2,119.0
167,adaptive_frontier,42,1,0.36192129629629627,24,12.130346176036602,5,0.2,119.0
168,adaptive_frontier,42,1,0.36192129629629627,24,11.716023328073343,5,0.2,119.0
169,adaptive_frontier,42,1,0.36192129629629627,24,11.298370854972731,5,0.2,119.0
170,adaptive_frontier,42,1,0.36192129629629627,24,10.910039939614677,5,0.2,119.0
171,adaptive_frontier,42,1,0.36192129629629627,24,10.507882664207038,5,0.2,119.0
172,adaptive_frontier,42,1,0.36203703703703705,24,10.09975446537743,5,0.2,119.0
173,adaptive_frontier,42,1,0.36203703703703705,24,9.702731299426974,5,0.2,119.0
174,adaptive_frontier,42,1,0.36203703703703705,24,9.270805865385702,5,0.2,119.0
175,adaptive_frontier,42,1,0.36203703703703705,24,8.873044596430377,5,0.2,119.0
176,adaptive_frontier,42,1,0.36203703703703705,24,8.452444609465546,5,0.2,119.0
177,adaptive_frontier,42,1,0.36203703703703705,24,8.047654358959646,5,0.2,119.0
178,adaptive_frontier,42,1,0.36203703703703705,24,7.6449126466773905,5,0.2,119.0
179,adaptive_frontier,42,1,0.36203703703703705,24,7.2174750080294885,5,0.2,119.0
180,adaptive_frontier,42,1,0.36226851851851855,24,6.80951540997381,5,0.2,119.0
181,adaptive_frontier,42,1,0.36226851851851855,24,6.386713618925509,5,0.2,119.0
182,adaptive_frontier,42,1,0.36226851851851855,24,5.981883206027213,5,0.2,119.0
183,adaptive_frontier,42,1,0.36226851851851855,24,5.57218683957331,5,0.2,119.0
184,adaptive_frontier,42,1,0.36226851851851855,24,5.1670650881367255,5,0.2,119.0
185,adaptive_frontier,42,1,0.36226851851851855,24,4.779329902798355,5,0.2,119.0
186,adaptive_frontier,42,1,0.36226851851851855,24,4.369620030526979,5,0.2,119.0
187,adaptive_frontier,42,1,0.36226851851851855,24,3.9356078800151777,5,0.2,119.0
188,adaptive_frontier,42,1,0.36226851851851855,24,3.5323252282149356,5,0.2,119.0
189,adaptive_frontier,42,1,0.36226851851851855,24,3.1442382891292913,5,0.2,119.0
190,adaptive_frontier,42,1,0.36226851851851855,23,2.8560959637733196,5,0.2,119.0
191,adaptive_frontier,42,1,0.36226851851851855,23,2.442538903224723,5,0.2,119.0
192,adaptive_frontier,42,1,0.36226851851851855,23,2.018479234208801,5,0.2,119.0
193,adaptive_frontier,42,1,0.36226851851851855,23,1.6146763282382302,5,0.2,119.0
194,adaptive_frontier,42,1,0.36226851851851855,23,1.200952065315719,5,0.2,119.0
195,adaptive_frontier,42,1,0.36226851851851855,21,0.8779205645848398,5,0.2,119.0
196,adaptive_frontier,42,1,0.36226851851851855,19,0.5316233117861475,5,0.2,119.0
197,adaptive_frontier,42,1,0.36226851851851855,9,0.46884302071791567,5,0.2,119.0
198,adaptive_frontier,42,1,0.36226851851851855,5,0.2875284136644686,5,0.2,119.0
199,adaptive_frontier,42,1,0.36226851851851855,1,0.32491783055061874,5,0.2,119.0
200,adaptive_frontier,42,1,0.36226851851851855,0,0.0,5,0.2,119.0
201,adaptive_frontier,42,1,0.36226851851851855,0,0.0,5,0.2,119.0
202,adaptive_frontier,42,1,0.36226851851851855,0,0.0,5,0.2,119.0
203,adaptive_frontier,42,1,0.36226851851851855,0,0.0,5,0.2,119.0
204,adaptive_frontier,42,1,0.36226851851851855,0,0.0,5,0.2,119.0
205,adaptive_frontier,42,1,0.36226851851851855,0,0.0,5,0.2,119.0
206,adaptive_frontier,42,1,0.36226851851851855,0,0.0,5,0.2,119.0
207,adaptive_frontier,42,1,0.36226851851851855,0,0.0,5,0.2,119.0
208,adaptive_frontier,42,1,0.36226851851851855,0,0.0,5,0.2,119.0
209,adaptive_frontier,42,1,0.36226851851851855,0,0.0,5,0.2,119.0
210,adaptive_frontier,42,1,0.36226851851851855,0,0.0,5,0.2,119.0
211,adaptive_frontier,42,1,0.36226851851851855,0,0.0,5,0.2,119.0
212,adaptive_frontier,42,1,0.36226851851851855,0,0.0,5,0.2,119.0
213,adaptive_frontier,42,1,0.36226851851851855,0,0.0,5,0.2,119.0
214,adaptive_frontier,42,1,0.36226851851851855,0,0.0,5,0.2,119.0
215,adaptive_frontier,42,1,0.36226851851851855,0,0.0,5,0.2,119.0
216,adaptive_frontier,42,1,0.36226851851851855,0,0.0,5,0.2,119.0
217,adaptive_frontier,42,1,0.36226851851851855,0,0.0,5,0.2,119.0
218,adaptive_frontier,42,1,0.36226851851851855,0,0.0,5,0.2,119.0
219,adaptive_frontier,42,1,0.36226851851851855,0,0.0,5,0.2,119.0
220,adaptive_frontier,42,1,0.36226851851851855,0,0.0,5,0.2,119.0
221,adaptive_frontier,42,1,0.36226851851851855,0,0.0,5,0.2,119.0
222,adaptive_frontier,42,1,0.36226851851851855,0,0.0,5,0.2,119.0
223,adaptive_frontier,42,1,0.36226851851851855,0,0.0,5,0.2,119.0
224,adaptive_frontier,42,1,0.36226851851851855,0,0.0,5,0.2,119.0
225,adaptive_frontier,42,1,0.36226851851851855,0,0.0,5,0.2,119.0
226,adaptive_frontier,42,1,0.36226851851851855,0,0.0,5,0.2,119.0
227,adaptive_frontier,42,1,0.36226851851851855,0,0.0,5,0.2,119.0
228,adaptive_frontier,42,1,0.36226851851851855,0,0.0,5,0.2,119.0
229,adaptive_frontier,42,1,0.36226851851851855,0,0.0,5,0.2,119.0
230,adaptive_frontier,42,1,0.36226851851851855,0,0.0,5,0.2,119.0
231,adaptive_frontier,42,1,0.36226851851851855,0,0.0,5,0.2,119.0
232,adaptive_frontier,42,1,0.36226851851851855,0,0.0,5,0.2,119.0
233,adaptive_frontier,42,1,0.36226851851851855,0,0.0,5,0.2,119.0
234,adaptive_frontier,42,1,0.36226851851851855,0,0.0,5,0.2,119.0
235,adaptive_frontier,42,1,0.36226851851851855,0,0.0,5,0.2,119.0
236,adaptive_frontier,42,1,0.36226851851851855,0,0.0,5,0.2,119.0
237,adaptive_frontier,42,1,0.36226851851851855,0,0.0,5,0.2,119.0
238,adaptive_frontier,42,1,0.36226851851851855,0,0.0,5,0.2,119.0
239,adaptive_frontier,42,1,0.36226851851851855,0,0.0,5,0.2,119.0
0,adaptive_frontier,84,1,0.009606481481481481,24,32.0,1,1.0,10.811964822663965
1,adaptive_frontier,84,1,0.011689814814814814,24,32.0,1,1.0,11.829109174596441
2,adaptive_frontier,84,1,0.013888888888888888,24,32.0,1,1.0,12.853049049426948
3,adaptive_frontier,84,1,0.015856481481481482,24,32.0,1,1.0,13.633391585087654
4,adaptive_frontier,84,1,0.01724537037037037,24,32.0,1,1.0,14.217108446223358
5,adaptive_frontier,84,1,0.01863425925925926,24,32.0,1,1.0,15.034178577291598
6,adaptive_frontier,84,1,0.020717592592592593,24,32.0,1,1.0,16.217388818688878
7,adaptive_frontier,84,1,0.022569444444444444,24,32.0,1,1.0,17.132138390995607
8,adaptive_frontier,84,1,0.024537037037037038,24,32.0,1,1.0,18.185076878263715
9,adaptive_frontier,84,1,0.026504629629629628,24,32.0,1,1.0,19.014661384703967
10,adaptive_frontier,84,1,0.028819444444444446,24,32.0,1,1.0,19.73744962026524
11,adaptive_frontier,84,1,0.030555555555555555,24,32.0,1,1.0,20.173483216332716
12,adaptive_frontier,84,1,0.03321759259259259,24,32.0,1,1.0,21.159014366834487
13,adaptive_frontier,84,1,0.03564814814814815,24,32.0,1,1.0,22.33507058248438
14,adaptive_frontier,84,1,0.0375,24,32.0,1,1.0,22.900382179710082
15,adaptive_frontier,84,1,0.03958333333333333,24,32.0,1,1.0,23.47839802797512
16,adaptive_frontier,84,1,0.041087962962962965,24,32.0,1,1.0,24.164425917018992
17,adaptive_frontier,84,1,0.04351851851851852,24,32.0,1,1.0,24.638720952384972
18,adaptive_frontier,84,1,0.04594907407407407,24,32.0,1,1.0,25.3846404200814
19,adaptive_frontier,84,1,0.04826388888888889,24,32.0,1,1.0,26.392309567176024
20,adaptive_frontier,84,1,0.050347222222222224,24,32.0,1,1.0,26.818839883168394
21,adaptive_frontier,84,1,0.0525462962962963,24,32.0,1,1.0,27.428035096399817
22,adaptive_frontier,84,1,0.05497685185185185,24,32.0,1,1.0,28.36577523120362
23,adaptive_frontier,84,1,0.05763888888888889,24,32.0,1,1.0,29.355504635842035
24,adaptive_frontier,84,1,0.06041666666666667,24,31.995457683041987,1,1.0,29.851158827693965
25,adaptive_frontier,84,1,0.06342592592592593,24,31.996234288110358,1,1.0,30.84078895520566
26,adaptive_frontier,84,1,0.06585648148148149,24,31.98963956349313,1,1.0,31.841003237768764
27,adaptive_frontier,84,1,0.06782407407407408,24,31.983470293521602,1,1.0,32.21549935646983
28,adaptive_frontier,84,1,0.0712962962962963,24,31.96005896758901,1,1.0,33.47524862703212
29,adaptive_frontier,84,1,0.07418981481481482,24,31.938695267214232,1,1.0,34.26847305594466
30,adaptive_frontier,84,1,0.07673611111111112,24,31.930763988529407,1,1.0,34.7968299436427
31,adaptive_frontier,84,1,0.07974537037037037,24,31.900034261763494,1,1.0,35.84122439135443
32,adaptive_frontier,84,1,0.08287037037037037,24,31.879556388363323,1,1.0,36.16274753255026
33,adaptive_frontier,84,1,0.0855324074074074,24,31.852980932511525,1,1.0,36.69149496999004
34,adaptive_frontier,84,1,0.08877314814814814,24,31.82624590050803,1,1.0,37.648555679097996
35,adaptive_frontier,84,1,0.09166666666666666,24,31.78136704035296,1,1.0,38.07433465645812
36,adaptive_frontier,84,1,0.09560185185185185,24,31.740958560679474,1,1.0,38.845790370107245
37,adaptive_frontier,84,1,0.09826388888888889,24,31.684909028838092,1,1.0,39.33067476489296
38,adaptive_frontier,84,1,0.10162037037037037,24,31.63044438735629,1,1.0,40.2431194306226
39,adaptive_frontier,84,1,0.10335648148148148,24,31.57035165795659,1,1.0,41.154738056165634
40,adaptive_frontier,84,1,0.10636574074074075,24,31.74260990850547,2,1.0,41.48524494061612
41,adaptive_frontier,84,1,0.10914351851851851,24,31.851160498870403,2,1.0,41.93377891781548
42,adaptive_frontier,84,1,0.11226851851851852,24,31.9211558102045,2,1.0,42.58754381588764
43,adaptive_frontier,84,1,0.11493055555555555,24,31.972521719601257,2,1.0,43.230983229901796
44,adaptive_frontier,84,1,0.11770833333333333,24,31.999365756238962,2,1.0,43.87637466791454
45,adaptive_frontier,84,1,0.12141203703703704,24,32.0,2,1.0,44.37047941331556
46,adaptive_frontier,84,1,0.12430555555555556,24,32.0,2,1.0,45.19258537389974
47,adaptive_frontier,84,1,0.12766203703703705,24,32.0,2,1.0,45.89183788978025
48,adaptive_frontier,84,1,0.13043981481481481,24,32.0,2,1.0,46.459653292417784
49,adaptive_frontier,84,1,0.13287037037037036,24,32.0,2,1.0,47.094989396373656
50,adaptive_frontier,84,1,0.13564814814814816,24,32.0,2,1.0,48.08404093189029
51,adaptive_frontier,84,1,0.13819444444444445,24,32.0,2,1.0,48.80137438298845
52,adaptive_frontier,84,1,0.140625,24,32.0,2,1.0,49.459078493204615
53,adaptive_frontier,84,1,0.14351851851851852,24,32.0,2,1.0,50.44831748361943
54,adaptive_frontier,84,1,0.14548611111111112,24,32.0,2,1.0,51.08014169625676
55,adaptive_frontier,84,1,0.1474537037037037,24,32.0,2,1.0,51.74300163725681
56,adaptive_frontier,84,1,0.15,24,32.0,2,1.0,52.15463941258054
57,adaptive_frontier,84,1,0.1528935185185185,24,32.0,2,1.0,52.958204319192355
58,adaptive_frontier,84,1,0.15648148148148147,24,32.0,2,1.0,53.31610937222526
59,adaptive_frontier,84,1,0.1582175925925926,24,32.0,2,1.0,53.82322004164527
60,adaptive_frontier,84,1,0.16064814814814815,24,32.0,2,1.0,54.30369350476252
61,adaptive_frontier,84,1,0.16319444444444445,24,31.998212978117863,2,1.0,54.83350543475376
62,adaptive_frontier,84,1,0.16620370370370371,24,31.995364624975746,2,1.0,55.51370343494479
63,adaptive_frontier,84,1,0.1693287037037037,24,31.992895847521513,2,1.0,56.16177255586542
64,adaptive_frontier,84,1,0.171875,24,31.99426813144574,2,1.0,56.721161772470275
65,adaptive_frontier,84,1,0.1755787037037037,24,31.990279677745615,2,1.0,57.631378828494135
66,adaptive_frontier,84,1,0.17858796296296298,24,31.988065893082048,2,1.0,58.44845656242644
67,adaptive_frontier,84,1,0.1814814814814815,24,31.985103958970353,2,1.0,58.82774019889132
68,adaptive_frontier,84,1,0.18391203703703704,24,31.989092680690266,2,1.0,59.446130680658335
69,adaptive_frontier,84,1,0.18773148148148147,24,31.982980975798583,2,1.0,60.54490684305578
70,adaptive_frontier,84,1,0.190625,24,31.9813157373675,2,1.0,61.02254540893803
71,adaptive_frontier,84,1,0.19328703703703703,24,31.977210820518508,2,1.0,61.864080504594455
72,adaptive_frontier,84,1,0.19594907407407408,24,31.968789615327733,2,1.0,62.25637384412516
73,adaptive_frontier,84,1,0.1980324074074074,24,31.9613340370378,2,1.0,62.831606238970394
74,adaptive_frontier,84,1,0.20023148148148148,24,31.95264470563282,2,1.0,63.7304820311279
75,adaptive_frontier,84,1,0.2025462962962963,24,31.93733763575408,2,1.0,63.87713091348388
76,adaptive_frontier,84,1,0.20416666666666666,24,31.925421015754164,2,1.0,64.77252597483991
77,adaptive_frontier,84,1,0.20636574074074074,24,31.90557532787246,2,1.0,65.31810416392221
78,adaptive_frontier,84,1,0.20798611111111112,24,31.884869316597403,2,1.0,66.4155785360045
79,adaptive_frontier,84,1,0.20983796296296298,24,31.85987548499025,2,1.0,67.09765116335275
80,adaptive_frontier,84,1,0.21180555555555555,24,31.933543724886864,3,1.0,67.79310523995704
81,adaptive_frontier,84,1,0.21377314814814816,24,31.954863847819894,3,1.0,68.00103171451504
82,adaptive_frontier,84,1,0.2153935185185185,24,31.971331331851115,3,1.0,68.51785785267194
83,adaptive_frontier,84,1,0.21736111111111112,24,31.9871190702691,3,1.0,69.57153582146269
84,adaptive_frontier,84,1,0.2195601851851852,24,32.0,3,1.0,70.37032016424858
85,adaptive_frontier,84,1,0.22268518518518518,24,32.0,3,1.0,71.42458101578761
86,adaptive_frontier,84,1,0.22546296296296298,24,32.0,3,1.0,72.47699775037105
87,adaptive_frontier,84,1,0.22777777777777777,24,32.0,3,1.0,73.31572617801345
88,adaptive_frontier,84,1,0.22962962962962963,24,32.0,3,1.0,73.57660068744298
89,adaptive_frontier,84,1,0.23287037037037037,24,32.0,3,1.0,74.54858885515442
90,adaptive_frontier,84,1,0.23587962962962963,24,32.0,3,1.0,75.59078712969585
91,adaptive_frontier,84,1,0.2377314814814815,24,32.0,3,1.0,76.25548040953913
92,adaptive_frontier,84,1,0.2403935185185185,24,32.0,3,1.0,77.02814310102809
93,adaptive_frontier,84,1,0.24224537037037036,24,32.0,3,1.0,77.76022065191431
94,adaptive_frontier,84,1,0.2454861111111111,24,32.0,3,1.0,78.69393800311028
95,adaptive_frontier,84,1,0.2490740740740741,24,32.0,3,1.0,79.18094903496018
96,adaptive_frontier,84,1,0.25243055555555555,24,32.0,3,1.0,80.16447782852488
97,adaptive_frontier,84,1,0.25462962962962965,24,32.0,3,1.0,81.04722120485424
98,adaptive_frontier,84,1,0.2569444444444444,24,32.0,3,1.0,81.66357623544884
99,adaptive_frontier,84,1,0.25960648148148147,24,32.0,3,1.0,82.60972488630074
100,adaptive_frontier,84,1,0.26273148148148145,24,32.0,3,1.0,83.37681816644378
101,adaptive_frontier,84,1,0.26481481481481484,24,32.0,3,1.0,84.38211479773278
102,adaptive_frontier,84,1,0.2675925925925926,24,32.0,3,1.0,85.13167363097672
103,adaptive_frontier,84,1,0.2704861111111111,24,32.0,3,1.0,86.08911484433645
104,adaptive_frontier,84,1,0.27337962962962964,24,31.99621533029047,3,1.0,86.51321204663122
105,adaptive_frontier,84,1,0.2758101851851852,24,31.999774723680982,3,1.0,86.75485640033331
106,adaptive_frontier,84,1,0.27881944444444445,24,31.995568789224354,3,1.0,87.74123580634944
107,adaptive_frontier,84,1,0.2818287037037037,24,31.986011570182473,3,1.0,88.54150609162069
108,adaptive_frontier,84,1,0.28391203703703705,24,31.989996950557543,3,1.0,89.18371166210792
109,adaptive_frontier,84,1,0.28738425925925926,24,31.980900172638297,3,1.0,90.0603681235562
110,adaptive_frontier,84,1,0.28935185185185186,24,31.973999569588155,3,1.0,91.25852491998675
111,adaptive_frontier,84,1,0.29108796296296297,24,31.96360624009084,3,1.0,92.02393468097257
112,adaptive_frontier,84,1,0.2929398148148148,24,31.947246111583855,3,1.0,92.56149135047066
113,adaptive_frontier,84,1,0.2951388888888889,24,31.93573551933314,3,1.0,93.2616280395383
114,adaptive_frontier,84,1,0.29768518518518516,24,31.912900495262814,3,1.0,94.15986058721802
115,adaptive_frontier,84,1,0.29953703703703705,24,31.891526720768315,3,1.0,95.0639788157912
116,adaptive_frontier,84,1,0.30104166666666665,24,31.866526224293665,3,1.0,95.67042565474664
117,adaptive_frontier,84,1,0.30277777777777776,24,31.834862559922794,3,1.0,96.6895085456654
118,adaptive_frontier,84,1,0.30474537037037036,24,31.797222063409706,3,1.0,97.05696177311421
119,adaptive_frontier,84,1,0.30636574074074074,24,31.759063357472893,3,1.0,97.663574405252
120,adaptive_frontier,84,1,0.30810185185185185,24,31.35136292817641,4,0.25,98.2228155712444
121,adaptive_frontier,84,1,0.3101851851851852,24,30.938443323528677,4,0.25,98.92699945877112
122,adaptive_frontier,84,1,0.3128472222222222,24,30.550549047167532,4,0.25,99.53842276141135
123,adaptive_frontier,84,1,0.3159722222222222,24,30.15098881255047,4,0.25,100.50929766512309
124,adaptive_frontier,84,1,0.31840277777777776,24,29.736757798298683,4,0.25,101.50144406062927
125,adaptive_frontier,84,1,0.3210648148148148,24,29.336911336488196,4,0.25,102.1405431495154
126,adaptive_frontier,84,1,0.32314814814814813,24,28.914476962619972,4,0.25,102.87033931137613
127,adaptive_frontier,84,1,0.32523148148148145,24,28.511112646907907,4,0.25,103.44203340610692
128,adaptive_frontier,84,1,0.328125,24,28.093189495496066,4,0.25,104.02470095607144
129,adaptive_frontier,84,1,0.33032407407407405,24,27.7073309266794,4,0.25,105.17769602358925
130,adaptive_frontier,84,1,0.33252314814814815,24,27.28882708922859,4,0.25,106.03741393463473
131,adaptive_frontier,84,1,0.3351851851851852,24,26.889876522722933,4,0.25,106.5654614471289
132,adaptive_frontier,84,1,0.33738425925925924,24,26.473310848700944,4,0.25,107.67376776686798
133,adaptive_frontier,84,1,0.3403935185185185,24,26.066002751012633,4,0.25,108.48242432059047
134,adaptive_frontier,84,1,0.3416666666666667,24,25.676114841373614,4,0.25,109.22184010656993
135,adaptive_frontier,84,1,0.3440972222222222,24,25.286929573751326,4,0.25,109.85249377473149
136,adaptive_frontier,84,1,0.34618055555555555,24,24.880307059835673,4,0.25,111.00731196966184
137,adaptive_frontier,84,1,0.3482638888888889,24,24.500270167681332,4,0.25,111.46787955160376
138,adaptive_frontier,84,1,0.34976851851851853,24,24.097456244115076,4,0.25,112.2488542325823
139,adaptive_frontier,84,1,0.35162037037037036,24,23.686473482595733,4,0.25,112.96234422481224
140,adaptive_frontier,84,1,0.3542824074074074,24,23.260364617512938,4,0.25,113.75846129323146
141,adaptive_frontier,84,1,0.3574074074074074,24,22.820239808532197,4,0.25,114.87591927042958
142,adaptive_frontier,84,1,0.3591435185185185,24,22.403593611955923,4,0.25,115.49116906317462
143,adaptive_frontier,84,1,0.36041666666666666,24,22.004604231762965,4,0.25,116.15445061638698
144,adaptive_frontier,84,1,0.3625,24,21.60606527751091,4,0.25,117.03918593525331
145,adaptive_frontier,84,1,0.36365740740740743,24,21.187860415016402,4,0.25,117.75792736268583
146,adaptive_frontier,84,1,0.3642361111111111,24,20.775130927935553,4,0.25,118.58789238116358
147,adaptive_frontier,84,1,0.3648148148148148,24,20.362982869896136,4,0.25,119.0
148,adaptive_frontier,84,1,0.365625,24,19.941097281710032,4,0.25,119.0
149,adaptive_frontier,84,1,0.3662037037037037,24,19.522580845533483,4,0.25,119.0
150,adaptive_frontier,84,1,0.36701388888888886,24,19.10031917181664,4,0.25,119.0
151,adaptive_frontier,84,1,0.368287037037037,24,18.680074610425105,4,0.25,119.0
152,adaptive_frontier,84,1,0.36863425925925924,24,18.26151577571659,4,0.25,119.0
153,adaptive_frontier,84,1,0.36898148148148147,24,17.843048644172153,4,0.25,119.0
154,adaptive_frontier,84,1,0.36898148148148147,24,17.425277109144478,4,0.25,119.0
155,adaptive_frontier,84,1,0.36909722222222224,24,17.01184785433735,4,0.25,119.0
156,adaptive_frontier,84,1,0.36909722222222224,24,16.582774642087575,4,0.25,119.0
157,adaptive_frontier,84,1,0.36909722222222224,24,16.164972291225222,4,0.25,119.0
158,adaptive_frontier,84,1,0.36909722222222224,24,15.759137383259954,4,0.25,119.0
159,adaptive_frontier,84,1,0.36909722222222224,24,15.340398170506285,4,0.25,119.0
160,adaptive_frontier,84,1,0.36909722222222224,24,14.939514212961816,5,0.2,119.0
161,adaptive_frontier,84,1,0.36909722222222224,24,14.499370731940466,5,0.2,119.0
162,adaptive_frontier,84,1,0.36909722222222224,24,14.069992749923292,5,0.2,119.0
163,adaptive_frontier,84,1,0.36909722222222224,24,13.655746809301414,5,0.2,119.0
164,adaptive_frontier,84,1,0.3695601851851852,24,13.257345710437164,5,0.2,119.0
165,adaptive_frontier,84,1,0.3695601851851852,24,12.837453657379362,5,0.2,119.0
166,adaptive_frontier,84,1,0.3695601851851852,24,12.416164099343556,5,0.2,119.0
167,adaptive_frontier,84,1,0.3695601851851852,24,12.012923712183515,5,0.2,119.0
168,adaptive_frontier,84,1,0.3695601851851852,24,11.580564374245673,5,0.2,119.0
169,adaptive_frontier,84,1,0.3695601851851852,24,11.153754416253198,5,0.2,119.0
170,adaptive_frontier,84,1,0.3696759259259259,24,10.72593798735871,5,0.2,119.0
171,adaptive_frontier,84,1,0.3697916666666667,24,10.32365622545634,5,0.2,119.0
172,adaptive_frontier,84,1,0.3701388888888889,24,9.889906036386813,5,0.2,119.0
173,adaptive_frontier,84,1,0.3701388888888889,24,9.494632289327045,5,0.2,119.0
174,adaptive_frontier,84,1,0.3701388888888889,24,9.075069321049963,5,0.2,119.0
175,adaptive_frontier,84,1,0.3701388888888889,24,8.668277867578668,5,0.2,119.0
176,adaptive_frontier,84,1,0.3701388888888889,24,8.250388364534588,5,0.2,119.0
177,adaptive_frontier,84,1,0.3701388888888889,24,7.836263880881726,5,0.2,119.0
178,adaptive_frontier,84,1,0.3701388888888889,24,7.436123205178937,5,0.2,119.0
179,adaptive_frontier,84,1,0.3701388888888889,24,7.016718993164844,5,0.2,119.0
180,adaptive_frontier,84,1,0.3701388888888889,24,6.59932416564498,5,0.2,119.0
181,adaptive_frontier,84,1,0.3701388888888889,24,6.1839383079143815,5,0.2,119.0
182,adaptive_frontier,84,1,0.3701388888888889,24,5.765340427312768,5,0.2,119.0
183,adaptive_frontier,84,1,0.3701388888888889,24,5.354130152296377,5,0.2,119.0
184,adaptive_frontier,84,1,0.3701388888888889,24,4.929756966324087,5,0.2,119.0
185,adaptive_frontier,84,1,0.37025462962962963,24,4.524591175844176,5,0.2,119.0
186,adaptive_frontier,84,1,0.37025462962962963,24,4.1237215211775755,5,0.2,119.0
187,adaptive_frontier,84,1,0.37060185185185185,24,3.7235002429152737,5,0.2,119.0
188,adaptive_frontier,84,1,0.37060185185185185,24,3.3295006481828247,5,0.2,119.0
189,adaptive_frontier,84,1,0.37060185185185185,24,2.9136029926729208,5,0.2,119.0
190,adaptive_frontier,84,1,0.37060185185185185,24,2.5131959478838106,5,0.2,119.0
191,adaptive_frontier,84,1,0.37060185185185185,24,2.0874807672774747,5,0.2,119.0
192,adaptive_frontier,84,1,0.37060185185185185,23,1.754384851999781,5,0.2,119.0
193,adaptive_frontier,84,1,0.37060185185185185,22,1.3932387835230144,5,0.2,119.0
194,adaptive_frontier,84,1,0.37060185185185185,22,0.9712172561441785,5,0.2,119.0
195,adaptive_frontier,84,1,0.37060185185185185,17,0.7759816136427029,5,0.2,119.0
196,adaptive_frontier,84,1,0.37060185185185185,14,0.497055377551299,5,0.2,119.0
197,adaptive_frontier,84,1,0.37060185185185185,10,0.23366287093082388,5,0.2,119.0
198,adaptive_frontier,84,1,0.37060185185185185,1,0.05429931470986643,5,0.2,119.0
199,adaptive_frontier,84,1,0.37060185185185185,0,0.0,5,0.2,119.0
200,adaptive_frontier,84,1,0.37060185185185185,0,0.0,5,0.2,119.0
201,adaptive_frontier,84,1,0.37060185185185185,0,0.0,5,0.2,119.0
202,adaptive_frontier,84,1,0.37060185185185185,0,0.0,5,0.2,119.0
203,adaptive_frontier,84,1,0.37060185185185185,0,0.0,5,0.2,119.0
204,adaptive_frontier,84,1,0.37060185185185185,0,0.0,5,0.2,119.0
205,adaptive_frontier,84,1,0.37060185185185185,0,0.0,5,0.2,119.0
206,adaptive_frontier,84,1,0.37060185185185185,0,0.0,5,0.2,119.0
207,adaptive_frontier,84,1,0.37060185185185185,0,0.0,5,0.2,119.0
208,adaptive_frontier,84,1,0.37060185185185185,0,0.0,5,0.2,119.0
209,adaptive_frontier,84,1,0.37060185185185185,0,0.0,5,0.2,119.0
210,adaptive_frontier,84,1,0.37060185185185185,0,0.0,5,0.2,119.0
211,adaptive_frontier,84,1,0.37060185185185185,0,0.0,5,0.2,119.0
212,adaptive_frontier,84,1,0.37060185185185185,0,0.0,5,0.2,119.0
213,adaptive_frontier,84,1,0.37060185185185185,0,0.0,5,0.2,119.0
214,adaptive_frontier,84,1,0.37060185185185185,0,0.0,5,0.2,119.0
215,adaptive_frontier,84,1,0.37060185185185185,0,0.0,5,0.2,119.0
216,adaptive_frontier,84,1,0.37060185185185185,0,0.0,5,0.2,119.0
217,adaptive_frontier,84,1,0.37060185185185185,0,0.0,5,0.2,119.0
218,adaptive_frontier,84,1,0.37060185185185185,0,0.0,5,0.2,119.0
219,adaptive_frontier,84,1,0.37060185185185185,0,0.0,5,0.2,119.0
220,adaptive_frontier,84,1,0.37060185185185185,0,0.0,5,0.2,119.0
221,adaptive_frontier,84,1,0.37060185185185185,0,0.0,5,0.2,119.0
222,adaptive_frontier,84,1,0.37060185185185185,0,0.0,5,0.2,119.0
223,adaptive_frontier,84,1,0.37060185185185185,0,0.0,5,0.2,119.0
224,adaptive_frontier,84,1,0.37060185185185185,0,0.0,5,0.2,119.0
225,adaptive_frontier,84,1,0.37060185185185185,0,0.0,5,0.2,119.0
226,adaptive_frontier,84,1,0.37060185185185185,0,0.0,5,0.2,119.0
227,adaptive_frontier,84,1,0.37060185185185185,0,0.0,5,0.2,119.0
228,adaptive_frontier,84,1,0.37060185185185185,0,0.0,5,0.2,119.0
229,adaptive_frontier,84,1,0.37060185185185185,0,0.0,5,0.2,119.0
230,adaptive_frontier,84,1,0.37060185185185185,0,0.0,5,0.2,119.0
231,adaptive_frontier,84,1,0.37060185185185185,0,0.0,5,0.2,119.0
232,adaptive_frontier,84,1,0.37060185185185185,0,0.0,5,0.2,119.0
233,adaptive_frontier,84,1,0.37060185185185185,0,0.0,5,0.2,119.0
234,adaptive_frontier,84,1,0.37060185185185185,0,0.0,5,0.2,119.0
235,adaptive_frontier,84,1,0.37060185185185185,0,0.0,5,0.2,119.0
236,adaptive_frontier,84,1,0.37060185185185185,0,0.0,5,0.2,119.0
237,adaptive_frontier,84,1,0.37060185185185185,0,0.0,5,0.2,119.0
238,adaptive_frontier,84,1,0.37060185185185185,0,0.0,5,0.2,119.0
239,adaptive_frontier,84,1,0.37060185185185185,0,0.0,5,0.2,119.0
0,adaptive_frontier,101,1,0.009953703703703704,24,32.0,1,1.0,10.5131776610953
1,adaptive_frontier,101,1,0.011458333333333333,24,32.0,1,1.0,11.498793293854325
2,adaptive_frontier,101,1,0.012615740740740742,24,32.0,1,1.0,12.403499246762419
3,adaptive_frontier,101,1,0.014467592592592593,24,32.0,1,1.0,13.48396571654715
4,adaptive_frontier,101,1,0.016203703703703703,24,32.0,1,1.0,14.505236924226905
5,adaptive_frontier,101,1,0.017939814814814815,24,32.0,1,1.0,15.302712290694005
6,adaptive_frontier,101,1,0.019444444444444445,24,32.0,1,1.0,16.30143952764694
7,adaptive_frontier,101,1,0.021180555555555557,24,32.0,1,1.0,17.32417907542062
8,adaptive_frontier,101,1,0.023148148148148147,24,32.0,1,1.0,18.192024615115194
9,adaptive_frontier,101,1,0.025,24,32.0,1,1.0,19.305775231246788
10,adaptive_frontier,101,1,0.026504629629629628,24,32.0,1,1.0,19.75362939097775
11,adaptive_frontier,101,1,0.029050925925925924,24,32.0,1,1.0,20.619347541402885
12,adaptive_frontier,101,1,0.03125,24,32.0,1,1.0,21.386306202759762
13,adaptive_frontier,101,1,0.033449074074074076,24,32.0,1,1.0,21.612113578185014
14,adaptive_frontier,101,1,0.03518518518518519,24,32.0,1,1.0,22.41103941974267
15,adaptive_frontier,101,1,0.037384259259259256,24,32.0,1,1.0,23.1703564863331
16,adaptive_frontier,101,1,0.04027777777777778,24,32.0,1,1.0,24.088743901693036
17,adaptive_frontier,101,1,0.04282407407407408,24,32.0,1,1.0,24.931267658250043
18,adaptive_frontier,101,1,0.04525462962962963,24,32.0,1,1.0,25.259845532138815
19,adaptive_frontier,101,1,0.04849537037037037,24,32.0,1,1.0,26.320805518540684
20,adaptive_frontier,101,1,0.050347222222222224,24,32.0,1,1.0,26.51762639459491
21,adaptive_frontier,101,1,0.0525462962962963,24,32.0,1,1.0,27.153598786218097
22,adaptive_frontier,101,1,0.05451388888888889,24,32.0,1,1.0,28.249458343581093
23,adaptive_frontier,101,1,0.056712962962962965,24,32.0,1,1.0,28.424566866770782
24,adaptive_frontier,101,1,0.05925925925925926,24,32.0,1,1.0,29.295430000672436
25,adaptive_frontier,101,1,0.06296296296296296,24,31.999337739642325,1,1.0,29.784262048690216
26,adaptive_frontier,101,1,0.06550925925925925,24,32.0,1,1.0,30.38676333001842
27,adaptive_frontier,101,1,0.06782407407407408,24,31.999819835466635,1,1.0,30.704768727868974
28,adaptive_frontier,101,1,0.07048611111111111,24,31.99670432187475,1,1.0,30.882306268666042
29,adaptive_frontier,101,1,0.07361111111111111,24,31.989032013614036,1,1.0,31.2892285086834
30,adaptive_frontier,101,1,0.07708333333333334,24,31.97598025604077,1,1.0,31.76983844010403
31,adaptive_frontier,101,1,0.07893518518518519,24,31.966884261782536,1,1.0,32.468335493942554
32,adaptive_frontier,101,1,0.08136574074074074,24,31.950389432428096,1,1.0,33.05085124928906
33,adaptive_frontier,101,1,0.084375,24,31.928444370640467,1,1.0,33.518258600229366
34,adaptive_frontier,101,1,0.08784722222222222,24,31.900299841398077,1,1.0,34.403476774170656
35,adaptive_frontier,101,1,0.09027777777777778,24,31.863177876575946,1,1.0,35.11867687761359
36,adaptive_frontier,101,1,0.0931712962962963,24,31.822442382871326,1,1.0,35.937340669513475
37,adaptive_frontier,101,1,0.09606481481481481,24,31.780597431374815,1,1.0,36.56741320846534
38,adaptive_frontier,101,1,0.09849537037037037,24,31.73512253417839,1,1.0,37.16375361157394
39,adaptive_frontier,101,1,0.10162037037037037,24,31.669954439033813,1,1.0,38.24535625022018
40,adaptive_frontier,101,1,0.10405092592592592,24,31.847420451322524,2,1.0,38.72070597325083
41,adaptive_frontier,101,1,0.10636574074074075,24,31.939146025037246,2,1.0,39.33838872764746
42,adaptive_frontier,101,1,0.10983796296296296,24,31.998132824681893,2,1.0,40.17682890845909
43,adaptive_frontier,101,1,0.11319444444444444,24,32.0,2,1.0,40.703921729855345
44,adaptive_frontier,101,1,0.11643518518518518,24,32.0,2,1.0,41.61481631999142
45,adaptive_frontier,101,1,0.11944444444444445,24,32.0,2,1.0,42.434856149527235
46,adaptive_frontier,101,1,0.12268518518518519,24,32.0,2,1.0,42.73467391572427
47,adaptive_frontier,101,1,0.12546296296296297,24,32.0,2,1.0,43.20397894013963
48,adaptive_frontier,101,1,0.12858796296296296,24,32.0,2,1.0,44.04544687101065
49,adaptive_frontier,101,1,0.1310185185185185,24,32.0,2,1.0,44.71770128841357
50,adaptive_frontier,101,1,0.1346064814814815,24,32.0,2,1.0,45.2313076028476
51,adaptive_frontier,101,1,0.13773148148148148,24,32.0,2,1.0,45.7522192153758
52,adaptive_frontier,101,1,0.14050925925925925,24,32.0,2,1.0,46.27716549244687
53,adaptive_frontier,101,1,0.1439814814814815,24,32.0,2,1.0,47.085289374926575
54,adaptive_frontier,101,1,0.14722222222222223,24,32.0,2,1.0,47.747796905833034
55,adaptive_frontier,101,1,0.1502314814814815,24,32.0,2,1.0,48.2009224640577
56,adaptive_frontier,101,1,0.15393518518518517,24,32.0,2,1.0,49.398994354013155
57,adaptive_frontier,101,1,0.15763888888888888,24,32.0,2,1.0,50.13520871288684
58,adaptive_frontier,101,1,0.16087962962962962,24,32.0,2,1.0,51.33671783754311
59,adaptive_frontier,101,1,0.16435185185185186,24,32.0,2,1.0,51.70392146349712
60,adaptive_frontier,101,1,0.16747685185185185,24,32.0,2,1.0,52.894910362217935
61,adaptive_frontier,101,1,0.17002314814814815,24,32.0,2,1.0,53.170968022047774
62,adaptive_frontier,101,1,0.17337962962962963,24,31.998869939613755,2,1.0,54.045957603602155
63,adaptive_frontier,101,1,0.17650462962962962,24,31.992012685924873,2,1.0,54.550217827709425
64,adaptive_frontier,101,1,0.17916666666666667,24,31.988292942669336,2,1.0,55.64472495460027
65,adaptive_frontier,101,1,0.18171296296296297,24,31.984500774802,2,1.0,56.62649076523935
66,adaptive_frontier,101,1,0.18449074074074073,24,31.986439974994113,2,1.0,57.275112197179126
67,adaptive_frontier,101,1,0.18773148148148147,24,31.97642047733332,2,1.0,58.21512762617082
68,adaptive_frontier,101,1,0.19108796296296296,24,31.97002128880187,2,1.0,59.18625941051243
69,adaptive_frontier,101,1,0.19363425925925926,24,31.965303118050837,2,1.0,60.004479511778875
70,adaptive_frontier,101,1,0.19675925925925927,24,31.952014712320004,2,1.0,60.32029711603426
71,adaptive_frontier,101,1,0.19930555555555557,24,31.94684737394049,2,1.0,61.439190237649996
72,adaptive_frontier,101,1,0.20243055555555556,24,31.93296312061788,2,1.0,61.62642372784629
73,adaptive_frontier,101,1,0.20451388888888888,24,31.91758040044948,2,1.0,61.92030089015731
74,adaptive_frontier,101,1,0.2064814814814815,24,31.901121339827572,2,1.0,63.062235453774946
75,adaptive_frontier,101,1,0.20925925925925926,24,31.88160796938348,2,1.0,63.705821793369736
76,adaptive_frontier,101,1,0.21145833333333333,24,31.850354668012205,2,1.0,64.39936360069353
77,adaptive_frontier,101,1,0.21331018518518519,24,31.825370997663,2,1.0,64.95976361661697
78,adaptive_frontier,101,1,0.21574074074074073,24,31.798358804288416,2,1.0,65.80387761596741
79,adaptive_frontier,101,1,0.21724537037037037,24,31.755379366194912,2,1.0,66.29161098573307
80,adaptive_frontier,101,1,0.21979166666666666,24,31.89749027211089,3,1.0,67.53985136269772
81,adaptive_frontier,101,1,0.22199074074074074,24,31.946638740372837,3,1.0,68.2508930056602
82,adaptive_frontier,101,1,0.22372685185185184,24,31.97842721508128,3,1.0,68.86128385664358
83,adaptive_frontier,101,1,0.22650462962962964,24,32.0,3,1.0,69.80008655520628
84,adaptive_frontier,101,1,0.22916666666666666,24,32.0,3,1.0,70.54309134296297
85,adaptive_frontier,101,1,0.23078703703703704,24,32.0,3,1.0,71.25461896714451
86,adaptive_frontier,101,1,0.2326388888888889,24,32.0,3,1.0,72.09009026848896
87,adaptive_frontier,101,1,0.23506944444444444,24,32.0,3,1.0,72.73322531017335
88,adaptive_frontier,101,1,0.23715277777777777,24,32.0,3,1.0,73.61722181750234
89,adaptive_frontier,101,1,0.2386574074074074,24,32.0,3,1.0,74.13778035421936
90,adaptive_frontier,101,1,0.24097222222222223,24,32.0,3,1.0,75.02302515279288
91,adaptive_frontier,101,1,0.24247685185185186,24,32.0,3,1.0,75.74615406653132
92,adaptive_frontier,101,1,0.24467592592592594,24,32.0,3,1.0,76.78756557712896
93,adaptive_frontier,101,1,0.24641203703703704,24,32.0,3,1.0,77.47901381664896
94,adaptive_frontier,101,1,0.24791666666666667,24,32.0,3,1.0,77.99653556296794
95,adaptive_frontier,101,1,0.2502314814814815,24,32.0,3,1.0,78.63846422124494
96,adaptive_frontier,101,1,0.25266203703703705,24,32.0,3,1.0,79.13378354701618
97,adaptive_frontier,101,1,0.25462962962962965,24,32.0,3,1.0,80.35821301932737
98,adaptive_frontier,101,1,0.2568287037037037,24,32.0,3,1.0,80.88929337139896
99,adaptive_frontier,101,1,0.259375,24,32.0,3,1.0,81.76438357206742
100,adaptive_frontier,101,1,0.2616898148148148,24,32.0,3,1.0,82.63384275621499
101,adaptive_frontier,101,1,0.2641203703703704,24,32.0,3,1.0,83.370849188217
102,adaptive_frontier,101,1,0.2662037037037037,24,32.0,3,1.0,84.30588199421452
103,adaptive_frontier,101,1,0.26782407407407405,24,32.0,3,1.0,85.25133396190394
104,adaptive_frontier,101,1,0.27025462962962965,24,32.0,3,1.0,86.24929601782551
105,adaptive_frontier,101,1,0.27337962962962964,24,31.999876493131485,3,1.0,87.24794205067174
106,adaptive_frontier,101,1,0.27511574074074074,24,32.0,3,1.0,87.9935479929152
107,adaptive_frontier,101,1,0.2773148148148148,24,31.998368299396734,3,1.0,88.40498121003031
108,adaptive_frontier,101,1,0.2793981481481482,24,31.995275232720918,3,1.0,89.38133256681365
109,adaptive_frontier,101,1,0.28125,24,31.996699633366106,3,1.0,89.99397106964743
110,adaptive_frontier,101,1,0.2832175925925926,24,31.9917425802228,3,1.0,90.73696311001257
111,adaptive_frontier,101,1,0.28530092592592593,24,31.986056360706375,3,1.0,91.74553043665348
112,adaptive_frontier,101,1,0.28680555555555554,24,31.975409908697895,3,1.0,92.83260081749509
113,adaptive_frontier,101,1,0.28935185185185186,24,31.95250169638668,3,1.0,93.20893556937926
114,adaptive_frontier,101,1,0.2912037037037037,24,31.932931019668587,3,1.0,94.25501122274157
115,adaptive_frontier,101,1,0.29305555555555557,24,31.913437839985615,3,1.0,95.01521173222723
116,adaptive_frontier,101,1,0.29594907407407406,24,31.886355319950457,3,1.0,95.62898798633697
117,adaptive_frontier,101,1,0.29791666666666666,24,31.865360006564686,3,1.0,96.2728721300377
118,adaptive_frontier,101,1,0.29976851851851855,24,31.828363656998732,3,1.0,97.10897705667462
119,adaptive_frontier,101,1,0.3019675925925926,24,31.792504953814646,3,1.0,98.28551299956187
120,adaptive_frontier,101,1,0.3033564814814815,24,31.382781629796174,4,0.25,99.01754859671573
121,adaptive_frontier,101,1,0.30486111111111114,24,30.95949979612489,4,0.25,99.77812632956613
122,adaptive_frontier,101,1,0.30625,24,30.536523933192655,4,0.25,100.79967402076049
123,adaptive_frontier,101,1,0.3079861111111111,24,30.142759747432624,4,0.25,101.58495690784804
124,adaptive_frontier,101,1,0.30960648148148145,24,29.73424946383028,4,0.25,102.19221286114416
125,adaptive_frontier,101,1,0.3121527777777778,24,29.331628557301144,4,0.25,103.27393252141158
126,adaptive_frontier,101,1,0.3140046296296296,24,28.90655498056405,4,0.25,104.19153869116654
127,adaptive_frontier,101,1,0.3158564814814815,24,28.520175161021374,4,0.25,104.84296871603271
128,adaptive_frontier,101,1,0.31747685185185187,24,28.115075470568073,4,0.25,105.82164121687909
129,adaptive_frontier,101,1,0.3193287037037037,24,27.69208682007884,4,0.25,106.75991089677187
130,adaptive_frontier,101,1,0.3211805555555556,24,27.292768346239956,4,0.25,107.55638232990168
131,adaptive_frontier,101,1,0.32337962962962963,24,26.882439200321546,4,0.25,108.56735358402454
132,adaptive_frontier,101,1,0.325,24,26.46963566988165,4,0.25,108.82698156510985
133,adaptive_frontier,101,1,0.3266203703703704,24,26.064925309375937,4,0.25,109.41894625445383
134,adaptive_frontier,101,1,0.3282407407407407,24,25.66938614107561,4,0.25,110.31512698793671
135,adaptive_frontier,101,1,0.3300925925925926,24,25.243684891194444,4,0.25,111.16262272087108
136,adaptive_frontier,101,1,0.331712962962963,24,24.845231033286836,4,0.25,111.85939652422944
137,adaptive_frontier,101,1,0.3333333333333333,24,24.41432828408327,4,0.25,112.46958578215906
138,adaptive_frontier,101,1,0.3349537037037037,24,24.00197506218206,4,0.25,113.28157631115373
139,adaptive_frontier,101,1,0.3372685185185185,24,23.60239445828377,4,0.25,114.4203588704905
140,adaptive_frontier,101,1,0.33819444444444446,24,23.191753822035633,4,0.25,115.22334905149349
141,adaptive_frontier,101,1,0.33946759259259257,24,22.7956613557915,4,0.25,116.04601253974853
142,adaptive_frontier,101,1,0.34155092592592595,24,22.39641207926878,4,0.25,116.61869116680768
143,adaptive_frontier,101,1,0.34270833333333334,24,21.960580569499076,4,0.25,117.73626727533784
144,adaptive_frontier,101,1,0.34421296296296294,24,21.555592406203846,4,0.25,117.97368052029888
145,adaptive_frontier,101,1,0.3451388888888889,24,21.166039742433572,4,0.25,118.75708136956233
146,adaptive_frontier,101,1,0.3457175925925926,24,20.756040274014786,4,0.25,119.0
147,adaptive_frontier,101,1,0.34629629629629627,24,20.34300267445872,4,0.25,119.0
148,adaptive_frontier,101,1,0.34699074074074077,24,19.918798539854386,4,0.25,119.0
149,adaptive_frontier,101,1,0.34814814814814815,24,19.500096218219173,4,0.25,119.0
150,adaptive_frontier,101,1,0.34872685185185187,24,19.08341592473635,4,0.25,119.0
151,adaptive_frontier,101,1,0.34965277777777776,24,18.6582711195867,4,0.25,119.0
152,adaptive_frontier,101,1,0.3505787037037037,24,18.225644275671268,4,0.25,119.0
153,adaptive_frontier,101,1,0.3511574074074074,24,17.820063926952944,4,0.25,119.0
154,adaptive_frontier,101,1,0.35173611111111114,24,17.402219807104267,4,0.25,119.0
155,adaptive_frontier,101,1,0.3519675925925926,24,17.00262127216647,4,0.25,119.0
156,adaptive_frontier,101,1,0.35208333333333336,24,16.593724125470292,4,0.25,119.0
157,adaptive_frontier,101,1,0.35208333333333336,24,16.1815086096433,4,0.25,119.0
158,adaptive_frontier,101,1,0.35208333333333336,24,15.760558318902445,4,0.25,119.0
159,adaptive_frontier,101,1,0.35208333333333336,24,15.346200720578205,4,0.25,119.0
160,adaptive_frontier,101,1,0.35208333333333336,24,14.923180371238713,5,0.2,119.0
161,adaptive_frontier,101,1,0.35208333333333336,24,14.5192828979882,5,0.2,119.0
162,adaptive_frontier,101,1,0.35208333333333336,24,14.108466446202236,5,0.2,119.0
163,adaptive_frontier,101,1,0.35208333333333336,24,13.692163027158315,5,0.2,119.0
164,adaptive_frontier,101,1,0.35208333333333336,24,13.301281385746108,5,0.2,119.0
165,adaptive_frontier,101,1,0.35208333333333336,24,12.906567451437953,5,0.2,119.0
166,adaptive_frontier,101,1,0.35208333333333336,24,12.491325388765382,5,0.2,119.0
167,adaptive_frontier,101,1,0.35208333333333336,24,12.06526474715371,5,0.2,119.0
168,adaptive_frontier,101,1,0.35208333333333336,24,11.628267677924518,5,0.2,119.0
169,adaptive_frontier,101,1,0.35208333333333336,24,11.209537986610522,5,0.2,119.0
170,adaptive_frontier,101,1,0.35208333333333336,24,10.801679419584323,5,0.2,119.0
171,adaptive_frontier,101,1,0.35208333333333336,24,10.360232035562502,5,0.2,119.0
172,adaptive_frontier,101,1,0.35208333333333336,24,9.95053552132884,5,0.2,119.0
173,adaptive_frontier,101,1,0.35208333333333336,24,9.544436452532478,5,0.2,119.0
174,adaptive_frontier,101,1,0.35208333333333336,24,9.147000160311539,5,0.2,119.0
175,adaptive_frontier,101,1,0.35208333333333336,24,8.75842406924408,5,0.2,119.0
176,adaptive_frontier,101,1,0.35208333333333336,24,8.363105604925346,5,0.2,119.0
177,adaptive_frontier,101,1,0.35208333333333336,24,7.959259747414421,5,0.2,119.0
178,adaptive_frontier,101,1,0.35208333333333336,24,7.5536123209958275,5,0.2,119.0
179,adaptive_frontier,101,1,0.35208333333333336,24,7.155899674902185,5,0.2,119.0
180,adaptive_frontier,101,1,0.35208333333333336,24,6.751798887746152,5,0.2,119.0
181,adaptive_frontier,101,1,0.3523148148148148,24,6.353150949243531,5,0.2,119.0
182,adaptive_frontier,101,1,0.3523148148148148,24,5.93684689406845,5,0.2,119.0
183,adaptive_frontier,101,1,0.3523148148148148,24,5.553793796670708,5,0.2,119.0
184,adaptive_frontier,101,1,0.3523148148148148,24,5.129466789931349,5,0.2,119.0
185,adaptive_frontier,101,1,0.3523148148148148,24,4.711248109068223,5,0.2,119.0
186,adaptive_frontier,101,1,0.3523148148148148,24,4.295789152845317,5,0.2,119.0
187,adaptive_frontier,101,1,0.3523148148148148,24,3.909090932487524,5,0.2,119.0
188,adaptive_frontier,101,1,0.3523148148148148,24,3.51451814385038,5,0.2,119.0
189,adaptive_frontier,101,1,0.3523148148148148,24,3.1077354120209866,5,0.2,119.0
190,adaptive_frontier,101,1,0.3523148148148148,24,2.686359674046338,5,0.2,119.0
191,adaptive_frontier,101,1,0.3523148148148148,23,2.3527884238412353,5,0.2,119.0
192,adaptive_frontier,101,1,0.3523148148148148,23,1.9451441646346546,5,0.2,119.0
193,adaptive_frontier,101,1,0.3524305555555556,22,1.6432852817017918,5,0.2,119.0
194,adaptive_frontier,101,1,0.352662037037037,22,1.2359053406385305,5,0.2,119.0
195,adaptive_frontier,101,1,0.352662037037037,20,0.9349740688849055,5,0.2,119.0
196,adaptive_frontier,101,1,0.352662037037037,16,0.7233825320120938,5,0.2,119.0
197,adaptive_frontier,101,1,0.352662037037037,10,0.6074066954994491,5,0.2,119.0
198,adaptive_frontier,101,1,0.352662037037037,6,0.4173316544531575,5,0.2,119.0
199,adaptive_frontier,101,1,0.352662037037037,2,0.2919611749081099,5,0.2,119.0
200,adaptive_frontier,101,1,0.352662037037037,0,0.0,5,0.2,119.0
201,adaptive_frontier,101,1,0.352662037037037,0,0.0,5,0.2,119.0
202,adaptive_frontier,101,1,0.352662037037037,0,0.0,5,0.2,119.0
203,adaptive_frontier,101,1,0.352662037037037,0,0.0,5,0.2,119.0
204,adaptive_frontier,101,1,0.352662037037037,0,0.0,5,0.2,119.0
205,adaptive_frontier,101,1,0.352662037037037,0,0.0,5,0.2,119.0
206,adaptive_frontier,101,1,0.352662037037037,0,0.0,5,0.2,119.0
207,adaptive_frontier,101,1,0.352662037037037,0,0.0,5,0.2,119.0
208,adaptive_frontier,101,1,0.352662037037037,0,0.0,5,0.2,119.0
209,adaptive_frontier,101,1,0.352662037037037,0,0.0,5,0.2,119.0
210,adaptive_frontier,101,1,0.352662037037037,0,0.0,5,0.2,119.0
211,adaptive_frontier,101,1,0.352662037037037,0,0.0,5,0.2,119.0
212,adaptive_frontier,101,1,0.352662037037037,0,0.0,5,0.2,119.0
213,adaptive_frontier,101,1,0.352662037037037,0,0.0,5,0.2,119.0
214,adaptive_frontier,101,1,0.352662037037037,0,0.0,5,0.2,119.0
215,adaptive_frontier,101,1,0.352662037037037,0,0.0,5,0.2,119.0
216,adaptive_frontier,101,1,0.352662037037037,0,0.0,5,0.2,119.0
217,adaptive_frontier,101,1,0.352662037037037,0,0.0,5,0.2,119.0
218,adaptive_frontier,101,1,0.352662037037037,0,0.0,5,0.2,119.0
219,adaptive_frontier,101,1,0.352662037037037,0,0.0,5,0.2,119.0
220,adaptive_frontier,101,1,0.352662037037037,0,0.0,5,0.2,119.0
221,adaptive_frontier,101,1,0.352662037037037,0,0.0,5,0.2,119.0
222,adaptive_frontier,101,1,0.352662037037037,0,0.0,5,0.2,119.0
223,adaptive_frontier,101,1,0.352662037037037,0,0.0,5,0.2,119.0
224,adaptive_frontier,101,1,0.352662037037037,0,0.0,5,0.2,119.0
225,adaptive_frontier,101,1,0.352662037037037,0,0.0,5,0.2,119.0
226,adaptive_frontier,101,1,0.352662037037037,0,0.0,5,0.2,119.0
227,adaptive_frontier,101,1,0.352662037037037,0,0.0,5,0.2,119.0
228,adaptive_frontier,101,1,0.352662037037037,0,0.0,5,0.2,119.0
229,adaptive_frontier,101,1,0.352662037037037,0,0.0,5,0.2,119.0
230,adaptive_frontier,101,1,0.352662037037037,0,0.0,5,0.2,119.0
231,adaptive_frontier,101,1,0.352662037037037,0,0.0,5,0.2,119.0
232,adaptive_frontier,101,1,0.352662037037037,0,0.0,5,0.2,119.0
233,adaptive_frontier,101,1,0.352662037037037,0,0.0,5,0.2,119.0
234,adaptive_frontier,101,1,0.352662037037037,0,0.0,5,0.2,119.0
235,adaptive_frontier,101,1,0.352662037037037,0,0.0,5,0.2,119.0
236,adaptive_frontier,101,1,0.352662037037037,0,0.0,5,0.2,119.0
237,adaptive_frontier,101,1,0.352662037037037,0,0.0,5,0.2,119.0
238,adaptive_frontier,101,1,0.352662037037037,0,0.0,5,0.2,119.0
239,adaptive_frontier,101,1,0.352662037037037,0,0.0,5,0.2,119.0
